0,0.0,0.0,-0.024800706095068403,-0.3030045307265793,-0.10609052095181525,-0.564907811712241,-0.20673030216306443,-0.7733621989968174,-0.28485775968902954,-0.9243993841774648,-0.2991395734754343,-0.5674303314584181,-0.5500386815174129,-0.7589512902263822,-0.6872540594923053,-0.8538116750346649,-0.8014783160827734,-0.9284268846035535,-0.3667571584296112,-0.4108168818656875,-0.6682514469631016,-0.45232495932192623,-0.8594251458613595,-0.4458211653011474,-1.0,-0.432111916895151,-0.39544067333839067,-0.23532944494982114,-0.5574905814216345,-0.19399217876066185,-0.47976694503203227,-0.17222943279196748,-0.38939895292129545,-0.16215833283693462,-0.40353269269399433,-0.06305867169717436,-0.5060068628922951,-0.051895619846653196,-0.43919090705292685,-0.034836290836154034,-0.3619652353033253,-0.036345781384503305
0,0.0,0.0,-0.02507402776125233,-0.31046910065904726,-0.11160812168914253,-0.5709639435974686,-0.21755986389518103,-0.7767527012556096,-0.2867310148818811,-0.928721012809029,-0.31150926834305775,-0.5660192184075257,-0.5601671527018542,-0.7482960706356173,-0.7014737454941657,-0.8410367478521286,-0.8139149367331102,-0.9118753475020634,-0.38078237821245314,-0.41181697838022696,-0.6810633544434991,-0.4504829670670938,-0.8668542335947222,-0.44251651733899666,-1.0,-0.4262682001282624,-0.4101785271973917,-0.23910854636191997,-0.5680241603265079,-0.2002292858837272,-0.4878696991670427,-0.1774554130999766,-0.4010226195313558,-0.16737869512086523,-0.41532960219946824,-0.06581099779020491,-0.5248573885205897,-0.06375198960131645,-0.4535677377400524,-0.04834123187283314,-0.37873702690143024,-0.047737710119484585
0,0.0,0.0,-0.020744129672787943,-0.31382767405234946,-0.1030222318652995,-0.5751929342845066,-0.20723480186593546,-0.776907739442389,-0.27830887441596,-0.9263879484810282,-0.3154339945907324,-0.5503725885552467,-0.5643629895368455,-0.7372113467430299,-0.7022278625911365,-0.8312387073122375,-0.8097941036738877,-0.9032917600320217,-0.3855997890161193,-0.38637208728148764,-0.6924762175528114,-0.42396612287192453,-0.8719329714685451,-0.4166581874090506,-1.0,-0.39948020903863923,-0.4145709807383688,-0.20861255653357974,-0.5693379445531369,-0.2022430130293769,-0.4881014817502684,-0.18436961083948392,-0.4033875257650971,-0.1667083147849573,-0.4178286990449613,-0.033856740448677425,-0.5173769915344588,-0.05625002338030593,-0.4465067952521145,-0.04512735720244352,-0.37688940928254255,-0.03843722294337477
0,0.0,0.0,-0.03541861959612534,-0.306004348168009,-0.127721901525386,-0.5699443728907687,-0.22847767510320197,-0.7629177679404221,-0.29523704462064027,-0.9123356997334628,-0.3422489793178584,-0.4821301668237408,-0.5934106592921891,-0.6491207295967498,-0.7325471766871106,-0.7283589921795242,-0.8428804552529386,-0.7805013764159845,-0.39628849074372174,-0.2998301367526013,-0.6959353393116894,-0.30911817777892153,-0.8739900479104697,-0.27486983119671077,-1.0,-0.22782316442326847,-0.4070768494875579,-0.1183181468979667,-0.5584158430095758,-0.12935898804046844,-0.46913335191709366,-0.13793403173000113,-0.37710936626917935,-0.1344448077615573,-0.3961236483508652,0.046674871594794366,-0.48088952986265715,0.0006595495303701413,-0.4084582143429798,-0.005642432735395747,-0.3373850489749269,-0.007838111813170944
0,0.0,0.0,-0.042463117712488986,-0.3163583321278923,-0.14315855900178323,-0.5717521455004659,-0.26665796209809983,-0.7479521601872108,-0.35140366925911043,-0.8896831463224099,-0.35344564057460426,-0.4723994163923384,-0.61858390547122,-0.6021483926385216,-0.7619136031412981,-0.654760777462065,-0.8747698995428419,-0.6885046812006388,-0.40639481070707995,-0.28793407724324305,-0.7190291937588243,-0.241099837001934,-0.8869452819540563,-0.18227118551883406,-1.0,-0.12733744461799448,-0.4085099500039463,-0.10631520288037363,-0.5418273269300424,-0.07901716798987625,-0.450534591314748,-0.0892163948363956,-0.36336123076694127,-0.09867703254407285,-0.38620399109193115,0.06206097550281063,-0.45391431427029866,0.043135271032893614,-0.37752641023090344,0.04050388113622257,-0.3084540641934767,0.03184702825054737
0,0.0,0.0,-0.04946884936908152,-0.3194189440576465,-0.16094810467818185,-0.564890627845959,-0.2905757342774744,-0.743492544857215,-0.37902052138058173,-0.8835081142022867,-0.3610081293510313,-0.4823775544793412,-0.6310341459832837,-0.6022657888236483,-0.7760386424871316,-0.6523093993861372,-0.890383505619115,-0.6866393062516553,-0.4038621457109627,-0.3013071049750973,-0.7121148609897726,-0.23581569573906805,-0.88243103845892,-0.17697137742722988,-1.0,-0.12886858838294457,-0.4022633293804021,-0.11712136069232258,-0.5408583029200007,-0.0773147370908636,-0.4527633627076403,-0.0870475381864208,-0.36802859227528084,-0.09524889030990054,-0.37962255031432757,0.05475861277420564,-0.4643111616306893,0.04616499727500817,-0.39349416666399334,0.0415152237754735,-0.32467662776825484,0.03347783453507434
0,0.0,0.0,-0.04134156661799853,-0.3157926551413081,-0.1475297284575539,-0.5666770155010755,-0.2765166824879838,-0.7437912358725891,-0.36018557796928685,-0.8844555022773397,-0.3515630197517281,-0.48521857382093037,-0.623188983784998,-0.6125090582107628,-0.766368446165435,-0.6698991274788022,-0.878238511541931,-0.7104402093707504,-0.400140424621737,-0.305719173647957,-0.7106131469780093,-0.2557786556005674,-0.8815654591198387,-0.2066488161195734,-1.0,-0.16241613330824814,-0.4020958535749619,-0.12349891229935124,-0.5365851564808145,-0.08796282717756525,-0.4477492358196527,-0.09608141623560433,-0.3622343610393568,-0.10366491809517542,-0.3824691341244707,0.049113207425694055,-0.45504766782816836,0.03819900236282489,-0.38271915147188323,0.03472415468026036,-0.3137376126955876,0.025701890617589346
0,0.0,0.0,-0.040764718992018105,-0.3058172937349792,-0.14348268215856128,-0.5553225403247894,-0.2690521771915778,-0.7266400645075296,-0.34913611977359554,-0.8670276271446229,-0.3506101646465834,-0.46825147159140285,-0.6193804158123386,-0.5951834901264331,-0.7638064795522443,-0.6507807298922061,-0.8761641715915991,-0.6911743057616223,-0.4007872873488194,-0.2909235700328337,-0.7050265982930628,-0.25438827673073583,-0.8777831942468534,-0.20285933657809965,-1.0,-0.15296003591523447,-0.4072858606782248,-0.1119282009354591,-0.5500476686948091,-0.08485545135196912,-0.4689951853101552,-0.09146037146073546,-0.3840248223375343,-0.0931640611408333,-0.39302218811353484,0.05752789774007741,-0.46898019683789627,0.03646552553241641,-0.40119429574432663,0.029691806676543593,-0.3316688396977539,0.0226104672709757
0,0.0,0.0,-0.047933048250014404,-0.31387415152483983,-0.14052086669407418,-0.5609341095966562,-0.26121417726128243,-0.7281568789210366,-0.3430645269268744,-0.8659460303996274,-0.3507356389652049,-0.46487495772334597,-0.6291420016600198,-0.582352449325941,-0.7766405196303338,-0.637791212079112,-0.894880708172534,-0.6798333239766806,-0.4070988329033394,-0.27851772670520875,-0.7118325268448167,-0.24906670823279511,-0.879386640733017,-0.19668257969235142,-1.0,-0.13961749942555038,-0.41407117240934666,-0.09359558947232782,-0.5579763693995511,-0.0740305080607487,-0.477607087806401,-0.0877116133705316,-0.3917531287013537,-0.09068418989138986,-0.39899838329862214,0.08636517119881251,-0.4828930318458026,0.057960021968749026,-0.41975000428146997,0.042800412889395116,-0.350620977993977,0.027474307287922765
0,0.0,0.0,-0.057770506033109306,-0.31361362514077373,-0.14827007335404965,-0.5509770810514252,-0.2671209870725043,-0.7122509478217621,-0.3573875801858009,-0.841054633250157,-0.36580126714547334,-0.45329452677402404,-0.6375391535956544,-0.5504018317131305,-0.7800963019203782,-0.6020351618940075,-0.8928317757656077,-0.6414115291536259,-0.4205622716280532,-0.2699179196201722,-0.7105166828518386,-0.22546988307107912,-0.8812088824033854,-0.16347230578991476,-1.0,-0.10107780291659577,-0.4231184227592912,-0.08753442491124179,-0.5540007775270205,-0.049442875806648794,-0.4807737724628035,-0.06209108635003585,-0.39722812149507336,-0.07339982827689402,-0.40008609222052455,0.08913951606306593,-0.4710898171462984,0.09645416094951273,-0.41238084912977124,0.08898159752170803,-0.34705615884972846,0.07039902111796746
0,0.0,0.0,-0.05907574390404008,-0.30624787701592315,-0.15445668626237408,-0.5427854662507181,-0.27582851081653875,-0.7033698920742623,-0.36622838550403897,-0.8223966223974559,-0.3607692339752473,-0.416959803445538,-0.6321399992081139,-0.508247076794195,-0.7786713992279806,-0.5437907795284943,-0.895271502312099,-0.5668150411120859,-0.4017422188509177,-0.23494027164471268,-0.7016927780683676,-0.16968104356693278,-0.8781892517440596,-0.09840469685697634,-1.0,-0.03420201152958354,-0.401734230526375,-0.05646408275626372,-0.5781756542264141,-0.0118301876700558,-0.5022297845027893,-0.02944704817515409,-0.4153267120542428,-0.04668515790139073,-0.38060389649632087,0.10532935862089565,-0.4855640555959603,0.1141024492203048,-0.4211567996965826,0.09943484340452667,-0.35212899268616793,0.0762242454680151
0,0.0,0.0,-0.06942878435539854,-0.2979171123179155,-0.1745078285110993,-0.5274839738060572,-0.30413765620795064,-0.6757343757547319,-0.3978184365059102,-0.794306474651357,-0.3851896576708368,-0.39099272697161863,-0.6569849364127547,-0.44835045784196687,-0.8055234303300465,-0.46454502170177825,-0.926834128030141,-0.4722672665419993,-0.415919410153258,-0.20612393819995997,-0.7018637135227265,-0.10319523319923543,-0.875238495297373,-0.0071177692366080365,-1.0,0.07582804877207268,-0.4026178416908756,-0.026642124221116625,-0.5767177699266487,0.05931468613501335,-0.5011333917567745,0.041005492723521414,-0.4137362940677206,0.015320282364631278,-0.3683485257281654,0.140928553191783,-0.4931500527881092,0.17555255004519765,-0.43233944479329833,0.1554891008080376,-0.36272831719788295,0.11949226809459076
0,0.0,0.0,-0.08009867679283714,-0.2911550233524448,-0.19898620644323378,-0.5032889848739178,-0.332351629513248,-0.6365055538518894,-0.4304980550499262,-0.741067795366034,-0.39161959987235717,-0.3535704137402046,-0.667515117940439,-0.39633604092617936,-0.8201971302192819,-0.40208047891118603,-0.9427020018658767,-0.40609749329197475,-0.41515355118035924,-0.17042992147989272,-0.7050929327811238,-0.048042018799095317,-0.8766578453992534,0.05461529955777717,-1.0,0.14720101022992502,-0.398048971291195,0.008141960766460461,-0.5897010019176261,0.11257512719735623,-0.5258680874815328,0.08012118394077483,-0.4398791025138353,0.04738487828279328,-0.3626909239158652,0.177190761804722,-0.5176442825407535,0.23445099226257113,-0.4668186240169854,0.219390811644414,-0.39853116988489046,0.1857786028125239
0,0.0,0.0,-0.08653501655855098,-0.2788047629159873,-0.20611554814546118,-0.4847644335612498,-0.34246372629284333,-0.6107519080830895,-0.44645247358537304,-0.7141907065079028,-0.40540536132765054,-0.3287375793700592,-0.6865012488225498,-0.35469667663332755,-0.8366578902598365,-0.3574739742084539,-0.9584028530389331,-0.35671896402577336,-0.4306747693210419,-0.14631352287098887,-0.7110555602002168,-0.009845003173343162,-0.8786818119626367,0.10474779174971979,-1.0,0.2072219693886117,-0.40723237266670864,0.029585995882979946,-0.5494506777323669,0.14399905100129834,-0.4754378775801975,0.11303814003121326,-0.3941503362954064,0.07215960894661316,-0.3606907501982374,0.19582213965216314,-0.4786246111002291,0.26260071308806204,-0.41674922623473265,0.24582877474619694,-0.3477501709416529,0.20603142923015572
0,0.0,0.0,-0.08467154095429036,-0.2846380105575626,-0.21422938401259575,-0.4927496591423438,-0.3566546035915706,-0.6203196286803602,-0.45958129350968147,-0.723248054126252,-0.41021785038917474,-0.3257089283879585,-0.6980059306455331,-0.3422618717042327,-0.8567414667570067,-0.33652716725767173,-0.9836749314813632,-0.3279498418587086,-0.427754577628075,-0.13828615937421032,-0.713716622329717,0.01004749098219765,-0.8812813089211682,0.1283280480727311,-1.0,0.23320269437216937,-0.40447360053981857,0.04049437550156753,-0.5928361578469459,0.16489249446713744,-0.5247944440896254,0.13527762196595033,-0.43576221603294446,0.09954050166471824,-0.3638704074463861,0.20571766156375218,-0.5161470901447014,0.2862274068993477,-0.4695222230861294,0.2763942535980962,-0.4020447294103926,0.23924042196928255
0,0.0,0.0,-0.08866650237314307,-0.285215111790859,-0.22132859905392152,-0.49185628445618285,-0.3649707204236458,-0.6170291187380046,-0.4710925890750335,-0.7128962037225872,-0.4153287585102015,-0.31744411104894676,-0.6991457341428461,-0.32512202594818396,-0.8582723905424632,-0.3162050856533315,-0.9855329273331127,-0.3044111947292012,-0.42972059476328645,-0.12739140150581665,-0.7159220723511708,0.026848256791295655,-0.8820991840520225,0.1481856751768466,-1.0,0.25452159185739875,-0.40578876396419367,0.04857404537213563,-0.6024579589544332,0.18107651301421518,-0.5415910955328833,0.15253107475519445,-0.45639350147419316,0.11679801078722599,-0.3650311859686075,0.21007319699735014,-0.5216241632756293,0.2915076746756736,-0.47763832983453774,0.2777175569743076,-0.4107635234862429,0.23602708199931224
0,0.0,0.0,-0.09006020107771134,-0.2744428938620706,-0.2205259190596001,-0.47947476002757095,-0.36103228040867463,-0.6065224625058996,-0.4642654993158197,-0.7022873353638039,-0.4083441987280697,-0.3154098460848927,-0.6896508812853762,-0.32223891644850994,-0.8464016019666365,-0.3117712970225423,-0.9710338762635266,-0.3027265349916642,-0.4192783510405313,-0.12885882796345152,-0.7103615969413913,0.026536689382132536,-0.8789198609229474,0.14518357423950726,-1.0,0.2452139633904106,-0.3948941982187544,0.048103988618499016,-0.5980430405448995,0.1817145592894032,-0.5400919484029567,0.15841236210286133,-0.4560308033940777,0.12570277033611418,-0.3542088125142184,0.2085654962599274,-0.5083637224842367,0.2867016057016159,-0.46231728310804615,0.26972646368751124,-0.3952278846774166,0.22492844118935326
0,0.0,0.0,-0.08296156985991865,-0.2735595730680737,-0.2089377543116533,-0.4803669803282345,-0.3496445996224471,-0.600100873937564,-0.4509254526776909,-0.6971911965421196,-0.39999430604694447,-0.31838193352495114,-0.6809780021367485,-0.32936182915378087,-0.8349622868263152,-0.3205613024799692,-0.9589145068110123,-0.31185460810946947,-0.41718878082357475,-0.13151784953206824,-0.70958320937474,0.017462579104674737,-0.8772749279748631,0.12987906919702796,-1.0,0.22543876288256878,-0.3976542261092343,0.04410623636104514,-0.5699355572543826,0.15686773283972263,-0.5036540691043748,0.12410610833133147,-0.4222032498658215,0.08613114757412331,-0.36037365808856353,0.20400844187501538,-0.49223600862650735,0.25823020483743425,-0.4371443174516966,0.24044586684707625,-0.36917671166461874,0.19871222323260876
0,0.0,0.0,-0.08264421643308303,-0.2846417631272195,-0.21004076418444523,-0.4998893640380601,-0.3549965775705495,-0.6246499634037247,-0.4538321891349725,-0.7293873173574779,-0.4148327584103662,-0.33103042234812546,-0.6849782455474531,-0.3545255699531025,-0.8385855200737348,-0.3500249057984765,-0.9619925655344411,-0.34103865651007076,-0.4289576499769579,-0.13944214399956625,-0.710049828539673,0.006813853723332159,-0.8786208287023232,0.11814073978692835,-1.0,0.21031709994849412,-0.4044866864105831,0.03599582531377918,-0.5763505042153487,0.12842768169372984,-0.5148178488167204,0.10562532191168099,-0.43285261188972324,0.08241091517796634,-0.3637873078695546,0.19197762205535526,-0.4940319268616661,0.22873959716988804,-0.44007537816151154,0.2095028328227927,-0.3704540140692347,0.17570261460055844
0,0.0,0.0,-0.07688620762647796,-0.28850853938398163,-0.20348799311876514,-0.5045232023277927,-0.3479070697296226,-0.6347912277695459,-0.4431714327954009,-0.7442215099068951,-0.4042296242536649,-0.33369301897379555,-0.681214867230471,-0.36198016941008865,-0.8337638305092718,-0.3583922169470568,-0.9549097677919233,-0.3480026611025432,-0.4252236065331411,-0.144706354726313,-0.7093993703401306,-0.006672580227873705,-0.8791395768443759,0.10734491181737847,-1.0,0.2002086546312256,-0.4008696462951203,0.02915654473306655,-0.5348382674609654,0.11616384596517047,-0.4644582371539643,0.08952745269991029,-0.38491957892756223,0.05517923802419856,-0.3596160889184567,0.1845805571515451,-0.4451019921309316,0.211284485973772,-0.3830520191787542,0.19204138820849334,-0.3150271654217948,0.15200002687982367
0,0.0,0.0,-0.07901238050714943,-0.28376646972847785,-0.2039808112886152,-0.4960195917226852,-0.343824725011956,-0.6304767556515618,-0.44414229791670023,-0.7392657940128641,-0.40322330117303157,-0.33705279179361525,-0.6831077645500513,-0.3711052316240281,-0.8336006641626231,-0.36842671776849956,-0.9550361971316342,-0.3578622802916727,-0.42499212448750395,-0.14244635919591186,-0.7139803612593297,-0.011644675683372829,-0.8820167625833562,0.09534055126572416,-1.0,0.18436054196959684,-0.40113083291688834,0.035524606526633674,-0.5249238140720799,0.09949291103122532,-0.45037595916689505,0.06345614431028646,-0.3712983412054874,0.028639494301420213,-0.36238138034057144,0.19201339072214252,-0.4353551402748,0.1924629162435048,-0.3683696245009377,0.16641612797489508,-0.30239633877667266,0.1317494317540664
0,0.0,0.0,-0.07955642236737749,-0.28181818718563817,-0.1974322963052432,-0.4925720500308579,-0.3319445244557528,-0.6269260455687994,-0.4291809109053394,-0.7342232765065141,-0.40252133040563637,-0.3311714113817663,-0.6819376882333388,-0.36984022301689035,-0.8292974598520593,-0.37176836668602964,-0.9474892929406072,-0.365765648897521,-0.42488847173359096,-0.12751035069863156,-0.7156845884218769,-0.005267054224106469,-0.8846900922345996,0.0930566331895604,-1.0,0.17560513641953843,-0.4023076826403726,0.058167522958700195,-0.5170339178690082,0.11914612081700997,-0.4409065716551241,0.08319897759465004,-0.36307940569652586,0.049648940368656684,-0.3663176074351784,0.22325879390817938,-0.4335961574778869,0.22744993384341702,-0.36499978955737294,0.20127559439920653,-0.30031503978209106,0.1680258280158263
0,0.0,0.0,-0.08179931569598099,-0.28025840112511013,-0.20828000365735774,-0.4837219058615025,-0.34189775468550065,-0.621385405154234,-0.4369826994266391,-0.7226785679651645,-0.40665890102919416,-0.3376233400705427,-0.6821038184346803,-0.3714535731521257,-0.8266800335160002,-0.37230174114023834,-0.9434589444480934,-0.3660680975888657,-0.42637579155147104,-0.1319235338420494,-0.7135730673741035,-0.022449885316409523,-0.8829002553468076,0.06724876894218751,-1.0,0.1442330525719097,-0.40460897157675635,0.05712225598342258,-0.5228331418544662,0.0933082577237642,-0.4518084444217716,0.058122976861018937,-0.3746555539927215,0.034082532091113844,-0.3716939743401476,0.22307828587270603,-0.44225693850798387,0.19554900867514172,-0.3778891537014367,0.17575184860364396,-0.3135560029643504,0.1535127014134123
0,0.0,0.0,-0.08665425195703429,-0.2785269757446517,-0.21176072567234597,-0.4797141343786188,-0.3424669431216076,-0.6152543435685826,-0.4364479315379479,-0.7127120825975163,-0.4105294301693647,-0.33459376176233785,-0.6791585023990916,-0.3662843253677951,-0.8256788109488601,-0.36877439659763717,-0.9430654643420601,-0.3641150727893772,-0.43130470626378975,-0.1343172096036253,-0.7137948455460731,-0.025899948976872054,-0.8829448592132717,0.06572229321820157,-1.0,0.1437029374836249,-0.4096677566399334,0.057530723651836584,-0.5249959047013056,0.10439941209171978,-0.45352018265275224,0.07703487736220961,-0.3776622074494415,0.05316596969624793,-0.37282538019035566,0.23098667452186275,-0.44561961828737606,0.21933204584595747,-0.3803112297383983,0.2026348933059244,-0.3166971039311465,0.17853833402114908
0,0.0,0.0,-0.08365891154901334,-0.2757546977099249,-0.2056303342375138,-0.48037765608100025,-0.3377529935209894,-0.6162028163878844,-0.4343280132363557,-0.7184994022317225,-0.41040027280044467,-0.3396158819991585,-0.6790197576861444,-0.37236723562487334,-0.8221899397511429,-0.3773347754645624,-0.9378618858225967,-0.3750034384900919,-0.43263106751078545,-0.1409320302066268,-0.7147716720502435,-0.03780011507751455,-0.8838246101484696,0.050124802948067815,-1.0,0.126837232052099,-0.40998822368008775,0.049079827497666303,-0.517618985999445,0.09253387828314766,-0.44409796400694374,0.06403013826392466,-0.3680254602897121,0.039482167461385144,-0.37378918352747575,0.21998702732968894,-0.4388874917903506,0.20855838149254072,-0.371840678680629,0.19205981426456598,-0.3085781578970927,0.16864259804986748
0,0.0,0.0,-0.08080265056238121,-0.27808963044641255,-0.20231499103355452,-0.4893205448668898,-0.3365927441770425,-0.6253683698335027,-0.42891524975899814,-0.7299397855116367,-0.40074689313645084,-0.33955163848547515,-0.6742323911698497,-0.37649162804751235,-0.8190693437817602,-0.38424047470494443,-0.9363099512502665,-0.3845251315536476,-0.4234458651671578,-0.14324959418822603,-0.7095439015744581,-0.034167487446322316,-0.880769001866538,0.055795521878519376,-1.0,0.13442817491304968,-0.40278290083804547,0.04174155054760064,-0.5137904879813006,0.09177215810766798,-0.4399410837169088,0.0599707069953971,-0.3625884054900022,0.033556480758439644,-0.36908335589659874,0.20855945649344618,-0.4398504219003632,0.19964647614114533,-0.3742397160560197,0.1765183115614172,-0.3096252274311755,0.14839663473801107
0,0.0,0.0,-0.07979151929299025,-0.2825485559886627,-0.20245233561283832,-0.4942720954861253,-0.33680922155486753,-0.6273680770530808,-0.43198403230831556,-0.7286080362531381,-0.40343278272336797,-0.34644964766215314,-0.6763497036100465,-0.3842398405618114,-0.8207409978694313,-0.38933201021982594,-0.9349613199799307,-0.386946018469015,-0.4282748732824977,-0.15048507396179236,-0.7177625972081542,-0.03351824823169735,-0.8850986572586242,0.05114784317524014,-1.0,0.12208835250673096,-0.4060805689990279,0.03465607853255055,-0.5131258177550402,0.08153859045666208,-0.4371116885932351,0.04640715242643441,-0.35844719231017697,0.016849211757332446,-0.3693498132153328,0.20228538716353536,-0.4237211325363413,0.18954681722459574,-0.35581343938242943,0.16742897049182126,-0.2908640404895961,0.13786715855432966
0,0.0,0.0,-0.08171277395228246,-0.28902680401900993,-0.20593132091741378,-0.5071481211408466,-0.3422504327232756,-0.6517460220428096,-0.4404222971634409,-0.7614394924050455,-0.4124252669962851,-0.3768637665999894,-0.6890718916577033,-0.4148172729644136,-0.8323208021071518,-0.41890427011312176,-0.9476258883906284,-0.41813755384681817,-0.44291764244693915,-0.19443575197464613,-0.7243654214036584,-0.06952520355338462,-0.8885429690210079,0.030630484645217046,-1.0,0.11301989661863733,-0.42171982172593475,-0.010535111675191756,-0.5131754392689075,0.06384752486167652,-0.42771164223314484,0.037029759620461705,-0.3455564822132661,0.0033126800250925324,-0.386025468047047,0.16258088242072102,-0.419640421229809,0.18516949830945614,-0.34333654671705227,0.16785620083599728,-0.2768258108295398,0.13090083258497232
0,0.0,0.0,-0.08057825466188978,-0.2948650538756816,-0.20363721445500924,-0.5067796232224838,-0.34445598520656706,-0.6503947845522123,-0.4425216992540589,-0.7602845641696178,-0.4042309748166495,-0.3797285436082455,-0.6898517489640783,-0.4200937774896537,-0.8345046093746465,-0.4226700892531087,-0.9497254023952073,-0.4201697224550842,-0.4374904260868048,-0.19430438612876516,-0.7274602613928759,-0.06840540779861076,-0.8907363623848141,0.03261238400618418,-1.0,0.11445956593089461,-0.4187363824213582,-0.009842952274891043,-0.5259607361297024,0.0603355280889726,-0.4429314788973179,0.03089118023647,-0.36008368165680243,-0.002239245384969877,-0.3832785667795392,0.16291229229051954,-0.4263346762126795,0.1840998065503987,-0.35214339314349463,0.1657406767051907,-0.28464350786886794,0.13130819888919984
0,0.0,0.0,-0.07596625093939086,-0.2922741710726498,-0.2110038044142348,-0.5028091506007353,-0.3483706040148631,-0.6452861731163592,-0.44413378508510076,-0.7502519815053172,-0.414617206538097,-0.3750448723346466,-0.6853719671208454,-0.41890833128097144,-0.8261200989438936,-0.4256806507960526,-0.9389210759736901,-0.422828764638511,-0.4399033606608753,-0.19302131522949628,-0.7206606948738224,-0.07348426476798392,-0.8860514941300338,0.018041369285227236,-1.0,0.09634826249888413,-0.4178424748382538,-0.012612687332104659,-0.5224057775940325,0.05161584723083089,-0.44499071213898744,0.020983316671742174,-0.36432964372474247,-0.007766475190268195,-0.38362458934295507,0.15295467308565283,-0.4249498727746646,0.157440482031756,-0.3530126351630694,0.13673526303893493,-0.284422066488929,0.1070272450254229
0,0.0,0.0,-0.07689272490941383,-0.2936836286778506,-0.2072610433883715,-0.5067280836517378,-0.34802889387091934,-0.6454918460741577,-0.4445780873719821,-0.7523364682644897,-0.4059132747130826,-0.37957894775292084,-0.6864331147322548,-0.41811083215234435,-0.8303536836652053,-0.4208495989798987,-0.9450303531436938,-0.4166165406428947,-0.43859472754431555,-0.19866866869013017,-0.7273470671888825,-0.0698394275858219,-0.8896029216900884,0.02686929570812448,-1.0,0.10705362289459781,-0.42029128440858715,-0.018813874946906117,-0.5227860397376088,0.05623373584232644,-0.4402569660482644,0.026756536969500904,-0.35756574211647674,-0.006088971885673121,-0.3851816277263892,0.14890077302467933,-0.41767909323551594,0.16645937322499282,-0.3428294454993739,0.14547830708476653,-0.27450559064972774,0.11017322839147516
0,0.0,0.0,-0.08168648702582364,-0.29319692615339205,-0.2134209199569614,-0.5032378876426844,-0.3520463875234793,-0.6425793857711392,-0.4462249535211738,-0.7542806331321956,-0.4098868022519625,-0.3780814058631678,-0.6893934415246238,-0.413761570137656,-0.8333626749162086,-0.41601631487947643,-0.949119536649236,-0.4103923249454782,-0.4402155255189423,-0.1903245370945565,-0.7243670892654099,-0.06445426334798174,-0.887977834073109,0.03686917795438159,-1.0,0.12314286568606617,-0.4195752809876297,-0.0033554938236367796,-0.5248711089023642,0.0720472573774893,-0.44376401820105554,0.03665922973468014,-0.3609225761174226,-0.00022465898604763761,-0.38287551669568043,0.1717219735516411,-0.4267274317256544,0.19041168239519418,-0.3535467257911554,0.16625628425549852,-0.2848320965896126,0.12870209626821436
0,0.0,0.0,-0.07822657878065586,-0.29107548428468194,-0.2121177239443314,-0.5068174729306222,-0.35386862690270265,-0.6478533387664746,-0.451860840117764,-0.7572188236388141,-0.413108056009573,-0.3770323424738831,-0.6927201826775355,-0.4138447266779075,-0.8377298402798541,-0.4176801606177766,-0.9543173776784428,-0.4133185794703462,-0.4417072806891221,-0.1906624127151004,-0.7250358567949676,-0.06514296544896711,-0.8880330005211424,0.03664383627990838,-1.0,0.12243133932313478,-0.4207453434599854,-0.004480081316301167,-0.5302680751504177,0.06989362753233569,-0.44738527924387206,0.03758844729906795,-0.362256953570536,0.0031715746831977093,-0.3838906608305603,0.16877362334769758,-0.42977742956020615,0.18928464644651252,-0.35583130613017194,0.16695123927928648,-0.28714318372175773,0.13187244473920598
0,0.0,0.0,-0.08023612816181998,-0.29046532445750445,-0.2112783960504292,-0.5073519584078329,-0.3524743560168606,-0.6481108057144193,-0.4478267714281625,-0.7578128227960963,-0.4145602016766335,-0.3763701715161834,-0.69297978147763,-0.4088466880306894,-0.8377501036788213,-0.4110568318420482,-0.9523119467514953,-0.4077271427313525,-0.4424779226168284,-0.19233797945441128,-0.7254530637142237,-0.061019827659884306,-0.8880249324015702,0.043546156097086876,-1.0,0.1282533500448473,-0.41892946856528485,-0.007489617361474462,-0.5148143269778964,0.08207287458820567,-0.43091974535559713,0.05456647294150541,-0.3495138597298521,0.015386430312105393,-0.37822567675446034,0.16803205751581096,-0.41680293083795855,0.20684597988554052,-0.34294795214012574,0.1875242419236644,-0.2772754539895263,0.14619777075777757
0,0.0,0.0,-0.08344068090140823,-0.28247442306357634,-0.21524403572371395,-0.4914459230950347,-0.3522292619741185,-0.6284368248210928,-0.44863126986011087,-0.7329284935471463,-0.41606466085627686,-0.35271589347229493,-0.6895682649454733,-0.38475525078791817,-0.8341969785713498,-0.3891501769775465,-0.9492510318014739,-0.3854098763654384,-0.43892961177800655,-0.16038213139731508,-0.7248304005718285,-0.0365450363587186,-0.8887726767683647,0.06010847617694771,-1.0,0.14239703552069408,-0.4136807989253568,0.027534651211211368,-0.5149575539283696,0.09539663791308545,-0.4351998513349692,0.06257292986214756,-0.35645813996177,0.02903167953215919,-0.3724381713682307,0.2009961594867035,-0.425503301180953,0.21121120488077932,-0.3553194773892293,0.18887026251831557,-0.2907842923589936,0.15524258280194667
0,0.0,0.0,-0.08185708029804227,-0.28733728080869697,-0.210401796017024,-0.501650779722883,-0.34902064718263287,-0.6423732476316371,-0.4446700520032717,-0.7513075842249947,-0.40964788313167827,-0.3654015554499054,-0.6870039118659935,-0.3993026000004893,-0.8346077410421368,-0.40204327109304727,-0.9510127875694485,-0.3971334185239943,-0.4370772644501329,-0.17157312139506095,-0.7245553789584503,-0.04549866301765763,-0.8890943178046579,0.05148266815845463,-1.0,0.13131180842050152,-0.41498382491932845,0.017395041381621814,-0.5120506185836876,0.08359764456248996,-0.43237690914473087,0.05430244098154646,-0.3542338589656919,0.023139457981894675,-0.3771807001563279,0.1931613699767343,-0.4219301800828366,0.2035308729161383,-0.3517893708476688,0.18423396497832042,-0.28900820293100454,0.15198264002433398
0,0.0,0.0,-0.07766897030436111,-0.2819537010175298,-0.21356637773447362,-0.49456689374803,-0.3535712981256656,-0.6331959388912515,-0.4437872659696702,-0.7437303226589164,-0.4125373112234316,-0.3602135044303634,-0.6840928644190873,-0.39363531791793116,-0.8308169023965266,-0.39763711809244573,-0.9467563149713281,-0.39020472077584495,-0.43472734226630516,-0.17323107672737026,-0.7238432052503052,-0.03800189639406766,-0.886312736395593,0.063727915561067,-1.0,0.14872614483166646,-0.41093569010095493,0.009119296638285116,-0.5235363807256467,0.09498108835255874,-0.44404302011616176,0.05833624164173084,-0.3641663903170306,0.01891019932089591,-0.3720486703600172,0.1778867836973184,-0.4260424012860596,0.20223934115028705,-0.3549717914198225,0.17634582272786295,-0.2897790216595363,0.137084383421725
0,0.0,0.0,-0.08458565642381444,-0.2901855361630127,-0.21088751136199105,-0.504677125643059,-0.34948499093402285,-0.6434881235129248,-0.4429107283416957,-0.749927402150069,-0.411484043375322,-0.36758681489494527,-0.6890248500445196,-0.39885218035406905,-0.8372832589765226,-0.3986854048109858,-0.9531570822032417,-0.39208604445382556,-0.43692936583436875,-0.1776539013343509,-0.724101785850105,-0.03952873531206652,-0.8870281363696254,0.061786918510766065,-1.0,0.1448989566593686,-0.4134057894891994,0.00529284335851416,-0.5229122560317291,0.08697377145138208,-0.44542555369398873,0.049841783104171686,-0.3676158051748953,0.010980638564661924,-0.37062965422250754,0.17828500995685823,-0.4278455547721665,0.19644253434330258,-0.35802784011502303,0.17196675759516833,-0.29120133602845216,0.13292255083844612
0,0.0,0.0,-0.08373793247171117,-0.28373866227057454,-0.21364942814177398,-0.49385635044617066,-0.3513100903207182,-0.6311720610290245,-0.44313135609197574,-0.7384803884800438,-0.40986720498793194,-0.35790568809288553,-0.6848356310509955,-0.3917839243960813,-0.8318897776667763,-0.3937897360276967,-0.9470419833013911,-0.38777278766542617,-0.4358479634354552,-0.1683876269900703,-0.7189506465409764,-0.03749074067692088,-0.8841472685453041,0.06338676136752955,-1.0,0.14794888002228318,-0.4131116474682264,0.014101011460680261,-0.5133591709160557,0.09056301144202984,-0.4341107177855632,0.054065770284455326,-0.356284237195983,0.01613698811198196,-0.3731442127152856,0.18293916761574305,-0.4227878073314783,0.2000994959117073,-0.35242295249860833,0.17580124819932266,-0.2860573143482916,0.1372490556199986
0,0.0,0.0,-0.08603204231584753,-0.2808997461820011,-0.21573007614539969,-0.4905440527995852,-0.35284135103792014,-0.6308618589103592,-0.44863898134657143,-0.7357445800310515,-0.41336746183782497,-0.35673453338573907,-0.6886090569607882,-0.39315765105069767,-0.8340583656699051,-0.3964297704075064,-0.9483084495174575,-0.3887164433673954,-0.4394287062602016,-0.16906921686305051,-0.7233519846565861,-0.03987985548584859,-0.8859489478124088,0.05981524874018142,-1.0,0.14491755894875655,-0.4167828224503178,0.014405098578972248,-0.5168114545068525,0.08698962913875324,-0.4399321154668653,0.04976325920902001,-0.3638319797075158,0.012318262150769478,-0.3774475914335089,0.18677412756844367,-0.42300495052791975,0.19890890487727975,-0.3552287592813289,0.1741047664438775,-0.2913737670442114,0.13619676571123374
0,0.0,0.0,-0.0852886864219458,-0.28876942323345456,-0.20820483939656118,-0.49568028552442955,-0.3478301890921718,-0.6310153440524957,-0.44472252037300647,-0.7392764200636808,-0.4085821872427994,-0.35938228237005637,-0.6856399990986579,-0.395218574650661,-0.8299360355115821,-0.3980701227948933,-0.9433908522530068,-0.39121522152832927,-0.43563631105316153,-0.17297387291303232,-0.7264013316519088,-0.04066301169199584,-0.8886255651423124,0.05788626521602463,-1.0,0.14042764143897646,-0.411925339693307,0.008325418220306491,-0.5101120533594528,0.08278097759629892,-0.4312566962342543,0.04782479076623644,-0.35922730340326353,0.010528356692846116,-0.3712915081415023,0.1798300710747159,-0.41900046996236895,0.19662632188061466,-0.3503210382812638,0.1741783642553658,-0.2893278986943346,0.13803697739787396
0,0.0,0.0,-0.08704521106189456,-0.290042406989427,-0.2110111406439216,-0.4988095461307744,-0.34840713554654845,-0.6396493713304441,-0.4453590564040761,-0.7462724973960337,-0.41159219204502034,-0.36609858930004224,-0.6882061500802688,-0.4036665009352296,-0.8331265731286195,-0.40483675022419,-0.9461422667534763,-0.3965586912345742,-0.4372596867223257,-0.18038293660158314,-0.728057340922066,-0.04685280526857868,-0.8895177991037572,0.05519309436541131,-1.0,0.13809378028666583,-0.4139762516979929,0.0008612000292239049,-0.5173518551683963,0.07495996260374647,-0.44089796589984087,0.041321761011819516,-0.368165275406209,0.004171033549947985,-0.37370488640500066,0.17188876942145073,-0.4266522012647744,0.1858355870869133,-0.3592085041563246,0.16397212996361882,-0.29783038368013015,0.12787543504502227
0,0.0,0.0,-0.08413173965573928,-0.28478929645441836,-0.20916077906815037,-0.4909614879111639,-0.34779240176238085,-0.6295357150608641,-0.44461514840446015,-0.7361798522346079,-0.4080400386173944,-0.3558089676920962,-0.6841764342254294,-0.39311719703954745,-0.8282505050245217,-0.39814855156635975,-0.9415655478822732,-0.3918549773753837,-0.432672614688597,-0.17282554085654409,-0.7228421405483445,-0.04196386009956599,-0.886535117793503,0.05655969176824097,-1.0,0.13935782906577898,-0.40835016748405745,0.005209811261906159,-0.5130442227043591,0.08359122475178839,-0.4369297724515856,0.04798958841606786,-0.3633568837273985,0.00940756383244681,-0.3686358268776743,0.17183550790635685,-0.4216141652846988,0.19022893105219538,-0.3545922464567898,0.1670218384419923,-0.2917642216754194,0.13045219489726279
0,0.0,0.0,-0.08475149717744386,-0.2827593654644317,-0.21634710557392028,-0.4911545976583368,-0.3539797570985823,-0.6292541525607983,-0.4476604025259042,-0.7338019063120966,-0.4091505245763933,-0.35559310208083855,-0.6829868033995415,-0.3877142040876617,-0.8265683654537441,-0.3929300587672953,-0.94017208268736,-0.3853857488072589,-0.4325549536661805,-0.17479286446578166,-0.7241979255580229,-0.03924476823359781,-0.8863732327021231,0.061332312856209235,-1.0,0.14573590560352645,-0.4099879836585413,0.003309478776633392,-0.5178559835175292,0.08660666843942132,-0.44002596601702704,0.0508283427418538,-0.3644427315969164,0.01104568650349348,-0.37261154675821184,0.16931636061658045,-0.42740473982698574,0.190868888522711,-0.357357827761944,0.1661896871938788,-0.2918761843067187,0.1286372243702826
0,0.0,0.0,-0.0798615973887239,-0.28196348037506347,-0.2095041405464036,-0.4960000672359472,-0.3477111857261317,-0.6357960465424682,-0.44024296097413895,-0.7425188897050047,-0.4061336477691363,-0.36373855463563165,-0.683340023256203,-0.3970584919607384,-0.8290221380012968,-0.39808400178013637,-0.9438802075231045,-0.3897512698260181,-0.4333428718945902,-0.18175363472116032,-0.7212164890018719,-0.046963824231980825,-0.8849216357762475,0.05409358225611029,-1.0,0.1375961031596612,-0.41201113627700175,-0.002427767217837115,-0.5074580585474788,0.08475850779189473,-0.4253624013512486,0.0535325823218108,-0.3489030075398811,0.016502384411345647,-0.37432862037897313,0.16479272054501848,-0.4186392106952351,0.19340404044403847,-0.34598939595370515,0.17282208261245272,-0.2817683991533119,0.13686669010766075
0,0.0,0.0,-0.08173880960023296,-0.28540656715232576,-0.20620927793091354,-0.49662741023358625,-0.3425749749339016,-0.632773716830851,-0.4302149893613853,-0.7424379800199206,-0.39611698836205045,-0.34868680116875855,-0.6760460752942578,-0.3905425528042594,-0.8272290627760993,-0.39500680010986067,-0.9436471090433188,-0.38896280952081563,-0.42213956935946606,-0.15318761354198035,-0.7179559299936136,-0.02905566162918058,-0.885942799659829,0.06712965873706572,-1.0,0.1486434525365568,-0.40217007885480194,0.030453406838494908,-0.5089150929348347,0.08718501924216002,-0.43443089202219715,0.04868150667932932,-0.35928603810046955,0.015160439574984861,-0.3651352907501961,0.20093861370412408,-0.42213096581414356,0.19709167077541107,-0.35326934722254394,0.17139155727479394,-0.2880885569538155,0.13918137266256564
0,0.0,0.0,-0.07794269968224532,-0.28771253363849103,-0.205269193631194,-0.49552425440289793,-0.34354496028678727,-0.6270784445121,-0.4332698041641942,-0.7367618407080224,-0.40044492184279756,-0.3559968950968813,-0.678610123257471,-0.39588869689566825,-0.8258164858602026,-0.4006252249707997,-0.9407189597431843,-0.393566222833118,-0.4286576681067519,-0.16409641524079732,-0.7204743221083957,-0.040837474972636206,-0.886415232635111,0.05271707590606607,-1.0,0.1341004718571222,-0.40999070324749687,0.017751491847180653,-0.5058412826416816,0.07433745334279061,-0.42765943032700243,0.037835742136326796,-0.35355231443428975,0.006441776128649424,-0.37575073929179803,0.1854967396068592,-0.42075224521878385,0.18354221778560986,-0.35177997304839614,0.16104097508976387,-0.2878068887385229,0.12956538702323536
0,0.0,0.0,-0.07441225409307363,-0.28058968752574737,-0.20309940136428675,-0.49349910567363015,-0.3414207857270173,-0.6296581208084093,-0.4339308803394928,-0.7382799587845039,-0.3976360667759313,-0.3567182144853627,-0.6797362943540088,-0.394628527123742,-0.8277002862697842,-0.4025791525613448,-0.9448892095559814,-0.4005398783558575,-0.42790800501702486,-0.16050245090396062,-0.716331049455641,-0.045836154944792706,-0.8829934214737462,0.04144346803648996,-1.0,0.11877570018910678,-0.41297608641204925,0.02504688279088913,-0.5058009760286395,0.0762987263440089,-0.43217628388929064,0.041075167729277606,-0.3598246404722647,0.013431472344487492,-0.3838078181423681,0.19771046540750853,-0.42856754814738707,0.18503840728827575,-0.3630728719250453,0.16447119855489725,-0.3011457356437558,0.13537137111770609
0,0.0,0.0,-0.08048999785339725,-0.27244845597931083,-0.2055926974618978,-0.4835202649521103,-0.3412462153349211,-0.6171078105674187,-0.4368394647803821,-0.7202387840006542,-0.3942270696828139,-0.3429559741998794,-0.6706000061331507,-0.3812238906663668,-0.8185827924235145,-0.38924130881435975,-0.9381008085537008,-0.39015473939220474,-0.4186302221222746,-0.14731157427756594,-0.7060408672275093,-0.04188762023530855,-0.8783146101871633,0.044695785503276124,-1.0,0.12235880975988715,-0.4040850872440687,0.039867605720185224,-0.531112533093459,0.07578611659119484,-0.4604769546862382,0.040941315969702234,-0.3840680370851179,0.019217205532101933,-0.376509051508244,0.2072914984309356,-0.4573888724202435,0.17590186958877224,-0.39480374939946233,0.15217933332651873,-0.33136039415715174,0.13000006133150702
0,0.0,0.0,-0.07692559662154777,-0.27216022891726505,-0.20220789148289245,-0.4829907058326233,-0.3424641592518314,-0.6106569519924256,-0.43794270089188714,-0.7183592726372496,-0.3861545152034301,-0.3369585041368131,-0.6661573562584194,-0.3746558142536025,-0.813338819016567,-0.3836369059298052,-0.9339444838761076,-0.38518549488346737,-0.4154584501468921,-0.1361227467438152,-0.7088132620315222,-0.031325182611031586,-0.8778989953924211,0.052474417336822045,-1.0,0.12914405564385614,-0.4037316911618499,0.047706679343324544,-0.5317836031293085,0.07336769374809883,-0.45732162586038205,0.03583334101482616,-0.37902817483779977,0.013628504571366115,-0.3786747713000115,0.20916073984627356,-0.4589464261964364,0.17930036304929806,-0.39650379048750267,0.14893383074291447,-0.33259025863805813,0.11976264845582242
0,0.0,0.0,-0.07021435742638112,-0.2902990631835801,-0.20113794272720623,-0.5034088415789578,-0.3457404440071009,-0.6331156958305353,-0.43897669926796673,-0.7487114618724361,-0.388365258671702,-0.365024966257322,-0.6759966556518154,-0.40353649860707563,-0.824900267946783,-0.4116305858260806,-0.944846263039966,-0.4114535614316204,-0.41778031355757533,-0.16722505535128954,-0.7127304641529757,-0.05076893413030325,-0.8788312068243319,0.03806656117231704,-1.0,0.11822835980665279,-0.40552282866698136,0.012981622706993877,-0.543846615426554,0.04775602880261697,-0.46981725763448867,0.004336349673876186,-0.39075965904935406,-0.020352984980352786,-0.37678088203027865,0.1702191778089533,-0.45961890720264886,0.1398575826280061,-0.39851050178520375,0.10050314820847989,-0.3326295020711023,0.06580969129605127
0,0.0,0.0,-0.06836196416974823,-0.29064916837964183,-0.19605855825636126,-0.5085587259758592,-0.34013648341857955,-0.6402534174524884,-0.4401381438416084,-0.7531314907445672,-0.382688597220955,-0.3680262232789296,-0.6712038704293083,-0.4196522973545939,-0.822077789644864,-0.4321291185199895,-0.9440593418418552,-0.43408741137701734,-0.4114989494050654,-0.17581229907204157,-0.7154919648942965,-0.06589464263671152,-0.881743413990758,0.017821873842735463,-1.0,0.09447991525469213,-0.3995714095951654,0.0005782968286255589,-0.5438166349565002,0.03122299716084434,-0.47052296281189115,-0.009574938413400385,-0.3931479205465777,-0.031110289658281585,-0.3740780459202568,0.15511739023094304,-0.47177448570493175,0.1253704923707755,-0.4086956857178126,0.09470164043086468,-0.34132175710996493,0.06837622032706644
0,0.0,0.0,-0.06605622305180325,-0.27645045638663224,-0.1921799193187134,-0.49044815307216155,-0.33605138323231026,-0.614776728310118,-0.43811753250021007,-0.717449982816451,-0.38388188890296404,-0.3492579673369614,-0.6681943870488843,-0.3952351782903728,-0.8169958231457075,-0.41034133163704145,-0.9378063776376376,-0.4190106985874949,-0.41400519976918926,-0.16530813751565793,-0.7060686808149373,-0.04802320601311007,-0.8760042708081044,0.04087709725855668,-1.0,0.11952114791230416,-0.40447570508947883,0.012701034921483287,-0.5364460222955618,0.08127409632257178,-0.4623012602123125,0.04495586608516115,-0.3840997097017268,0.01488866308022573,-0.38033428551431364,0.1762472699063296,-0.466664121567804,0.18382687179832968,-0.39963415030180494,0.1601668725469854,-0.3292285350865429,0.12929845919880123
0,0.0,0.0,-0.0570382354824295,-0.28160936889907406,-0.1793518376299886,-0.4990213637942422,-0.322434256380791,-0.6290321885059011,-0.421778852102857,-0.7366148276986557,-0.3850762622997155,-0.3677476007655257,-0.6628284775837572,-0.4122704061406602,-0.8137200815154199,-0.4265633049904807,-0.935848240395515,-0.4343351692990875,-0.4159819254186324,-0.19379534693316977,-0.707956627506843,-0.07269691238618378,-0.8779697047404806,0.020420654332754223,-1.0,0.09782265055156932,-0.4054657329703201,-0.019058525430774093,-0.521206466031869,0.09964059170667187,-0.444134552194318,0.08518165644295927,-0.3661277090391816,0.055755060959083384,-0.3819306103803776,0.14795071919808891,-0.4587547136261656,0.2114647065633979,-0.38587443135430977,0.21289417890597762,-0.31293601145701017,0.1891393607813697
0,0.0,0.0,-0.05913165082573386,-0.2806202881745964,-0.18152759274076927,-0.49486931809532886,-0.3197507344673151,-0.6360829446728865,-0.4162571585330906,-0.7490939529133485,-0.39686864435103797,-0.3818088379631744,-0.6686794611898801,-0.4392693646882543,-0.8137429605965483,-0.46062053967050065,-0.9323068163993861,-0.47464640006777153,-0.42658652551128123,-0.22200800948271926,-0.7163296621549625,-0.1095405302195493,-0.8825267594951286,-0.024764900966869386,-1.0,0.045915044683542044,-0.41561485123024516,-0.055744729009854006,-0.5424273590481277,0.06535832540790319,-0.46195694257752856,0.06182182971212323,-0.3848994248023937,0.037808438217052875,-0.3919318790251754,0.10962623737639472,-0.49087301508512143,0.16781378581417497,-0.4136818073819343,0.17522778579696735,-0.3374226236449831,0.15446001512946414
0,0.0,0.0,-0.05928180084298114,-0.2811970967922062,-0.17515779578632595,-0.4970869142361687,-0.31503118301215505,-0.642656070470287,-0.4115258850665315,-0.7557900341351688,-0.3860437182143859,-0.3906852822989856,-0.6643340954155318,-0.4522633991085194,-0.8119211203731759,-0.4734015892463775,-0.9339132181635813,-0.48308316493488734,-0.41832237782960774,-0.23439033160603392,-0.7172622893972266,-0.12148188857133846,-0.8830589818001523,-0.027933601067652945,-1.0,0.05244295014604333,-0.4090603870183668,-0.07160637845573958,-0.5421419416860238,0.06298499938293894,-0.4638321081294029,0.05799358705874413,-0.38672335916889905,0.030900986540412838,-0.38539262101491106,0.09192337391511886,-0.4816023848265726,0.16488221040841786,-0.40965256591298116,0.16760327076481202,-0.3345521156123605,0.1391585450807002
0,0.0,0.0,-0.05770931109776456,-0.28655126967269307,-0.1703790631345914,-0.5020411497233427,-0.30771519847544093,-0.6500206758116718,-0.40344371247002586,-0.7659655389964253,-0.3836924249458155,-0.40342600916652355,-0.6601780902927764,-0.4662776770565022,-0.8063693357045331,-0.48545389541020034,-0.9272450217898847,-0.49366476991551655,-0.4159615948650868,-0.2456154681091044,-0.7134334149112538,-0.1274568685770974,-0.8801810776223162,-0.03710711223219225,-1.0,0.039196596091143523,-0.4051812711235406,-0.08129455777394874,-0.5347688763737969,0.043821193011625056,-0.4581904786528626,0.031164072075994764,-0.3839105461131533,0.002615807189122168,-0.3794144834101931,0.08220063754948073,-0.46541252073139183,0.14320556269085602,-0.3966758630525139,0.14048831145561833,-0.3260833227799687,0.11109144077388633
0,0.0,0.0,-0.05539085751007944,-0.27984451109460917,-0.17967790403863104,-0.4909469674129154,-0.31458666664463963,-0.6276498327734334,-0.40348784478863536,-0.7428910330380883,-0.3932298227456215,-0.39444868923943094,-0.6630901354911026,-0.4523027209732429,-0.8073397966187936,-0.47998212505358767,-0.9241884204379032,-0.49743068295676723,-0.42733611259564214,-0.24145698985572012,-0.7058884071390752,-0.14293976787350088,-0.8744785579114397,-0.06966140853586512,-1.0,-0.006059144265851005,-0.41951863198838957,-0.08269541636482733,-0.5092048539896071,0.03754961247545705,-0.4332582211124263,0.028422816823925997,-0.35918350152358314,0.004722653355723824,-0.3979628838797555,0.07234479813452963,-0.4503782731843589,0.13524115070380535,-0.37665626164163707,0.1295680854561209,-0.3029035223721805,0.10601330047999682
0,0.0,0.0,-0.05850172982274899,-0.27758389526054233,-0.17726032926936042,-0.48522380801516773,-0.3119821212384399,-0.6226357125853528,-0.40255501799796267,-0.7394129889839177,-0.3992043764744106,-0.40754344423725875,-0.6723333496253252,-0.4721477264056502,-0.8117898698738684,-0.5075188128552958,-0.9271678517039607,-0.535617136549982,-0.43810358753177375,-0.26874402456035357,-0.7181401601233222,-0.16870808841136553,-0.8806471530799073,-0.10465436422025413,-1.0,-0.052556617895006666,-0.4268045344246858,-0.11268039718235275,-0.496633886944594,0.010356432447599855,-0.4151972813705527,-0.0037140467092579184,-0.3448275680193591,-0.03695516033605574,-0.40048868943115046,0.04939022825080619,-0.4215234676766295,0.11718155807468038,-0.3457686942695204,0.1050357023178816,-0.2812905578295973,0.06784231555384744
0,0.0,0.0,-0.06604998626037306,-0.2853678115273215,-0.1956010459798465,-0.4783862045845788,-0.3339217406005345,-0.6170378049940071,-0.41320335748488507,-0.7365318727770086,-0.41762989901599734,-0.42478424816274213,-0.6941662788958428,-0.4989066035551984,-0.8351095011279485,-0.5336487343034009,-0.9519028255637533,-0.5537057929984016,-0.45627956884094384,-0.2864146574304137,-0.7332907462033793,-0.1912191604916531,-0.8899117578549077,-0.12207536749216895,-1.0,-0.06351604902096813,-0.44303765379496074,-0.12925732219271815,-0.5302038137884508,-0.02588589018799382,-0.44795469008435573,-0.035514454755128815,-0.37852040727032854,-0.06645125914704612,-0.4138178065926032,0.0344344100160888,-0.4574785159326446,0.07506112465026199,-0.3856102532439683,0.06829325325677874,-0.31965823963533246,0.0324848805464384
0,0.0,0.0,-0.07956561320697368,-0.27596634887628796,-0.20804634628258206,-0.4603695367766499,-0.3413428433427417,-0.5939478783006658,-0.41863629279845027,-0.705383008205174,-0.41579279531865554,-0.42163268629458533,-0.6895020858332446,-0.48766737047957404,-0.8252572613633977,-0.5198068499625865,-0.9402672106571839,-0.5405975765797199,-0.4527549467387648,-0.2879556992082197,-0.7308693004325668,-0.18768225481465872,-0.8876990733764561,-0.11643234277592113,-1.0,-0.05395921471132311,-0.437612806865068,-0.13543584391048324,-0.5302549900286008,-0.025067025560898116,-0.4449440787425537,-0.03212418988137848,-0.3749522430214021,-0.06354100542209801,-0.4085973798412313,0.022291318122083233,-0.4550986768784012,0.06758409188792686,-0.3862776009546606,0.06580626122081759,-0.32058241961077466,0.029618721546143464
0,0.0,0.0,-0.07652838246150942,-0.26873211004760783,-0.20938391028333428,-0.44888103956466474,-0.3482434310222645,-0.5763154145473183,-0.4297479725491575,-0.6902774873856754,-0.41378564807190954,-0.4038550708011923,-0.6856206876772806,-0.4710665233311808,-0.8266759427669547,-0.504967832778556,-0.9442129531119035,-0.5245196195071948,-0.44821576924713713,-0.2658442762328918,-0.7256606908597724,-0.1628340460018096,-0.8844923832978386,-0.08820627728015365,-1.0,-0.025192383482867276,-0.43219812121963447,-0.11264411414784155,-0.5242652977017598,0.004493049400784891,-0.4443206397548741,-0.007583026956816176,-0.37633826557894523,-0.03949231853783002,-0.4008151434804249,0.04865382444856853,-0.45603785315020434,0.10057784430583747,-0.3894554978471923,0.092460824820476,-0.32655317629339614,0.05580610483350202
0,0.0,0.0,-0.07164891457288998,-0.2702353622291722,-0.2065760754770119,-0.4631497979519032,-0.34457518097139955,-0.5920872004345575,-0.427420555169874,-0.7031203544168404,-0.41713611187011135,-0.41069289893144517,-0.6877026272271894,-0.48336409260394886,-0.8302149367115391,-0.5181148330700038,-0.9473109928246204,-0.5355161045666846,-0.4523168680337913,-0.2731844582203497,-0.7293272347409636,-0.1607751628040343,-0.8860295150371428,-0.07921956209353713,-1.0,-0.012158819252591676,-0.4384993646894274,-0.11900481508139381,-0.5271488107854321,0.01038294106295138,-0.4474349358432995,-0.0025115105580481977,-0.37945597496551664,-0.037426961172546555,-0.4084801649217362,0.04690135157171421,-0.4552239200723484,0.11308892998231783,-0.3855064736742839,0.10172101128747886,-0.322253763800175,0.061602872340697196
0,0.0,0.0,-0.07665443492360516,-0.27782213252035265,-0.20678671129492007,-0.4738178432412631,-0.34850310912827864,-0.6076869007798327,-0.4474929101999812,-0.7186143602624107,-0.42700691897677423,-0.378302688623535,-0.7089088406565858,-0.42649807991768535,-0.8559823897754392,-0.44606641811067677,-0.9798373203587543,-0.4539516081892046,-0.45356103835844125,-0.23110841957093411,-0.7262178099842828,-0.08696355419816731,-0.8829526752444987,0.013389928290544017,-1.0,0.09289462438673365,-0.42817581469617244,-0.07234663939303833,-0.5126213144567294,0.06652793858641133,-0.4268295605177197,0.044043714775647905,-0.3557316916874614,-0.0011627235724096317,-0.3881049657100928,0.09072039484313489,-0.42919930189386885,0.16721562468118137,-0.3566407218652664,0.15068116903368503,-0.2951876496064893,0.10357389094687633
0,0.0,0.0,-0.08060695368604884,-0.28319192701687584,-0.2149071526799256,-0.47560137382528267,-0.35856077313835194,-0.6041414163454345,-0.4606240454119305,-0.715641504189334,-0.4376422381116756,-0.3628135111281212,-0.7258313061924822,-0.3973859245657396,-0.8767205173036671,-0.4037728469243364,-1.0,-0.3990332066203716,-0.4570323163905513,-0.2019729346824024,-0.7326076419810627,-0.04191461844011732,-0.8873508714842168,0.06311732136686644,-0.9987299791465043,0.14558424370016484,-0.424786535258156,-0.03707848311452319,-0.5089030887758265,0.08180139580771596,-0.42502994123968185,0.04945785473767743,-0.3540429448925334,0.0038598008651754482,-0.3781654353838661,0.12210487265074038,-0.4246295049701487,0.17293281213372494,-0.3536940991261373,0.14987863356724793,-0.2914653812590134,0.10440797480757126
0,0.0,0.0,-0.08165181439398644,-0.28257238504431775,-0.22000570876509154,-0.47466418262812365,-0.36470807760875135,-0.6002838176099865,-0.46925550392496523,-0.7055423685248737,-0.4415604688097376,-0.3612588650706078,-0.7262312324125,-0.3924209220051879,-0.8762615148690357,-0.39819291004500895,-1.0,-0.3929333840719755,-0.4605475668314426,-0.20458874830093893,-0.7310141820203819,-0.047668322083878244,-0.885931776472684,0.06134282247454709,-0.9989664828882415,0.14768684818865585,-0.4282269271078141,-0.040914508371007755,-0.5098814128939819,0.08605106303822152,-0.42692230821285243,0.05450085281969229,-0.357047148157503,0.006892013735051947,-0.3819344610437334,0.1185782904238738,-0.4233806655052344,0.18217950784852796,-0.3516383804079385,0.15807571428908532,-0.2907520098107768,0.11189090532991271
0,0.0,0.0,-0.07907069596291946,-0.28406995291788345,-0.21512572090086673,-0.4774217782307607,-0.3635960204184851,-0.6048922691739069,-0.4700219238426115,-0.7125150727532967,-0.4385128002664615,-0.3647121935920438,-0.7281063519557248,-0.39288403698419694,-0.8773485084597417,-0.39882447242464425,-1.0,-0.3958205366943826,-0.4609323333059189,-0.21035417647506927,-0.7275541972410818,-0.05018809832742614,-0.8800793104684788,0.056110336746583105,-0.9907887391836995,0.1419970659979202,-0.43139107486058315,-0.049823087488602334,-0.5103338564679617,0.07648386450497947,-0.42658616922908676,0.047482094220251396,-0.3571747911312,0.002116028132594915,-0.38787102522196354,0.1081045786381599,-0.42506038467432594,0.16743864258784477,-0.35249895946934634,0.14801457117559716,-0.28962932132425073,0.10327398309425362
0,0.0,0.0,-0.07163445234908733,-0.28714678979239217,-0.21055781215722874,-0.48912387521438067,-0.356014411754602,-0.6238386521137724,-0.4566355735618834,-0.7397056029712905,-0.4494741480428277,-0.36735412444461196,-0.7343273881855098,-0.38950166126137203,-0.8793734625025776,-0.3908851666206971,-1.0,-0.38302838178652704,-0.470730575405325,-0.2152679878914428,-0.7329409975178233,-0.05689196927615458,-0.8802585308424586,0.04894330540384895,-0.9864313415178111,0.13443481182244282,-0.4385931993822915,-0.05454837755955028,-0.5190725645134663,0.05788776132440703,-0.43342164480790113,0.02684076136435052,-0.3618835797912642,-0.01707723853268004,-0.39551473405256254,0.10163913466356267,-0.43632318302890477,0.1461760332041286,-0.3641218577526748,0.12411676879005225,-0.3007106243996643,0.08057602296128394
0,0.0,0.0,-0.06882617639164304,-0.295238490929762,-0.20576857189958855,-0.5033353312373283,-0.3519120314893631,-0.6442488611991712,-0.4571568808961262,-0.7569785108032276,-0.43788180777186136,-0.38405094326009,-0.7284973024737385,-0.4093810266854079,-0.87804232928975,-0.40896724080976765,-1.0,-0.3984835383772387,-0.4598035624730819,-0.22061272871544974,-0.7313408681923393,-0.07393751290578662,-0.8816249445179065,0.026824819287848797,-0.9882585255148235,0.10970085443091186,-0.4301600882482231,-0.05166709622937065,-0.5168300354275798,0.05394625481078349,-0.43492774494348946,0.02233055842054257,-0.36330008426071875,-0.020232536808126395,-0.3877556213180419,0.10850745005855368,-0.4307470930229972,0.14884405521545913,-0.36020883419944266,0.12836650307697084,-0.29583492621470975,0.08845213566803109
0,0.0,0.0,-0.07128198135161659,-0.2908994011146109,-0.2033264853095359,-0.4989230793305181,-0.34562388924532395,-0.6364495194833356,-0.45285410579637897,-0.7453373005671415,-0.43512718769770037,-0.3774295991111727,-0.7262619402634738,-0.40268329268483516,-0.8764132152701244,-0.40455519514632343,-1.0,-0.396813276969403,-0.45380499004093167,-0.21142447091750852,-0.7282567941859607,-0.060259449937518306,-0.8822387002018639,0.04526205427301037,-0.9925972490169472,0.13080962419327075,-0.42237439390518433,-0.04168385379059354,-0.5170486284205655,0.06906921273061782,-0.4342439938211302,0.03767554674279225,-0.3603452477024843,-0.006130762231993759,-0.3806025515781379,0.11753748342949628,-0.435634999586436,0.16211387093673366,-0.36276439593947213,0.1415263417916487,-0.2953573081230677,0.10166807129396353
0,0.0,0.0,-0.07738787047638522,-0.2878956939519779,-0.20759502351749598,-0.4933147348528552,-0.3523877759780087,-0.6247592766356274,-0.4611600872697007,-0.7356119021875204,-0.4358595419330696,-0.361678766358794,-0.726917781552513,-0.3758817823509792,-0.8764341028621129,-0.37012890118547764,-1.0,-0.3590108521935593,-0.4540735190169433,-0.19942649385283562,-0.726506758613887,-0.036007841385285004,-0.8802005381547545,0.07202864254792103,-0.990135449472978,0.15580028335113202,-0.42121139358825815,-0.031240623286091944,-0.5053047788638991,0.08204871040315527,-0.42109106565549204,0.05351200066382859,-0.3479886515549663,0.011299305877925016,-0.3774059061665321,0.12731109279542577,-0.42817385397318874,0.1799378686674163,-0.3545033696321097,0.16403748183606207,-0.28795410294851137,0.1266274645401592
0,0.0,0.0,-0.045306907827566675,-0.2966561340149429,-0.15856163816218025,-0.5145310962485082,-0.30090794124352777,-0.650239110384344,-0.38587534884470176,-0.779104546735511,-0.406413333251569,-0.43103755207786554,-0.685996338726638,-0.5070613736941691,-0.8311471285107682,-0.5332368880110001,-0.9498065434117902,-0.5496332640075374,-0.45102582377506556,-0.2749169458781935,-0.7338800134398625,-0.17210565870016467,-0.889236183983334,-0.10075045944395178,-1.0,-0.04262680666798039,-0.4420081922387265,-0.11001649595765291,-0.5115393447764982,-0.011236435317183593,-0.42490705635800047,-0.019874045679606822,-0.3485595028312584,-0.03992638645718762,-0.41700962692849075,0.04981407610509782,-0.43919638335532885,0.08848562385939876,-0.362627242337727,0.08525251500886853,-0.2929422324797837,0.06298448237720451
0,0.0,0.0,-0.04480479443142264,-0.28754017489423345,-0.1504159926763749,-0.5085442142884351,-0.28436814687736917,-0.6451012586084878,-0.3742852581157316,-0.7672853464552486,-0.3955001597045192,-0.4218592847849005,-0.6680381053992194,-0.5058479229362435,-0.8087971750805479,-0.5386414246777746,-0.924542473792835,-0.5611147816685687,-0.44195413855328325,-0.267401106342138,-0.7210211940098784,-0.1800951887561535,-0.8843176465704321,-0.11087572917247304,-1.0,-0.05135074363232823,-0.4347268674510123,-0.1006110555149478,-0.5043300321129003,0.0063145194776027804,-0.4143791519460403,0.011467748016795854,-0.33315029073246427,-0.0025460871582348053,-0.41341074912720827,0.06438879184949539,-0.4392214668087903,0.11825194376203693,-0.35949608834239855,0.12096120238277161,-0.2856015682470495,0.10067661226147093
0,0.0,0.0,-0.03745960337803949,-0.3018823426035442,-0.1421091528348493,-0.5235630558146337,-0.27366387325108577,-0.6797145818412429,-0.3640600522085892,-0.803074386050356,-0.3968414525127724,-0.4460682204532752,-0.6687281986575273,-0.538365019313561,-0.8068862213917108,-0.5752579442084755,-0.9221044524359547,-0.6042197452011129,-0.4446509762005085,-0.2843874688790389,-0.7221352708305722,-0.20832650180073872,-0.8860786260001478,-0.14551342541158405,-1.0,-0.09162708792568364,-0.43861553979642137,-0.10883862240862652,-0.5340233158418697,-0.027268524764370354,-0.4442985832946581,-0.02704437437791189,-0.35908197720370477,-0.039999426379614116,-0.4222516481766955,0.060430907652872345,-0.4618584916871171,0.09118463296561648,-0.38322189600353745,0.09421038916032845,-0.3081632118064959,0.07236166363430349
0,0.0,0.0,-0.028074729069158633,-0.2998845139541651,-0.12566716417789167,-0.520989324741145,-0.24833282877972573,-0.6786489495970358,-0.3308951039821333,-0.8000594449320442,-0.38356002732805594,-0.4561056870218911,-0.6497493588948948,-0.5693659788094708,-0.7867065458133622,-0.6257164157125668,-0.8977315131362555,-0.669425053564994,-0.43697839532450805,-0.30042912487471557,-0.7181514793021215,-0.2388250705569992,-0.8839515567141579,-0.18290656645296044,-1.0,-0.1334363567696302,-0.43778203952275396,-0.1309689948271894,-0.5355983862831722,-0.05221096052952216,-0.4541954858869299,-0.04807852653854165,-0.3730798785857126,-0.05597827406912568,-0.42276289462510014,0.0350383814365684,-0.46927060869750503,0.06400659022551605,-0.3975916134974305,0.0697295192391121,-0.3233346548334174,0.05453061301141579
0,0.0,0.0,-0.03053003211249356,-0.29927662496328,-0.12371264525498583,-0.5321780329284138,-0.23844532005834979,-0.6987825120143533,-0.30700362639185863,-0.8364499246925755,-0.38861261602263314,-0.44723937418345133,-0.6456809019365894,-0.5626879543314518,-0.7827641164611184,-0.6137858554198002,-0.8959764575416238,-0.6491020568228095,-0.441501447611961,-0.2978405048362665,-0.7143833948744984,-0.22145679824577155,-0.8791177575409773,-0.15814092292355128,-1.0,-0.10127591677901132,-0.43898311993237055,-0.12918114218774354,-0.525845134608879,-0.039533345351876366,-0.43819090162774643,-0.042008039974344484,-0.35665265859987805,-0.057974506802806594,-0.42215252105699014,0.037522813086038644,-0.4539433330484316,0.08539905034356993,-0.3769583701131874,0.08331076863849779,-0.3030040192689326,0.05954080786156362
0,0.0,0.0,-0.03373393214255161,-0.30546685614127617,-0.12473690864469766,-0.5532931703591245,-0.23197979082191214,-0.733832304842147,-0.30373317069915157,-0.8758348973670156,-0.39043019381718813,-0.44154257942659514,-0.6434487019560414,-0.5555552541131961,-0.7821259933806876,-0.6029933588028011,-0.8951259121721159,-0.6351723909666407,-0.44035773008839074,-0.2762751780484368,-0.7056446106718192,-0.20655662453045076,-0.8760333971607386,-0.14721847981532918,-1.0,-0.08927733957101978,-0.43775941752654607,-0.10144469868093044,-0.5383311692786346,-0.03249862135336888,-0.4513717104424276,-0.04436285002657817,-0.3631508057644702,-0.06160854827831498,-0.4231096805862499,0.062092724996124955,-0.46830107508211744,0.093279529489473,-0.39474690869353135,0.08635943781964571,-0.3177360424802219,0.061416650072264774
0,0.0,0.0,-0.03544660950507647,-0.2890760831427927,-0.12278622322799011,-0.5385055299225644,-0.2113780797139522,-0.7414221103576559,-0.2640100336151755,-0.8986796506187479,-0.38566129495900603,-0.42919013323179084,-0.6405515603076624,-0.53776853937307,-0.7814963722183416,-0.5825226377921202,-0.8972159994984618,-0.6118923701708685,-0.43348562334119245,-0.28013708950356614,-0.7027488073327176,-0.19391525071748827,-0.8731451009363591,-0.1242983183863291,-1.0,-0.06140264012883265,-0.4329852427349082,-0.11294460317386815,-0.5322266839022955,0.008499969544373136,-0.4474808744006386,0.010419920758377168,-0.3626281139987953,-0.009479358387212485,-0.4229778977638446,0.05051056810252183,-0.4660330708925066,0.1324007618537396,-0.39061576646839047,0.1355850668403053,-0.3140037465764135,0.10571379618524572
0,0.0,0.0,-0.036736381094466454,-0.2956196144697001,-0.12541087690277467,-0.5388348961721718,-0.21440887821530305,-0.7426501257721069,-0.2699939035761416,-0.8942197502779514,-0.38621147650901616,-0.4300900690572146,-0.6492298148936382,-0.5347191872573709,-0.7883455451619378,-0.5732045978353246,-0.9044952317637562,-0.599925120398143,-0.43470669546067325,-0.27728977124708704,-0.7094714154949527,-0.19387873490485594,-0.8787692483995553,-0.12737468699329926,-1.0,-0.06485609165491038,-0.430483062404888,-0.10613970028229325,-0.5311369599166359,-0.010154478326910675,-0.4439619245765957,-0.013980313497831196,-0.3586469569129105,-0.032936170121900005,-0.4180240077385079,0.05505999621331291,-0.4587444178395669,0.1079323264921469,-0.3824615352311374,0.10998546538526693,-0.30606316578429266,0.08139686758410787
0,0.0,0.0,-0.03998289501817404,-0.28861145956543094,-0.12946736870118347,-0.5317100452797517,-0.21769161388944186,-0.7348545251489226,-0.2770325068383063,-0.8832364682987319,-0.3864283800858971,-0.4283709576226884,-0.6482876761625296,-0.5276358506656443,-0.7855720075146764,-0.5655561067628927,-0.9021175138934091,-0.5915557142470946,-0.4350600517573157,-0.2809349319048286,-0.7108711252669582,-0.18807106572252222,-0.8775649134411383,-0.11714525155944279,-1.0,-0.053594907546379536,-0.431762462639904,-0.11021671576625017,-0.5345451644195313,0.013027978512042125,-0.44655527012143764,0.008797198883682262,-0.3601900331180816,-0.017285089701094655,-0.42022660590044636,0.05450492628391812,-0.46533906448528994,0.13647788341999928,-0.3857434084204118,0.14120211649573972,-0.30621954974435567,0.11005082693388636
0,0.0,0.0,-0.03703094329736661,-0.28983931220404946,-0.12350397301692075,-0.5300336988380618,-0.2236623782104503,-0.7224388997821024,-0.28585243725623777,-0.8663726058051541,-0.3864616255342181,-0.4376834533567937,-0.6440810247949232,-0.5368071847073759,-0.7830546163383139,-0.5790596913773237,-0.900308266074826,-0.606024940564952,-0.43363876307310667,-0.2897635785274372,-0.7086883827541178,-0.19425140791376316,-0.8767279944680875,-0.11647133321458387,-1.0,-0.04631617450663217,-0.4311472310337894,-0.12273622066357176,-0.5414327646481553,0.016527241968390633,-0.4612989437711876,0.023122780177972375,-0.3782048011620265,0.006179267791279399,-0.41797142492471206,0.04210509963038788,-0.47722049286205687,0.14264729273290355,-0.4068573754803307,0.15860220700997266,-0.33124656749026893,0.13592129487992682
0,0.0,0.0,-0.032589486845767957,-0.2944460065953738,-0.12409350655215493,-0.5388091211895523,-0.23171110329447636,-0.7193104669717977,-0.2966422300788418,-0.857186025597558,-0.38752257523697164,-0.4356631765823658,-0.6467593267172616,-0.5312128339891428,-0.7864471666247415,-0.5698930042255692,-0.9027853582278647,-0.596385104347958,-0.43955349100747915,-0.28466990143631254,-0.7091680599602528,-0.19208946761778725,-0.8762892890268913,-0.12183430702181158,-1.0,-0.05989374864830824,-0.43904227368578513,-0.11747943399880963,-0.5369562671045237,0.003529304677409169,-0.45486328552916283,0.009952508651709296,-0.37291424920380284,-0.004723556322636343,-0.42592834984058414,0.04923333278060239,-0.466253041637222,0.13080160216708162,-0.3945658374879296,0.13873093916161064,-0.3195908250426632,0.11202133353278688
0,0.0,0.0,-0.03277481234251418,-0.29127658342976337,-0.1241840340140653,-0.5297953120643804,-0.23109081036133539,-0.7137543912669073,-0.2974504915170289,-0.8553835794563599,-0.3865958496866742,-0.42910653872952714,-0.6502004375029548,-0.5250703508462646,-0.7887613611811785,-0.5635755593936108,-0.9052880772712752,-0.5880485079523298,-0.4344433501715858,-0.28630348884526524,-0.7109673975908618,-0.19161321592949054,-0.8772484766705592,-0.12348346374031889,-1.0,-0.062307278004364426,-0.4283323590917506,-0.12448129920085681,-0.5168657786708694,-0.011371895626693601,-0.4337895258204948,-0.01054778886925678,-0.35664726578326594,-0.02973217414049138,-0.411640530040441,0.035877893287630136,-0.4475515607968722,0.099193080543048,-0.37345273426091735,0.10534622248319819,-0.30151747515463045,0.08005499936155143
0,0.0,0.0,-0.03909184541410461,-0.2930710593666071,-0.1354259133493869,-0.5324169448663137,-0.23418782361701143,-0.7168582232646042,-0.3032084401963957,-0.8497119492308831,-0.3957028217251278,-0.448016421658277,-0.6625934888585971,-0.5435413288785371,-0.7982614480573029,-0.5880792059023169,-0.9137746780060825,-0.6179041530853552,-0.445120245820612,-0.3012736041977666,-0.714959856227647,-0.22341228098137345,-0.8792290263399551,-0.1645807321058511,-1.0,-0.10764214745814939,-0.4374899485238355,-0.13322895106081456,-0.49373868449161457,-0.03866646424141768,-0.40368718311398827,-0.03718357322706368,-0.324404831047855,-0.053455393597347,-0.4207742873829819,0.027594847665094988,-0.4186158651329172,0.07634457459811654,-0.337918517353913,0.0804303589608381,-0.2667076919973771,0.057462657133950226
0,0.0,0.0,-0.03189998335459841,-0.295318198523185,-0.12320274281251924,-0.5289684622453518,-0.2326737577777187,-0.7050071516949717,-0.2945585016661792,-0.8497554000123111,-0.3850390984821361,-0.4514937699940594,-0.6525284255744758,-0.5527735719101381,-0.7910155261167079,-0.5927693395345043,-0.9056595458100027,-0.6213087365047497,-0.4372909991356775,-0.3065744237030519,-0.7184188106878776,-0.22739330461485563,-0.881667220906333,-0.17217336859584564,-1.0,-0.1235848221619135,-0.43439225890483457,-0.14174743207346704,-0.4987854684551428,-0.05430316411965312,-0.4079343566552286,-0.04962770027932951,-0.3302292876751546,-0.06414944729617851,-0.4200581824168467,0.018563811440016637,-0.4299627427105343,0.056869178434698485,-0.34954296170865595,0.06281399073320991,-0.2783510890354154,0.04030682173721901
0,0.0,0.0,-0.029882675062178565,-0.2893431734794724,-0.11970498043044248,-0.5245108996729243,-0.23132579998161096,-0.699705174485788,-0.29230103898156057,-0.8461842481579759,-0.3865470669689618,-0.449186746389531,-0.6512898442983074,-0.5528895534001038,-0.7896272797460278,-0.5968472474866368,-0.9045095228040443,-0.6272679178924111,-0.4383071720545517,-0.30681831937905985,-0.7196256025533987,-0.22849628822948062,-0.881856241027828,-0.17203265119799144,-1.0,-0.12421094555315246,-0.4362578551986734,-0.1436756207807401,-0.5076998850915133,-0.043210765820939585,-0.4203559437073165,-0.035467403091301655,-0.3445164348706367,-0.049523293803027356,-0.422771285907747,0.018284449097665745,-0.4449496865313115,0.07607487024858951,-0.36750885146495615,0.08684956228968674,-0.29798667579034815,0.06856400430433238
0,0.0,0.0,-0.03653370912730021,-0.2875973137415451,-0.12787336634527371,-0.514464725683401,-0.23998770871511513,-0.6861284866309069,-0.3001381377032379,-0.8270322859747528,-0.3906875878446248,-0.44207072873208525,-0.6564934003969602,-0.5422440507024785,-0.7940477317751995,-0.5853821902624059,-0.9082493645479982,-0.6177364911909364,-0.4408466133054087,-0.3016110495309074,-0.7243669152773987,-0.220308841741352,-0.883736977643601,-0.163428228736727,-1.0,-0.1186402348340955,-0.4366538369418095,-0.13958610676336305,-0.5078913948008978,-0.040553070686028224,-0.42165893355465073,-0.03897989762213768,-0.3471167467828212,-0.05699127170238009,-0.4206255001457501,0.0239433115543648,-0.44475021027009265,0.07758270159471066,-0.36892672203314936,0.08123982302035117,-0.3009894298663369,0.056350713804301206
0,0.0,0.0,-0.036672447480106916,-0.28917351088781795,-0.12246573848521508,-0.5146339671234001,-0.2328076536743744,-0.6879652902236811,-0.29755155657900323,-0.8290522522181073,-0.3916506214955038,-0.45429037519179194,-0.6562180995104376,-0.5590288121947202,-0.7899236789568637,-0.6060048187998779,-0.9015167877218978,-0.6425922679785574,-0.4425921936631026,-0.3165284724337503,-0.7251037884997019,-0.23874675903334544,-0.8836131728230983,-0.183777660792866,-1.0,-0.13900724399185094,-0.4379518437710783,-0.1526335399953237,-0.510223344881026,-0.052501267775211725,-0.42257291066046837,-0.05411149789208857,-0.35039523281220547,-0.07693563194750802,-0.42124888793888965,0.015112790888107772,-0.44756352601194194,0.06822084435176069,-0.37187035557436976,0.06981955557314355,-0.30493256754972936,0.04237894546555428
0,0.0,0.0,-0.03194251430406555,-0.2861525103712321,-0.11919764202372103,-0.5141286900292087,-0.23062817224049154,-0.6856791088975157,-0.2940173340710597,-0.8219170305177756,-0.38677533703108363,-0.45238283051211714,-0.6506585294425701,-0.5569917028269371,-0.7871293482494957,-0.6081719369569987,-0.900261358234658,-0.6467030246093445,-0.4380677103133732,-0.31199116976780916,-0.7229820058349833,-0.2352598845931672,-0.8827414191064505,-0.1824686689579153,-1.0,-0.14071074675307033,-0.4369615892019646,-0.15061590344903308,-0.5102832633111609,-0.05307020510503888,-0.4256581125509849,-0.05563094995633412,-0.354384921902622,-0.07668856549760274,-0.42260890191880673,0.013168527814350775,-0.4521661405713457,0.06039513078123235,-0.37683682900830956,0.06228472702220055,-0.3095524008364813,0.0376746330745108
0,0.0,0.0,-0.029474522846834772,-0.28358521124744585,-0.12048570253922515,-0.5101724822333685,-0.23474715122661627,-0.6755222335476186,-0.3001663437669856,-0.8097210629776066,-0.38979578572789314,-0.44330003132175083,-0.6533228610456542,-0.547435015293015,-0.7888986725974404,-0.5962893003351213,-0.9015280146905446,-0.6319834146713542,-0.44118350527038114,-0.30392038475306776,-0.7205421917224977,-0.22915082434763992,-0.8818400703382646,-0.1735114964999179,-1.0,-0.12497350612545839,-0.4388602500686067,-0.14201518680640948,-0.5110280257403436,-0.040331673003905104,-0.4226303799349824,-0.04149633114037562,-0.3483828176278702,-0.06445100635694469,-0.4240540789283877,0.02443618750417864,-0.44920631205546124,0.08174464110392807,-0.3727974650175953,0.0826040077481004,-0.3036762634559277,0.05384002893648622
0,0.0,0.0,-0.03369362188969889,-0.2847467118989875,-0.12261780053583173,-0.5089316869008936,-0.23485644359625496,-0.6733856594963272,-0.2975864285008693,-0.8042223510114734,-0.391217351392708,-0.4490485662764052,-0.6548175651845344,-0.5528772315836483,-0.7883745435983959,-0.6038507318388688,-0.8990860887701825,-0.6417307973285787,-0.44181252800571513,-0.31009336302580787,-0.7273514753401344,-0.2327446295696031,-0.8862613022896985,-0.1766041805091115,-1.0,-0.13000548752386473,-0.4387395522015262,-0.14974667621693635,-0.5154871369961648,-0.04682724591280884,-0.4288262332937576,-0.04780174150945593,-0.35580789234387133,-0.07059036517011136,-0.42346350270789207,0.01621392403779593,-0.4538105238012427,0.06688938526586696,-0.37654320176171674,0.06788660469508184,-0.3067254468989105,0.03809603579923851
0,0.0,0.0,-0.03474788194815988,-0.27641673662809635,-0.13305603309501665,-0.5006883639018821,-0.2423425585000898,-0.6649650915642307,-0.30345256709344315,-0.7956839965174056,-0.3968893286389646,-0.4473246293615511,-0.6583948294693097,-0.5486754781142893,-0.7907640542338175,-0.6009977340510331,-0.9002515783157121,-0.6405288565560499,-0.44798720848946005,-0.3144924099901622,-0.7241941786748135,-0.24401767317634004,-0.883853781947547,-0.19979966126254886,-1.0,-0.1624139073737383,-0.4464355024754797,-0.15439225004914192,-0.5051323956223394,-0.05597285197984168,-0.41745275659031955,-0.05695257911376742,-0.34703694293457127,-0.07917141783731269,-0.43238727882014155,0.013902094223314999,-0.44588030491084457,0.058360512622047535,-0.36688622221007094,0.05763363654404836,-0.30197769687759113,0.0298960076967786
0,0.0,0.0,-0.032614623963587636,-0.2895568596786744,-0.12908847764740375,-0.5132186950169918,-0.24022491339548266,-0.6708855151624407,-0.29622017354201857,-0.8031933155206088,-0.3967540385779062,-0.4757519790533995,-0.6551531745038445,-0.5841487611276901,-0.7892032078213705,-0.6361999801740625,-0.8981874959573076,-0.6717765341275956,-0.4479366289552841,-0.3423082060626798,-0.7317901826397508,-0.26713096868841474,-0.8889599190734321,-0.21561185407344552,-1.0,-0.1744043320056079,-0.44681816668255037,-0.18216878915192064,-0.5202795801647236,-0.07625809543165238,-0.4306127592537946,-0.07366426573798608,-0.3563488354558186,-0.095555851541237,-0.43248426268372003,-0.011093530582274004,-0.4570530198385679,0.045464740259168634,-0.37698933953984687,0.04404821912942701,-0.30949857601543823,0.01298158752175399
0,0.0,0.0,-0.02859850801956581,-0.2865529127205884,-0.12524858108359696,-0.5094740073664349,-0.2406046419026588,-0.6663351302348307,-0.2994946119551448,-0.800927871401226,-0.3948422227271311,-0.47524685231946956,-0.6545842835203565,-0.5829253956590162,-0.7876872479518895,-0.632181115208641,-0.8976093851754866,-0.6682232826153199,-0.4479167062446,-0.34531664499695663,-0.7289651199990274,-0.2710844632358361,-0.8871599558956176,-0.22408088640385906,-1.0,-0.18671659438786173,-0.4469384347199668,-0.18637445106989603,-0.5162671005168055,-0.0810581404273201,-0.4234665672215683,-0.07425022929871448,-0.3500936382240007,-0.09485538793087071,-0.43392131577567555,-0.015394929515816861,-0.4560754280685943,0.0358243621240318,-0.3735074686409786,0.039739347963363876,-0.3046644715794977,0.010779129295598908
0,0.0,0.0,-0.030589948049543403,-0.28440200061618126,-0.1286891198472599,-0.5097544646583608,-0.24957134802556394,-0.6642385873664625,-0.3152001564736218,-0.7948431241908827,-0.39891449270523316,-0.4640186554195876,-0.6598165191221086,-0.5648743278539742,-0.7921626028043837,-0.6131756936213095,-0.8997749268853857,-0.649956670010639,-0.45161516139851904,-0.32762025020602614,-0.735205957835595,-0.24908236795735905,-0.8905686321230785,-0.19669633493550584,-1.0,-0.15622415187806288,-0.4502037116575125,-0.16492031379714886,-0.5180058491691417,-0.062117068373357294,-0.4270551770610581,-0.060573390074624714,-0.3526461647268086,-0.08326661830301246,-0.4354616503034617,0.008989075682542189,-0.4542306119165818,0.05813560389560129,-0.3744388349013579,0.05974738843855716,-0.3050825849867278,0.030400426773835667
0,0.0,0.0,-0.029120179659587957,-0.28665575977676355,-0.12615798594546884,-0.5094878728637771,-0.24786296927153556,-0.6672071646406942,-0.3147832578733161,-0.7984485810716552,-0.3953921177700833,-0.44771249904495025,-0.6606353770194313,-0.5463256147574478,-0.7978762164292885,-0.5923299336729826,-0.9110166366815888,-0.6264398444095663,-0.44665082582819443,-0.307484397052859,-0.7266375824716346,-0.23204116844112693,-0.8855487383270113,-0.17596919969301564,-1.0,-0.1307329118317075,-0.4434932697976587,-0.14539449351573486,-0.5154084210870424,-0.04484894629028267,-0.42786580496154525,-0.044268884232005055,-0.35449280111055653,-0.06775436538511978,-0.4269799369230027,0.021208946639992426,-0.45160187976598337,0.07317030523200012,-0.37306200924222077,0.07522960156274648,-0.30447166647724055,0.04691869590189577
0,0.0,0.0,-0.02852519177755013,-0.30446860502018713,-0.12912814007657702,-0.53890398131028,-0.24752897452876305,-0.7055531417467744,-0.3137898527143543,-0.8497094980871671,-0.3999890933531202,-0.47153838347939087,-0.6644659102163705,-0.566094045842211,-0.8027451393038355,-0.6043193132635414,-0.9179978507159268,-0.6301087544487454,-0.44921311447453527,-0.3304828318227846,-0.7262091503206732,-0.2485265016995723,-0.8852835320594982,-0.18782014264657282,-1.0,-0.13741400591488823,-0.4437246536413443,-0.16713199507027057,-0.5154265806041026,-0.06727939409266395,-0.42191370237465997,-0.06366033628265681,-0.34403565236693445,-0.08432168574033691,-0.4254851607292124,-0.004006974632020135,-0.45013221498350275,0.05167145768928443,-0.36868158222463926,0.05960651179290564,-0.29736532329072274,0.03621006764088759
0,0.0,0.0,-0.02032201890340937,-0.3055405601587117,-0.11597241694384562,-0.5386279083080473,-0.23847319592032443,-0.703794153435019,-0.308978006461629,-0.8407723948043924,-0.38847956147592594,-0.4678727331298546,-0.659506824241202,-0.56514156963263,-0.7990996869146252,-0.6016607459209422,-0.9157852497095701,-0.6264188004312936,-0.4435522845356613,-0.3203863963981183,-0.7240216724144865,-0.24572016462238463,-0.8860891345311006,-0.18944097093720091,-1.0,-0.13992282567915573,-0.44248723984927585,-0.15232776868232722,-0.5114292382301895,-0.05219727826335611,-0.4184609349948351,-0.03913000278640569,-0.3410691069798838,-0.052390535698410665,-0.43103544103489355,0.013297555409141864,-0.4522849660478248,0.06526899643996295,-0.37248954496250386,0.0802621822179743,-0.3005657546621852,0.05957345548042405
0,0.0,0.0,-0.02503043070649014,-0.2809666561060758,-0.12180246564277594,-0.5220275816682843,-0.24263077369281663,-0.6928581820376536,-0.3193312873732311,-0.8268109668663656,-0.3886235249639378,-0.4506129286899411,-0.6480579144768916,-0.5412452083941475,-0.7896874468352668,-0.5770107468483511,-0.9075120353460909,-0.601278350822889,-0.4420373777063263,-0.3038280661400418,-0.7070786865505764,-0.22760342634554792,-0.8764231854506872,-0.1697762674014826,-1.0,-0.1157066372309354,-0.4441230981282755,-0.13620189159423243,-0.5111965848861472,-0.001640648879488867,-0.4276975029522261,0.025693797117820258,-0.35023666244019824,0.024842581052460722,-0.43583673204456624,0.028348869841929962,-0.4559218241879911,0.12606997408540813,-0.38879539311222994,0.16090215689169177,-0.3264060946141745,0.16178890725472417
0,0.0,0.0,-0.028550869222347397,-0.294501222585682,-0.1194507099415358,-0.5371804005679212,-0.24110625655848394,-0.7128713003729691,-0.32092029190810495,-0.8452388182168165,-0.38944911989793757,-0.4691086989653302,-0.6538481329115928,-0.554291873682228,-0.7925690476209586,-0.5910319579144085,-0.9097541906744968,-0.6179610361733581,-0.4420061695118459,-0.3262901446993181,-0.7138510097936163,-0.24247192832871792,-0.8799012335902462,-0.18196965469122164,-1.0,-0.12784449926512875,-0.44311161990128173,-0.16149224744502824,-0.5179288340004293,-0.018244211969309573,-0.43055428848491856,0.004533095691820122,-0.3513856342637541,-0.0041292977438235545,-0.4348954731378498,0.0023988879861103493,-0.46891215067085484,0.10155732419294586,-0.39975970098262553,0.12653037237429893,-0.33384904966135104,0.11424931437730264
0,0.0,0.0,-0.02717463049336028,-0.29083333392161664,-0.11691354564713873,-0.5298815573883326,-0.23929874392097425,-0.7054987783708458,-0.3181959209375448,-0.8403557302207969,-0.38611784891613504,-0.4686391453608095,-0.6520254124277912,-0.5557247850589213,-0.7924842628327536,-0.5897129718591142,-0.91115533432965,-0.6124620645497408,-0.43851227382565117,-0.32664196347325297,-0.7118229417790112,-0.23403110795163745,-0.8787882504759801,-0.16957472763070303,-1.0,-0.11454776425275193,-0.44018296905653237,-0.161928515104645,-0.5216673278971248,-0.005364967445577322,-0.4343800540891221,0.02128920878951764,-0.35561479960834447,0.010906596373868644,-0.4335993727017241,0.004308351764249928,-0.4752141821932285,0.11694248918676418,-0.40846305568948804,0.14589114687716856,-0.3440364130906688,0.13218161576956988
0,0.0,0.0,-0.02626827302953952,-0.29921176691767754,-0.11457864530577977,-0.530087836765751,-0.23788407751395685,-0.706013460629902,-0.32095508871455564,-0.8347109671288805,-0.38879620119210534,-0.4669049218011448,-0.6547606655913926,-0.5494729927390111,-0.7929226580455109,-0.5833593262840511,-0.9122467020656729,-0.6062527972607623,-0.44190422179150024,-0.3235920139344142,-0.7138164125816845,-0.23399077942851657,-0.8805760434921548,-0.16898757271766857,-1.0,-0.1105796568752725,-0.4423408500294893,-0.16049430014369087,-0.5262246724288201,0.0005692522874759608,-0.44617956958518096,0.030400952190896852,-0.3719156130595577,0.025191813753878387,-0.4359506286531059,0.002550435139328586,-0.4775404461128131,0.11784873480479065,-0.417084590943253,0.14932223510635034,-0.35605672789269543,0.13748687204134813
0,0.0,0.0,-0.023999696689194768,-0.2956790725951215,-0.1179968888636843,-0.5319011586371901,-0.23884158011542772,-0.7027740698052214,-0.3233631520190913,-0.8401052803908051,-0.38844138268833406,-0.4640607641204223,-0.6544323056448681,-0.550952708133172,-0.7935894326075345,-0.5873740275635987,-0.9115392844569854,-0.6156664707096707,-0.4399590163652592,-0.3205914524025989,-0.7104855728170802,-0.2461163632465974,-0.8796162806567522,-0.19904964142528755,-1.0,-0.1514604694926682,-0.43861685688309915,-0.1561810418918709,-0.5051357221871074,-0.02349265051237108,-0.4225245132299396,0.0033474216678985994,-0.348824388682711,0.0066915424926931024,-0.4307777212712152,0.0010562697933108323,-0.4466630287096789,0.07254904720476124,-0.37636579833251493,0.10526462011032243,-0.31092199928949354,0.1092254484550656
0,0.0,0.0,-0.02734353661045085,-0.3024000069368539,-0.11964916861324101,-0.532619351221103,-0.23979740532760016,-0.7037288961875725,-0.30980172640951814,-0.8500316734822863,-0.39788657184051596,-0.4788864807943083,-0.6665548741274137,-0.5778194096062902,-0.8035934830184371,-0.616552007857914,-0.919487308688554,-0.644608306208147,-0.4494767251690738,-0.34073229091045726,-0.7273059138124804,-0.25867759478078817,-0.8856778534676321,-0.2039978437945747,-1.0,-0.1580009143158841,-0.4443252440303314,-0.1752341790353823,-0.5135157372647311,-0.06895830131862848,-0.42186929907426723,-0.06803936086525691,-0.3462686710962975,-0.08904762294730544,-0.43082892032204345,-0.009520446617777904,-0.45120660311416566,0.045671282725451366,-0.3718816553453036,0.0514117220306291,-0.30252698990157856,0.02676585083162762
0,0.0,0.0,-0.025229319571708042,-0.2920278691343631,-0.11822068286947848,-0.5245548069903817,-0.2358707751541722,-0.6920423593901073,-0.304185468214673,-0.8286973338517668,-0.3982355613621154,-0.4681397707716051,-0.663305476355883,-0.5674094932547762,-0.800152314352667,-0.6125868361418743,-0.914065430465498,-0.6444208887918951,-0.45149352575765506,-0.32835880304605175,-0.7306854596852261,-0.2567910573749421,-0.8876375765468838,-0.2049441772211219,-1.0,-0.16155027305014394,-0.4493024383041577,-0.16343596708927624,-0.5060313973841853,-0.0640720285318822,-0.41907152951021953,-0.06315006395124372,-0.34817133560746033,-0.08505093844504065,-0.4353395376726061,0.004372763103534348,-0.4443740846776036,0.05043275668390007,-0.36400198902779796,0.05418747802687031,-0.2980784822839467,0.029941691916770638
0,0.0,0.0,-0.019687716038586194,-0.2949065134042134,-0.1109441915206866,-0.5294511302211011,-0.22355973946856927,-0.6883702493225938,-0.28527634974887706,-0.8215002588021351,-0.3947026697088585,-0.47586319691506274,-0.6468784040574489,-0.577363775518463,-0.7834075851332682,-0.627211415878646,-0.8954356463124348,-0.659648739765866,-0.4511226208858653,-0.33467636704183434,-0.7249193883662617,-0.2619484267159608,-0.8835386444295554,-0.21524125452114104,-1.0,-0.17363214879207903,-0.4534470036003305,-0.16960877250403997,-0.5002818988930533,-0.06858394763471432,-0.41227693368229834,-0.0670844350355315,-0.34254357687055115,-0.08221636490192959,-0.4396412619436889,0.001511159682299158,-0.4439429837773899,0.05693508784466976,-0.36578533122922524,0.05261974484596831,-0.30214251055048064,0.028298661217147823
0,0.0,0.0,-0.01945639041436142,-0.29561167200410343,-0.11302645757192885,-0.5434006765112254,-0.22558846712587086,-0.708135744984453,-0.286369536103946,-0.8520260437449483,-0.39720828872760033,-0.4701582656998957,-0.6478884359063195,-0.568850889796152,-0.7896856521191864,-0.617173050644693,-0.9061940582778587,-0.647651295815811,-0.4474233843298101,-0.32127517508307935,-0.7114933799851622,-0.2506056758448773,-0.8742091558075618,-0.20497820910362896,-1.0,-0.16286773628269668,-0.44464428937749656,-0.1549435969693185,-0.49166188768379454,-0.08268790699435741,-0.40457579132606575,-0.09113753161502818,-0.3329620150443776,-0.10203740914132216,-0.4240319870441296,0.013275172357331177,-0.4329500509568885,0.050128066357170945,-0.3589263239031857,0.03988587292425759,-0.2954857034995394,0.0212871197009387
0,0.0,0.0,-0.01682641783623189,-0.3158268242341224,-0.09568026780932176,-0.5625222583361367,-0.1964477696798132,-0.7343781153525879,-0.2661640898036947,-0.8727789368608844,-0.394293544379748,-0.47867118501194156,-0.6485003582742741,-0.5706699496219271,-0.7881772468190476,-0.6123712507095208,-0.9001003521680666,-0.632560085174147,-0.45211076511337533,-0.31480440682011246,-0.7270356801710036,-0.25716981381466136,-0.8869609293945565,-0.20163627742510914,-1.0,-0.14559171849341246,-0.45543092231843013,-0.13880321685432395,-0.5087080475159743,-0.10205408722158812,-0.4247135341667438,-0.1077082863654904,-0.3562472179988655,-0.11587533879677556,-0.4408805560669918,0.032888256590282605,-0.45906504656076247,0.04055992432770749,-0.3882460719679841,0.0404768947999128,-0.3285902870717999,0.0332546290357982
0,0.0,0.0,-0.012584221303407687,-0.31837936558476826,-0.08416740788931007,-0.5646419407279258,-0.18937900895697646,-0.7328200390417606,-0.26147754754750546,-0.872103450345218,-0.40547538331754057,-0.4637355786486597,-0.6555121259182783,-0.5526545836227191,-0.7929822492625679,-0.5943918846345406,-0.9031953353237725,-0.6155653697213449,-0.4679408624735444,-0.29424793390956944,-0.7275067436289573,-0.23612715978645143,-0.8859214872258065,-0.18625717794656546,-1.0,-0.13128298472616298,-0.4709788878640671,-0.11543005756882285,-0.5073337084359483,-0.0886919557689801,-0.42730173042837766,-0.10118367554439252,-0.3629465635491231,-0.10710472893038801,-0.45304677863428755,0.0583489700413543,-0.45206022308157756,0.05816492257966121,-0.38813688926535056,0.05100427227098514,-0.3348065093554593,0.04221892053774731
0,0.0,0.0,-0.010799206938668997,-0.32850975190583326,-0.07498268652614122,-0.5687746384051067,-0.18422945197547316,-0.7349069743382277,-0.25373774159727125,-0.8804635880466387,-0.4049007746862729,-0.46490576220204227,-0.6661229264364585,-0.5598795275602709,-0.8041606285041931,-0.5961399638984153,-0.9114823556978894,-0.6173307294280416,-0.4691256560590596,-0.29111728073846116,-0.7409981034315035,-0.22237391081457095,-0.895087393474847,-0.17136459512335223,-1.0,-0.118603858453376,-0.46568766724777144,-0.11385182136972934,-0.5077943444968245,-0.08646275499253417,-0.4261202029903477,-0.10153107469383911,-0.36265831116230735,-0.10950820469505897,-0.44029640590040103,0.06224628136691903,-0.4385965200110559,0.057052046193969586,-0.373476240586643,0.05468123906568234,-0.31719046519779437,0.044585572954385075
0,0.0,0.0,-0.008307806479170586,-0.32416424353291723,-0.07048244319261356,-0.5613273594017009,-0.1803315914123619,-0.7246055598744673,-0.24671076003132203,-0.8688829537704758,-0.3999990213045991,-0.45650682343610355,-0.6589165597238046,-0.5510218850407443,-0.7966001345141545,-0.5888989027412976,-0.9065347303708287,-0.6086154744352998,-0.4657312158003597,-0.28150686343086756,-0.7370903724510043,-0.221472558274959,-0.8930947016724681,-0.1728249976873616,-1.0,-0.11761057917029404,-0.4627192807040509,-0.10645778044493187,-0.5017316791749898,-0.08579752053166498,-0.4253303873347028,-0.10062588511941636,-0.3675958281602851,-0.1054374904894804,-0.43833781384479453,0.06719233274966073,-0.4353430059180017,0.052300164750196,-0.3734869157364904,0.050147787710804165,-0.32017201324513656,0.04081762095898786
0,0.0,0.0,-0.001981396843840801,-0.3083080654378217,-0.07553952199661688,-0.5384710599352078,-0.18270203714630665,-0.695362095900705,-0.24492550806553084,-0.832080245734887,-0.39971774072569194,-0.44806864277618835,-0.6501441415501421,-0.5352710361190001,-0.7889602108850768,-0.5794726151986944,-0.8992331599758395,-0.6045720141418036,-0.4611146217793172,-0.2794487757329589,-0.7279485290817062,-0.21392127115287424,-0.8851098697016206,-0.17078193215032214,-1.0,-0.12215779493547413,-0.46189944024934454,-0.10910967619493286,-0.49657537352954106,-0.07163729218091108,-0.41928870941970553,-0.08860671230974652,-0.35459784216785173,-0.09369333329922158,-0.4414877408163982,0.055998974786683295,-0.4289257145967072,0.05383616542309935,-0.36184671432854226,0.04725358888620388,-0.30270707018082876,0.03936595859189463
0,0.0,0.0,-0.006890237588058754,-0.30648472454631415,-0.08256439092231474,-0.5274437483728668,-0.186342436891428,-0.6839339410544694,-0.23932344165402866,-0.8213276632480336,-0.3873512836568566,-0.4584260093548665,-0.6429506058016432,-0.5543947838828406,-0.7791482580843718,-0.598204128877658,-0.8890159679228538,-0.626641626155688,-0.44705886907348497,-0.3053606114246283,-0.7240741188801646,-0.24033615966567917,-0.8832714740447458,-0.1930211108734596,-1.0,-0.14674945971919914,-0.4492576401463718,-0.14206138054447143,-0.49809941166735544,-0.09776096796640532,-0.4216812048092492,-0.10943180751389535,-0.3612130162911719,-0.11851007346657517,-0.43263054084213154,0.02131043620234617,-0.44281917699240947,0.021157134851958706,-0.3780411300554846,0.021563809267569893,-0.31925132033691456,0.011214032493305163
0,0.0,0.0,-0.0052131557830115095,-0.3043866104546901,-0.07691689493763533,-0.5237218429062842,-0.18824779284620027,-0.6780598731302423,-0.24799736817000836,-0.8157532621304275,-0.39615815350230593,-0.4660320172580067,-0.6529154952497994,-0.5675677056903804,-0.786640296259242,-0.6077430955547486,-0.8986494936352682,-0.6340758252426406,-0.45506939918439726,-0.3150759647304318,-0.7312522195794363,-0.24907469090226955,-0.8851752936658914,-0.20032340725384615,-1.0,-0.15415986262857528,-0.4552110915240324,-0.1491296843647814,-0.5150637795900502,-0.09063820474402788,-0.43295206670402375,-0.09665962814478833,-0.3682801355757198,-0.10415008245011106,-0.43920947699293184,0.019689022390997107,-0.46268380923521407,0.03047347286922378,-0.3932389305615346,0.03164288560157317,-0.3258516972217078,0.01740611229087854
0,0.0,0.0,-0.002730882024818442,-0.29765949083014975,-0.08037744287820295,-0.5223663257984371,-0.19455882033634564,-0.6708995472392263,-0.2522483000879043,-0.8054750839508943,-0.3991734608322611,-0.46283815559266833,-0.6512637760096387,-0.5568520740834368,-0.7854107484247983,-0.5954134904907038,-0.8964475410248173,-0.6206438217597715,-0.45592863313782866,-0.31593556412124396,-0.7312532087536335,-0.23869263053289128,-0.8851906123713772,-0.18960002865491618,-1.0,-0.14755568980690525,-0.4555525121741832,-0.153333625188961,-0.507749195125823,-0.08384404289834402,-0.4234536660131485,-0.08957663822316951,-0.3585754698098947,-0.0995051031997637,-0.4389376985800048,0.013303981859543857,-0.45584520743252505,0.03990267605582006,-0.3821720476834329,0.038140459164804914,-0.3171162192115193,0.022671842217406885
0,0.0,0.0,-0.008091173449020063,-0.3044470822134137,-0.09165442344803955,-0.5238273232298585,-0.20773537748127177,-0.6802493620063862,-0.2719355343341421,-0.8164896383224219,-0.3981637182738956,-0.47697173575221236,-0.6574860854763248,-0.5845576924308536,-0.792486591621483,-0.6240776255392655,-0.9019916799565971,-0.6520799885098347,-0.4590751975815446,-0.3258315786223151,-0.7373439259577401,-0.2598709600419373,-0.8915448339608061,-0.2134084728451261,-1.0,-0.1738786104545511,-0.46058762584061924,-0.15864848171594678,-0.5180406368780589,-0.09802524946949087,-0.42931277005475454,-0.10235521083515044,-0.35890482599355006,-0.11327900989964326,-0.44450149368673897,0.009833365297347496,-0.46195032052467516,0.025169141598166616,-0.38927919518004844,0.024602973929229936,-0.3223840325624851,0.008269701942311566
0,0.0,0.0,-0.009093982379708368,-0.29470596238017716,-0.10088787730798442,-0.5306986907899554,-0.21929832489064946,-0.6922363474637031,-0.2913150989404579,-0.8328057652701099,-0.38541612648874646,-0.48968210836486603,-0.6479420882551445,-0.6098758015676496,-0.7834258391797398,-0.666962666043544,-0.8947121968287921,-0.7132377400655391,-0.4460488940257309,-0.3477551272902839,-0.7272037748861427,-0.306011289184899,-0.8855707553131155,-0.2659421496330495,-1.0,-0.22698863807986716,-0.4551594049436278,-0.1898984050685584,-0.5214261808661872,-0.11958039744368275,-0.436254333606312,-0.11930086216624858,-0.3662017491736335,-0.1295359902877923,-0.44798959572017183,-0.029097959861266603,-0.47749313304482494,-0.008740600300075127,-0.4058183354167185,-0.0004090571556367269,-0.33860720968069713,-0.0071969701546312406
0,0.0,0.0,-0.025843209969854865,-0.3053668649088874,-0.1307271194913987,-0.533589348339392,-0.24764244080509681,-0.694974752279274,-0.31586413655652384,-0.8348846074283736,-0.3809910064617678,-0.4988329125138556,-0.6510981317816056,-0.6226902348741243,-0.7889499822820473,-0.6794110438591487,-0.9013481185329593,-0.7193305422851902,-0.43225279401641903,-0.34907697236626806,-0.7153475503615071,-0.30770277740855323,-0.8801428517785861,-0.26552275586514434,-1.0,-0.224025003405071,-0.43313178981054096,-0.1818459471546493,-0.5029250790743883,-0.10918641342398207,-0.4167299174896513,-0.10518894210549128,-0.35068823942046123,-0.12133443260898713,-0.4184215934496762,-0.013539199438122257,-0.45114570142001353,0.013641134377567981,-0.3809521051543846,0.020518653852595322,-0.3200314994407575,0.004319300000415076
0,0.0,0.0,-0.0417304205019638,-0.2930136218839262,-0.1639031872132854,-0.5287199006809283,-0.2893280982942728,-0.6938897793660138,-0.364439709550649,-0.8307004171867169,-0.3875954625745208,-0.4996581951167239,-0.652861255073422,-0.614286904055014,-0.7912159129572902,-0.6726430172744351,-0.9059306534504007,-0.7185465366756403,-0.4353249733022672,-0.3603444938431063,-0.7150203799089032,-0.30785823402042034,-0.8767254040474814,-0.2576864883179476,-1.0,-0.21792569772964812,-0.4374016689174151,-0.19965422515841225,-0.5278503945371099,-0.1099807310161852,-0.44546911689840707,-0.10116306513754106,-0.3765445767100643,-0.1149031003289949,-0.4263761756264078,-0.03527824338724802,-0.47940439634509907,0.0027448613911321366,-0.4074769001011629,0.01168892164657195,-0.3417326849889244,-0.003570878015498376
0,0.0,0.0,-0.05380448353421072,-0.276712703095657,-0.1844884528876497,-0.5173021528163194,-0.30027015032117454,-0.6964403666958457,-0.37470556253362747,-0.8300280515349193,-0.3698102540279912,-0.496290544927214,-0.6288677337620058,-0.6214455256529732,-0.7683766764254976,-0.6986952314275188,-0.8808670063254939,-0.765675738578917,-0.40662626818473496,-0.3535401753197376,-0.6895144549738471,-0.3297375480678174,-0.8650963335126798,-0.2917661159695871,-1.0,-0.2597330911057695,-0.41001977835800996,-0.19285001521774567,-0.5485191672924945,-0.09223235377536723,-0.4666316768448101,-0.08274345330696219,-0.38791758106629753,-0.09522219322108322,-0.39934003039780036,-0.0304253147906123,-0.4993487935578524,0.012193984326193086,-0.42687915602288223,0.014519708158502008,-0.35379685110448794,-0.001937317964195424
0,0.0,0.0,-0.044900488497485035,-0.31401753061329307,-0.16344433687078408,-0.5640938748453795,-0.2861661179449986,-0.7520935503643931,-0.3647037646994447,-0.9045617898678412,-0.33205406544435895,-0.5612499621998851,-0.601811813507913,-0.7111247538192517,-0.7403853547714785,-0.7909163563857234,-0.8573503823451624,-0.8590659075603589,-0.37306347011294916,-0.41022988709885677,-0.672271419705116,-0.39410462207805114,-0.8574732627187187,-0.3552836400622658,-1.0,-0.32107336006301457,-0.37903891227829334,-0.23841691678742705,-0.5486771879786515,-0.16765126165983543,-0.46231897344967926,-0.1606501523764632,-0.37826322992021894,-0.17204865102789912,-0.37208215512975157,-0.06668487472201916,-0.4940090537875235,-0.04597837977427451,-0.4232944708151913,-0.04079494001661765,-0.34712265525287195,-0.05755428696503238
0,0.0,0.0,-0.047400773366945544,-0.30967988700889004,-0.17778380859576412,-0.5732568715083163,-0.312367736913183,-0.7597992193403649,-0.38714819182128657,-0.9212032482095402,-0.34095185172594605,-0.5496350141780142,-0.6100978682746541,-0.682474014570566,-0.7499114526942785,-0.7598562884349908,-0.8689999348595692,-0.8231126794614121,-0.38051032494819625,-0.40236218573303023,-0.6740577949451405,-0.36030349743341006,-0.8555563173208786,-0.3012722135041241,-1.0,-0.2563843794386414,-0.38385489674671974,-0.23013658410037932,-0.5441123210940858,-0.13393461306109317,-0.45690295804025677,-0.12541621981533924,-0.3741233341949089,-0.13976477657496933,-0.3766888796168755,-0.056089899112096046,-0.49296739730933936,-0.011582272459062657,-0.4150446287916526,-0.011371468149462915,-0.3386768744064007,-0.03491849944554668
0,0.0,0.0,-0.039909398841487254,-0.3068906632550954,-0.17174025672822085,-0.5793094934826644,-0.3034371954789199,-0.7765052342556172,-0.3873839196036293,-0.9319828261800689,-0.32552824178763345,-0.5433555721395826,-0.5988115611866432,-0.6765080398241096,-0.746147299827364,-0.7474051297014314,-0.8702768722026144,-0.8028635502411854,-0.37093318819192334,-0.3810760664433434,-0.6744951379498028,-0.3348182272173811,-0.8604369953483675,-0.2769580530102815,-1.0,-0.2351853826140791,-0.3842669330086355,-0.20089778191754995,-0.541574971336442,-0.128881270211783,-0.4539619303059379,-0.12397302165337762,-0.3678425739407576,-0.13407774417330184,-0.3900608060211241,-0.031227286585080734,-0.4880632412545754,-0.007564934882755293,-0.4059633293494261,-0.0057069003892258685,-0.32912030464733066,-0.021253303556899736
0,0.0,0.0,-0.049524222942768446,-0.3187938033851939,-0.18128167837176823,-0.5980576896551275,-0.30855955678154723,-0.8003867718732822,-0.39359389772342923,-0.9579027724235265,-0.34291315651677473,-0.5431188838602878,-0.6160917798598292,-0.6702815385769483,-0.7635840636883606,-0.7319059246012637,-0.8881503693394034,-0.7739640617487308,-0.3765426525908857,-0.37202566044675894,-0.6785612637302805,-0.32055696787827764,-0.8633108215896067,-0.2592810451068183,-1.0,-0.2097402552679472,-0.3791477504668049,-0.1827289549695011,-0.5440942831364448,-0.11122027475359535,-0.4580575519079015,-0.1162815545854097,-0.37281528711268597,-0.131584899106672,-0.37445950501465053,-0.0030488673175905626,-0.48908530071429385,0.019681658714866778,-0.4122984818580388,0.016322860138726348,-0.337302935374772,-1.9172924703084922e-05
0,0.0,0.0,-0.04622226934463678,-0.3284578934451815,-0.1756652354468972,-0.5977267183349113,-0.30578068453874857,-0.7942734032606898,-0.3963860897597968,-0.946653266435981,-0.34732819616632793,-0.5261888379686713,-0.622789128760103,-0.6518704962360972,-0.7699991399335524,-0.7114569748052432,-0.8915263436128574,-0.7508322625753207,-0.3852002212446793,-0.34464586393303936,-0.6910148265075445,-0.2956943664906249,-0.8704906753226918,-0.23218235188135827,-1.0,-0.1774741553739695,-0.3905569152678848,-0.15216558799999702,-0.5639544668959683,-0.12041263912130866,-0.47747756598229596,-0.12812469184041617,-0.3882019272902791,-0.13236867489710713,-0.38369658783465665,0.02205495824599828,-0.49545981302452,0.013703416465675564,-0.4212794526418498,0.010942677312707556,-0.3463315200265731,0.005146867467467616
0,0.0,0.0,-0.04799526736241256,-0.33146490487308133,-0.17575480602056529,-0.5997229058756057,-0.3048716362371918,-0.7983173847661453,-0.39748429604273827,-0.951834755081489,-0.3550677607127858,-0.5295597472916036,-0.6259274479432445,-0.655345667694781,-0.7691442867400345,-0.710622694081042,-0.8892049801075682,-0.7476178304830632,-0.3913257255883057,-0.34995055116261214,-0.6960492411071121,-0.3093018907970972,-0.8727850759344475,-0.2477194376831752,-1.0,-0.1913459567108169,-0.3940220645679888,-0.15960567374605425,-0.5691675886579269,-0.13901111356975449,-0.48065769211663606,-0.1500677832921636,-0.39178110647982983,-0.15393283086691262,-0.3842482647748159,0.008391219331560099,-0.49869500228051716,-0.02056132333217426,-0.4258810247424822,-0.023595449803785206,-0.3526768755560172,-0.028332964536829222
0,0.0,0.0,-0.03685220950688923,-0.3148795078475151,-0.14950676168937713,-0.5784404275200832,-0.2760397917136383,-0.7657631018241611,-0.36481893135004306,-0.9123043275178906,-0.34825899678261885,-0.5017793827460629,-0.6156481728907136,-0.6167212447703688,-0.7580223784929979,-0.6714636345776186,-0.8730655726062325,-0.7044316802895721,-0.39102096360002864,-0.3399452230175141,-0.6911917693185479,-0.298305945861235,-0.869942447741251,-0.2502319063474857,-1.0,-0.20144854221123565,-0.3957131634489215,-0.16687612999474383,-0.5615957148406697,-0.10374064785622794,-0.47992956371556467,-0.11827708543404508,-0.39611587114716396,-0.13709253253262346,-0.38648408138399365,0.001389996723304607,-0.5072687865980275,0.01319553450449351,-0.4430530694494322,0.004911112103078495,-0.36891554311073266,-0.014712895180951594
0,0.0,0.0,-0.031130364167746994,-0.32301343114130354,-0.1305412195977821,-0.5764756416315004,-0.2554641320514745,-0.7557772347265992,-0.33275188779699716,-0.9051543863623932,-0.3524856083804888,-0.5056004637047594,-0.6201408275087249,-0.617392160171698,-0.7568471498151584,-0.6687956093214819,-0.8684710401843758,-0.6996795352859846,-0.3975525195497992,-0.3366155756721252,-0.7005194298636614,-0.28483935849681685,-0.8750699156070126,-0.23355740027051172,-1.0,-0.18292834774677108,-0.4009791511724695,-0.15453559057593352,-0.5413457547865566,-0.11609036678075235,-0.4636727881328772,-0.12561470216448264,-0.383261523211031,-0.13157916339068898,-0.3909883805078442,0.018751078491172597,-0.47425528699379177,0.011903691051519496,-0.4069671156214256,0.007417686226964574,-0.3358757426089493,-0.0029332367627386818
0,0.0,0.0,-0.03008106411402156,-0.32253165744901857,-0.13057209139299886,-0.5700541256884798,-0.2555336104670962,-0.7511867766385765,-0.33597527551631984,-0.8870866544238668,-0.3612104090815696,-0.4979703755525079,-0.6336372348904156,-0.5977287544408588,-0.7830250771218187,-0.6437489202234418,-0.8998086440423706,-0.6721304249218473,-0.41165845858741407,-0.32430924516242327,-0.7213330432600258,-0.2720919617700444,-0.8878584058338861,-0.21509291232889763,-1.0,-0.15594337456213506,-0.4221313136268335,-0.14625417957955011,-0.6604403106628246,-0.10042508536900098,-0.6165331298554397,-0.10306311725004817,-0.5449639399064798,-0.09772093383698022,-0.41081489981450947,0.029392140008716417,-0.566631989398105,0.03389254205885218,-0.523762105050617,0.02532364858187568,-0.4556918355028399,0.014151738200308416
0,0.0,0.0,-0.013091081269784588,-0.32479389360694316,-0.09992295877117713,-0.5658979129173658,-0.23178291078611332,-0.7313105864420011,-0.3147959574999699,-0.872066743677958,-0.36268626904004186,-0.48387082867729964,-0.638205300414988,-0.5830973807239577,-0.7786289714897159,-0.626500027213211,-0.8914814387040836,-0.6511110085251894,-0.4207750681722368,-0.31738740960588624,-0.7123520494960706,-0.2586990217075203,-0.8800778459495157,-0.20224301523095572,-1.0,-0.14362719589506226,-0.4243681101403968,-0.1431493929837337,-0.5355618288642894,-0.08430778482846427,-0.455622078733657,-0.0898544299784324,-0.3782802472145078,-0.09903884376006462,-0.4121788369594563,0.026619190540795656,-0.463588274716556,0.045169619135395876,-0.3940031962500016,0.047334820749363814,-0.32235799688494055,0.02929219246691619
0,0.0,0.0,-0.012447274780516313,-0.30506440565547427,-0.10103660220262473,-0.5569949764289368,-0.2236549960216364,-0.7327001366602478,-0.30737201822591753,-0.8712461772587791,-0.38449280759649174,-0.4961746089319787,-0.6419908417692787,-0.5930406213469164,-0.7767103235705782,-0.6305874270775564,-0.8911344022187574,-0.6530744783079927,-0.4418469954956193,-0.3525789479262836,-0.7204895516081518,-0.28236572596197984,-0.8820547686557766,-0.2264672472616301,-1.0,-0.17362821909258816,-0.4489074456031312,-0.1833061791379248,-0.5369394068905724,-0.06702154855624655,-0.4505165764550939,-0.05157410795818236,-0.37513687133726015,-0.06561147062199905,-0.4489598137669525,-0.014130960651298272,-0.4847526902235375,0.053795488217702095,-0.4100887132863691,0.06920969344593117,-0.3425342310835503,0.04724183258751367
0,0.0,0.0,-0.019975031210986267,-0.3056495844963346,-0.10687647536844445,-0.5535130044508374,-0.22455811319643723,-0.7254821158878618,-0.3052772272062259,-0.8650931014033333,-0.40005750463701606,-0.485006243092128,-0.6554531729610799,-0.5793965342046548,-0.7898155404089093,-0.6174159943250637,-0.9032285820059883,-0.6398941685591025,-0.45275308595242975,-0.3398763874022786,-0.7200742101546602,-0.25835421299320227,-0.8816024625515145,-0.20754162665458945,-1.0,-0.1583983392560604,-0.4497542719296385,-0.16977201550173243,-0.5062819744260968,-0.06729617510045638,-0.41572926322922094,-0.0685819308188612,-0.33934912733178574,-0.08806603386509462,-0.43823312036214496,-0.0037298370227667713,-0.44854270130940727,0.05529018051498418,-0.37048521260115774,0.05964285020757957,-0.30314107222612835,0.03811342194559861
0,0.0,0.0,-0.01600706727810171,-0.30385188652798284,-0.09685416587850555,-0.5492618225649724,-0.21833647068992168,-0.7151174191584004,-0.29824649231607375,-0.8481974091788547,-0.3918861017483783,-0.465179722866353,-0.6531365359120124,-0.5705213399954301,-0.790315039765989,-0.6125029725748228,-0.9042183569153419,-0.637539274381879,-0.44961659660342224,-0.315922628127159,-0.724055748002505,-0.24773825332667118,-0.8849923521941789,-0.19554981077059863,-1.0,-0.1448534627285095,-0.4481297045232104,-0.14730134472416856,-0.49736371232165866,-0.06364000326566807,-0.4103677020863722,-0.06623921219454126,-0.3391479353571135,-0.08308250224834128,-0.4334712541119192,0.019987750550237233,-0.43624661562288125,0.06467446614929223,-0.36264979301387074,0.06658038232503245,-0.3010024131534685,0.04655959175680758
0,0.0,0.0,-0.020773222850508213,-0.307546345822652,-0.10575955696099122,-0.5394967699687728,-0.22170532245526867,-0.7089504768545737,-0.2973558910742435,-0.8418335636905038,-0.39913009821587886,-0.4686091623906819,-0.66447525042746,-0.5687557768141331,-0.7992124563274466,-0.6083456404340112,-0.9120820235836634,-0.6329003947780046,-0.45814058055176243,-0.318834631798225,-0.7305182034780748,-0.24946938465050464,-0.8873638822664857,-0.19984553007857253,-1.0,-0.1510875341554929,-0.4563957553725929,-0.14428158978663416,-0.49453295187552093,-0.07216590294795332,-0.4093781537955117,-0.07257353959969454,-0.3410811066781241,-0.08394250366259132,-0.4415952033277034,0.027268085807145955,-0.4310589589739003,0.06143664042413412,-0.3578509794495188,0.06689247300214886,-0.29630042968927767,0.05124332409596926
0,0.0,0.0,-0.024939331128873116,-0.3117946016142934,-0.11066085280722064,-0.5337568484999734,-0.22227669441883358,-0.6971148375885886,-0.29351477381175206,-0.8339984148221066,-0.4016615252369102,-0.469423951899325,-0.6597432751254162,-0.5583186022705479,-0.7926872924653213,-0.5981426151738034,-0.9035625371165014,-0.6205959437007664,-0.4609901584946818,-0.31598076527582325,-0.7357830108674805,-0.25044257889495075,-0.8912529606547756,-0.20398106105245645,-1.0,-0.1582159123207143,-0.4609505059397956,-0.1454422438354835,-0.5121197710503999,-0.09571424280026528,-0.43324353739610266,-0.10107852176384546,-0.37071460096728204,-0.11367546371074894,-0.44601313895262723,0.018403591837489228,-0.45022518306956066,0.030974098747801895,-0.3797744241020984,0.030698471897753717,-0.3209305872321546,0.010861657412093105
0,0.0,0.0,-0.017221198702813634,-0.30454325353669737,-0.10513908276994259,-0.5332299960403364,-0.21594460845849106,-0.6958352889785039,-0.28509729489588803,-0.8250150174136659,-0.399187973039061,-0.47197372067425925,-0.6570819102083897,-0.5672144493300129,-0.793114323485341,-0.6140053344429041,-0.9046296814925758,-0.6431289135886631,-0.457166198061493,-0.32092981215721367,-0.7286261141495783,-0.2525783385331044,-0.8861179818774013,-0.20695683966667236,-1.0,-0.16623788066190348,-0.4602195376137504,-0.15236224970444565,-0.4923917215711138,-0.0994181903338281,-0.4097187938096675,-0.10216415052289765,-0.34586191479256556,-0.10959163287995193,-0.44751092553242516,0.01588941085195929,-0.4443622283034179,0.030484722388661508,-0.37071153824574354,0.03269963406609916,-0.3085052845150638,0.02257751610865302
0,0.0,0.0,-0.011320946401083064,-0.29749682277813483,-0.0933897834679435,-0.5122649966221696,-0.20642207395595838,-0.6680334057977949,-0.2688278891737898,-0.7940137925415837,-0.38082511329167057,-0.46962418845569714,-0.642490480604039,-0.5679699227086642,-0.7780877087463599,-0.6113054866615576,-0.8902994060760703,-0.6406353118609821,-0.4447200695148415,-0.3205698214596399,-0.7256669221204579,-0.2550645002418345,-0.8852160474059416,-0.20694809772812991,-1.0,-0.16387304265587527,-0.45179267949432417,-0.1557006807929423,-0.4962918955873732,-0.0942351122094888,-0.4123833985955195,-0.0942704487569756,-0.3469585661803229,-0.1000277539133386,-0.4436533965661219,0.010681649362801068,-0.44845131445821834,0.03102058083959146,-0.3748217283448926,0.03315628250686302,-0.30913589626367544,0.016940733493476603
0,0.0,0.0,-0.013411650753162249,-0.29747836158694374,-0.09005603746418793,-0.5131418155682633,-0.20625153076933186,-0.6620335673070998,-0.27789560839051247,-0.7868106140803143,-0.38924741145375524,-0.47806978813927564,-0.6476321294121451,-0.577926347463062,-0.7800840494497776,-0.6158049206803495,-0.89253093509598,-0.6409662833202976,-0.44476774359365695,-0.33356356403929305,-0.7290019676304723,-0.2640192984005338,-0.8869484276722016,-0.2121492748532348,-1.0,-0.1687099829223488,-0.4445552536952978,-0.16789560489232505,-0.5060448928387756,-0.09002595305242589,-0.42001476934726273,-0.08978567755117686,-0.3526819578435434,-0.10233837337183738,-0.43281143875301015,-0.00047035628489098375,-0.4578158827003788,0.030223339776494808,-0.3833203825437849,0.03311843968047956,-0.3157411986978947,0.012614263919150293
0,0.0,0.0,-0.014207282747268004,-0.2932585458134745,-0.09647815199144641,-0.5089859722186587,-0.21215585549305233,-0.656483088787176,-0.27708151402235576,-0.7864169562098714,-0.3933580626098876,-0.47023344411375845,-0.6535758759034778,-0.5720285900103715,-0.7857111708795579,-0.6108999744134437,-0.8973951202187849,-0.6372176186816139,-0.4510988984799882,-0.32831912550971554,-0.7308598512856205,-0.25858009114412067,-0.8866894839659102,-0.20610432560865427,-1.0,-0.1611944936270409,-0.4522355378911749,-0.164758965613514,-0.5091076680870941,-0.0846613817531446,-0.42274791907670967,-0.08548424865021535,-0.35552727929516187,-0.09910789829511188,-0.4419578147356862,0.001225477395144558,-0.45730944429914183,0.036419922546664533,-0.3835691511926144,0.037309519344927364,-0.318538022910667,0.015023963437693287
0,0.0,0.0,-0.005243986133352104,-0.2929868502538718,-0.09119792087021636,-0.5245816648123067,-0.20650958370694297,-0.6777106062827435,-0.2748418227360802,-0.7975475090118704,-0.39195947383866875,-0.477945113569932,-0.6363184399786819,-0.5614544735971425,-0.7703540954353233,-0.604755320444522,-0.8817758146825131,-0.6330407617055114,-0.44973943330114147,-0.32996344802980626,-0.7185987828173487,-0.2522395515717377,-0.8789813883208272,-0.20498634815842587,-1.0,-0.16318500796438432,-0.4533583889196827,-0.16579718045889588,-0.4947546429745945,-0.09550680907127747,-0.41041337579875026,-0.09792296892746041,-0.3431071622330107,-0.10378540185407417,-0.44101896462156326,0.0011116688287711458,-0.44583313870820396,0.03398416475111505,-0.37050925050539807,0.030600504059560326,-0.30557702317121627,0.01735678951238666
0,0.0,0.0,-0.010822805044390149,-0.30232802718290563,-0.08728566350617416,-0.5337215026583353,-0.20606985150216195,-0.681652247812203,-0.2796959471235317,-0.8147752567323804,-0.3990836825562207,-0.46168272780669783,-0.6505443362671085,-0.5449794651049606,-0.7877170955535543,-0.5801128572782598,-0.8992279027280884,-0.5996544908154022,-0.4569124758338827,-0.30385392454148924,-0.7311921764751531,-0.22671850469649393,-0.888000002796513,-0.1762746031972733,-1.0,-0.1289502119806813,-0.45787827158316297,-0.13170238030200143,-0.50354363144595,-0.07862596128886891,-0.4200118871778779,-0.08520276067771096,-0.3542955289050084,-0.09072127963642135,-0.4433349057060751,0.04154080277302232,-0.44997153049862126,0.05462309046849483,-0.3750918979124929,0.05678199852603788,-0.3124737764481468,0.04883870302120286
0,0.0,0.0,-0.014973325804683227,-0.29830353743096466,-0.09435665534072837,-0.5395870476017408,-0.2090879566500144,-0.6900625637090149,-0.2852716751641393,-0.8190011405572017,-0.40694178223591704,-0.4544168271008689,-0.6592574345011847,-0.5360099923346018,-0.7986122975936877,-0.570864104503982,-0.9119403972945814,-0.5880861363994404,-0.46077757039286216,-0.29751692600007307,-0.7250212440895217,-0.22392479548249664,-0.8839249286405183,-0.16868810660944528,-1.0,-0.11290253253828857,-0.46000819117653824,-0.1265929395504683,-0.49934287495414126,-0.07630346282330841,-0.4159298507876248,-0.08421461587484477,-0.34971888481331787,-0.09017617883278965,-0.44219331235376486,0.04421257542398346,-0.45077015760328876,0.06166489236866483,-0.3780906490856303,0.060159619262051954,-0.3172318522995558,0.05356438077750381
0,0.0,0.0,-0.020495638907933943,-0.30822138325350956,-0.10424622676456975,-0.5433993543145933,-0.22006317114328583,-0.6965489534362183,-0.2913637500800592,-0.8344377131591786,-0.4078265134963866,-0.45258532356669645,-0.6618308826540318,-0.531753994299115,-0.8016542359705932,-0.5624188490580787,-0.9135277325633394,-0.5775922556695056,-0.462207989046848,-0.2884224385748876,-0.7274582572870122,-0.20644675538931023,-0.8856861645918401,-0.14665933733010622,-1.0,-0.09075485135042136,-0.4632107934821339,-0.1111127549832632,-0.5184093265203211,-0.06266830930856605,-0.437424039186688,-0.07436254005228213,-0.3686157719394014,-0.0829819238439424,-0.44522226111305563,0.06495683387932691,-0.4613928405719441,0.0813411273236146,-0.3920022289633707,0.07656515904606248,-0.3305750643408909,0.06597529221975143
0,0.0,0.0,-0.018119403974896038,-0.32145602420561226,-0.09793743857644811,-0.5561535728135567,-0.21421599971967695,-0.7120389573770229,-0.286256386932337,-0.8460649770932335,-0.40869697526266763,-0.46540416256196443,-0.6626564794013128,-0.5471849287798399,-0.8002364872889258,-0.5765025797009903,-0.911981952087807,-0.5893460783112512,-0.4672852430379586,-0.2963682409987966,-0.7298120965505921,-0.2161326379503306,-0.8867754078617913,-0.1561515973827423,-1.0,-0.09856195691820564,-0.4649383371622983,-0.11968871913771505,-0.5032186117565883,-0.07201084981857785,-0.42007047114260093,-0.08186241735820464,-0.3543812821345565,-0.09246991642281463,-0.4434941890586061,0.055535380553812026,-0.44378881045435614,0.06615021693287557,-0.3754076736550667,0.06168931788138808,-0.3153524133297368,0.0459699682778735
0,0.0,0.0,-0.01176429187433079,-0.3294249467213076,-0.09450162017899388,-0.574978955972234,-0.21443437313196131,-0.7322233097446282,-0.28686608678679043,-0.8677560450553339,-0.415527067264877,-0.4860503198598379,-0.665467712314768,-0.5723819774911014,-0.8016792993394475,-0.6021872651021984,-0.911889148413651,-0.614290419782606,-0.47153927796228123,-0.31420305304971835,-0.7377345458947488,-0.23449024655060935,-0.8922404077239324,-0.17903892840150784,-1.0,-0.12494212305853009,-0.4665982247004804,-0.13553949192162706,-0.5104762190756018,-0.09174313992847377,-0.42625994371367737,-0.10119807849492737,-0.3595499534075372,-0.10859881965760874,-0.44487637748059117,0.03929138166124417,-0.4482864953177625,0.047931397877110385,-0.37890285776489435,0.044810218998651494,-0.31938668741196463,0.031177254995434594
0,0.0,0.0,-0.01645949387156051,-0.3274319670839128,-0.10272690018878003,-0.5761277877730692,-0.22209312791566888,-0.7415910765519469,-0.29690184843448175,-0.8756514551616387,-0.4057691075310152,-0.48673232710474956,-0.6611033647477248,-0.5840526151250447,-0.8006386089285784,-0.6209580366659455,-0.9116267994583599,-0.6359333589366681,-0.46430134031373177,-0.322187422756047,-0.7366938722493901,-0.25341246618941254,-0.8923884947423579,-0.20233752948243344,-1.0,-0.14985945509492615,-0.4657604947311183,-0.14831600364634512,-0.5185618890221426,-0.10704798413620514,-0.43615274875849963,-0.11609822217561211,-0.3700055028739396,-0.12221184170250272,-0.4474965005401808,0.022702006278406628,-0.45598466772965524,0.02889665972560682,-0.38791499632401494,0.024631592515039994,-0.3296091871799262,0.014392675693821218
0,0.0,0.0,-0.014156693456872448,-0.33212781906847116,-0.10201282006286744,-0.5725159665846852,-0.2221794466837109,-0.7391715644058324,-0.2914629504142718,-0.8760847243632489,-0.40536551037726765,-0.49071881802727974,-0.6645340690965932,-0.5795984078860574,-0.8033894064849036,-0.6130146225748654,-0.915462952214084,-0.625973091006608,-0.46512458750552316,-0.3262343337589889,-0.7356578808830239,-0.24941330619216415,-0.8911579722234971,-0.1929103594495094,-1.0,-0.13727996169999468,-0.46519954968696764,-0.15105968447490928,-0.5189037883348767,-0.10250884832711948,-0.4345760137217688,-0.10972285590612899,-0.3670440873016944,-0.11865568421213668,-0.4463833222194925,0.023070893705786487,-0.45506705650600643,0.03952081797868482,-0.3861600735043335,0.03653420948195103,-0.32616675080789076,0.022341249807645062
0,0.0,0.0,-0.01980540983409694,-0.33245431440624756,-0.10832800684992186,-0.5658258413257019,-0.22577933381836243,-0.7327623705641874,-0.29631295569189037,-0.8673949655611977,-0.41411421052905856,-0.4885203312306091,-0.6726707558047718,-0.5773044904917456,-0.809044470793009,-0.6077898148876136,-0.9212238140370379,-0.620136894211168,-0.4706290567468173,-0.3216931034709337,-0.7414029878003326,-0.24512116399730735,-0.8949117034830331,-0.18917149524377697,-1.0,-0.1347941001671923,-0.4669999032509713,-0.1455156145455254,-0.5199547477376701,-0.10293335351392699,-0.4360146560050899,-0.11032126341996261,-0.3709700347639426,-0.11889281952273047,-0.4477101861319897,0.02495807730904472,-0.46116088411845435,0.03162419867673612,-0.3917988544643106,0.031767940090826265,-0.33167479366060487,0.018094379470535844
0,0.0,0.0,-0.013757385363783013,-0.32969004218749176,-0.09578103202088424,-0.5695984211007111,-0.21702380255590156,-0.7316957942150423,-0.28898477424850855,-0.8658787121920337,-0.40390707920953656,-0.4857006155905729,-0.6627346892335194,-0.5765872458006243,-0.8009253915749371,-0.6084927102267972,-0.9129628849629134,-0.6229974981433456,-0.4647009560152048,-0.3206118088873986,-0.7369643531467033,-0.24573771768167726,-0.8923463626439488,-0.1904746015326949,-1.0,-0.13549410893989364,-0.4628225122243805,-0.1457788713182128,-0.5072858529405705,-0.09890675738335807,-0.4229081343982589,-0.1071444135260352,-0.357364905484301,-0.11554125054906464,-0.44278988105559713,0.030206805684635508,-0.44308317137180186,0.042222135915673885,-0.3748546539985672,0.040399305147194906,-0.3163308825312568,0.025105724002234004
0,0.0,0.0,-0.012566680232055991,-0.3181283861627173,-0.0940671611202279,-0.554227277850891,-0.21272686649753847,-0.709125054346951,-0.2832337094557107,-0.8404557421853842,-0.3911823993465191,-0.471101512052946,-0.6551064724473767,-0.5640829235658626,-0.7964771190187246,-0.600217790373746,-0.9098916574319547,-0.6162042113214397,-0.45029852395877096,-0.30831610821667343,-0.7313531402656377,-0.2400795771111869,-0.8899494372071303,-0.18714381703705546,-1.0,-0.1326696905773732,-0.45145472331729397,-0.1355581303770544,-0.5049786930674517,-0.08981556438119134,-0.42440302527700474,-0.09588650307197513,-0.3593712259061851,-0.10339351876927762,-0.4347885995101821,0.036455275936121655,-0.44616348953537566,0.041631960252433355,-0.37986322867001115,0.03842951584735131,-0.3221796128301257,0.02576338252494836
1,0.0,0.0,-0.13674327858321023,0.1263865688531026,-0.17471085958696325,0.33989735314144315,-0.13328709979236894,0.5128040549288058,-0.08380260843946404,0.6215102132504582,-0.16285790464087246,0.3908722113791894,-0.2116435743892309,0.6713710577567029,-0.2347532535513168,0.8199355203057852,-0.2460553248932628,0.9309850333490323,-0.04386508670188533,0.40222144933053505,0.003956116858423894,0.713166691976148,0.04051933656035052,0.8837215714458665,0.08086680191493635,1.0,0.0545776454064691,0.39129265201609265,0.03961785249167761,0.578981047280677,-0.0007771993531036539,0.5220188988346208,-0.011351617275855385,0.44870071386733307,0.12491117771664624,0.3752605535288532,0.07738109150812085,0.5201013032400101,0.049850487446613904,0.4696829969971525,0.04672139579573359,0.40675609194549667
1,0.0,0.0,-0.13275185339449985,0.12454539233012003,-0.1730910534153568,0.33493405341584215,-0.13227868907133944,0.5062356942157533,-0.07946525775009394,0.6139066489225423,-0.1647363471395296,0.3873663322921268,-0.21257891821350514,0.6656678027279199,-0.23357981468793862,0.8150496070219139,-0.24371790115012074,0.9270686256760567,-0.04735706453957208,0.39738148200973633,0.0010395192750323793,0.7114865285110974,0.03879226331955143,0.8815383470769865,0.07818319322265606,1.0,0.05297138388985034,0.3855975824797735,0.042910124225742925,0.5751399020846619,0.006885844461373767,0.5129319678594951,-0.002783931356226656,0.4382344785772842,0.12702825693793485,0.3680357946314293,0.0837833675667906,0.5186322666588823,0.0594956986353744,0.46246397270402106,0.05797885474125698,0.39667922405766004
1,0.0,0.0,-0.1337610867166671,0.1252305957135175,-0.17247139896524438,0.3333310134800473,-0.1271222178642668,0.5008848976999826,-0.07275344718713884,0.6050565543480987,-0.16279016885683786,0.3871277221181427,-0.2141860360634745,0.6649372964328741,-0.2370671394941103,0.8120450273875907,-0.24837470160025776,0.9220724990442664,-0.044181077549341904,0.39860382960461704,0.0011510147313899303,0.7127509886020326,0.037386204305666075,0.8822078645507032,0.07665424603436011,1.0,0.05511861157194269,0.38796920870217855,0.04018284486410667,0.576504443231077,0.0032115957016655814,0.5159420777194033,-0.006218952438781369,0.4422637670429974,0.12719015970605024,0.3707522223046038,0.08092824266565751,0.5179544241164047,0.055558786506336784,0.46410327931704254,0.0528378053214035,0.4001729691797614
1,0.0,0.0,-0.13467672638732212,0.12444284857116578,-0.17563742848441807,0.33540578992901837,-0.14118712683100756,0.5084572773353383,-0.09181595468863689,0.6182759625740483,-0.1717908564494965,0.3903203749648605,-0.2228748690332024,0.6657678986141161,-0.24880522264508778,0.8130205694040455,-0.26244027134475406,0.9251265822310812,-0.05499839561630495,0.40337875785094424,-0.009050861856674648,0.7174906690092779,0.025012590309985448,0.8862839525614413,0.06239442402965764,1.0,0.04566975376914427,0.39257046097112835,0.03774798587379815,0.5795455342338988,0.00275002190581175,0.519074872805019,-0.00565976730615297,0.44361661922279744,0.11957489040456,0.3750742704037062,0.07697760119685049,0.5203119469293158,0.05172957872826193,0.4689143425230171,0.04894660449024546,0.40545570794647534
1,0.0,0.0,-0.13772008748396958,0.12152286036832527,-0.18045336938839626,0.3321689181891103,-0.14284666674342622,0.5045045526644615,-0.09275543252094302,0.6143092434413067,-0.17556460770106755,0.38347240521153564,-0.22796397454433606,0.6599870769794235,-0.25264943853121674,0.807727851165402,-0.26468465252865186,0.9199770598565583,-0.05771469238331313,0.39811449730436865,-0.014006838180425543,0.7148645440454592,0.021631529977076305,0.8849752477826082,0.06170385941595842,1.0,0.04318232534321119,0.38981514378436705,0.032056849228319674,0.5812367007204982,-0.004872039068424022,0.5211753588646603,-0.013609744516762917,0.4454820007050914,0.11753684596055546,0.37517298315621067,0.07365340425916879,0.5240600106257165,0.04877700086135194,0.4695971822661287,0.04752499757384955,0.4034277667847119
1,0.0,0.0,-0.13607360514372235,0.12040629440541384,-0.1774922400328189,0.3344691148491533,-0.1352834546934766,0.5128064812278488,-0.08052418457941835,0.6240872550098236,-0.17073396098732885,0.3789964488303144,-0.2273462943958528,0.6559477328794305,-0.2521619356323092,0.8018385988290065,-0.264642078577833,0.913329305409949,-0.05051622365997279,0.3962478848792453,-0.00532617403756841,0.7133340995812203,0.03372282901724748,0.8820564208397298,0.07584119437421075,1.0,0.05021628063685443,0.389326112300662,0.03518935371634664,0.5808382301148941,-0.0031272747984143175,0.5193538713718384,-0.012156843703392135,0.4441515583685913,0.12199130752553083,0.3764376452806335,0.07387776953025521,0.5241525499835038,0.048672038460453655,0.4695712515266055,0.048894810350574795,0.40513294571570796
1,0.0,0.0,-0.14154684354722116,0.12373679952089824,-0.18039988392346665,0.3335411419062231,-0.13230449573035544,0.5010370914020207,-0.06944367753449399,0.5997481815142133,-0.15382136481468003,0.377671446729533,-0.23707860220116977,0.6500724946116353,-0.2797779750233211,0.7866781022364957,-0.30771125257143983,0.8898165727325792,-0.031954443287020254,0.39927080945286625,0.005512837008136667,0.7128224786118609,0.04553489208168839,0.8812006443551532,0.08948111634117825,1.0,0.06469231003610959,0.39277549981498805,0.03531180134041519,0.5774545416806429,-0.00667559815538901,0.5166942510316029,-0.0169276947245717,0.43909867183910656,0.1272791695179085,0.38005651080380604,0.06701557040825437,0.5184220936060644,0.037638255014715134,0.466516563724806,0.03452531763044739,0.4037301228583088
1,0.0,0.0,-0.13523034097563658,0.13111513399690788,-0.16875453364280493,0.3403495116871045,-0.11502284411634135,0.49964107191074875,-0.04939148886812185,0.5893357296817872,-0.15862659234438173,0.3917303263927129,-0.21778756483856837,0.6670137895319876,-0.24830525594106295,0.8111872932601759,-0.2666625359583313,0.9192343924747275,-0.037773804472428126,0.406253439923529,0.01659066297734378,0.7180471677610132,0.061639935114725944,0.8846445039379942,0.10783877173342846,1.0,0.06133120722818405,0.3955755812773539,0.04686400610520484,0.5713158057791119,0.00702023289937151,0.5064521709000379,-0.0038183067169215274,0.430781917550972,0.131692940346165,0.37898854723032643,0.08340437748455722,0.519721287399319,0.05780603743792681,0.4598197443109461,0.056387528898717766,0.3925544295865882
1,0.0,0.0,-0.13421444327576135,0.1337050194002651,-0.16886592281945237,0.33425465639329627,-0.11826958919283455,0.4884359981061606,-0.057725737081202995,0.5761348267642473,-0.16061004591341685,0.39551945417785855,-0.21666238983267466,0.6724648902787286,-0.24652013010188945,0.8178685435984986,-0.26448403166939516,0.9253281435012891,-0.04137089301559154,0.4114816242769481,0.013998933466604498,0.7167805716429856,0.05637641982175026,0.884037570160668,0.09886286387859715,1.0,0.05646606350542368,0.4019315749629321,0.04398148225231553,0.5680839448495542,0.006425573997630769,0.510374324983395,-0.003572294134379345,0.4381073967294441,0.12732799684795226,0.3851714695190496,0.07961970831703574,0.5134010314085227,0.0552819144001389,0.45897919021117617,0.051509287278768745,0.3935435635335622
1,0.0,0.0,-0.13793990367955672,0.12847094814890214,-0.1729208162871078,0.33034312748814637,-0.11901706749268084,0.48432069647520753,-0.05154313018294694,0.5673487024568643,-0.16204849667148774,0.39090023214639597,-0.22109878091624954,0.6705484913018975,-0.2515695045429068,0.8158482688541154,-0.27004956632054267,0.9250766734127841,-0.040041134396307645,0.4109552847873906,0.012619937802135337,0.7204734070877123,0.05512708152498764,0.8861869659300501,0.09803297568749599,1.0,0.05735709569336852,0.4032791053635669,0.04003219619642241,0.5691999770808546,0.0019051706352385329,0.5107059957244722,-0.007809718798228342,0.4385164242424525,0.12535331736953045,0.3876983554979568,0.07797418767938517,0.5113758270919907,0.05261798207063806,0.4590501374981965,0.04849013459528265,0.3971257550694435
1,0.0,0.0,-0.13422961720661833,0.12896875662169652,-0.16914070516012725,0.3287659530664178,-0.11547022149971692,0.48144080094704045,-0.049853980103326874,0.5640319806634765,-0.1603630678282306,0.39083854657897676,-0.2152268438646577,0.6722452572777666,-0.24361492992448674,0.8184876095316335,-0.26037677077115484,0.9270733388189667,-0.04205386392910833,0.4075634897451854,0.01313477212005917,0.7184531850652628,0.0549323575946723,0.8848701462337962,0.09742177457789923,1.0,0.05521457137528751,0.39885470134603007,0.042688878357304574,0.5739428847970193,0.003774793135694562,0.5148100738688889,-0.006639844548467977,0.44191803768509835,0.12510118453586128,0.38215328713547664,0.07978107376260754,0.5131928592293331,0.05349963135741353,0.4606047075290653,0.0490392900137631,0.3980851975463042
1,0.0,0.0,-0.13327720029555,0.13126788059683223,-0.16694025756708256,0.33500579271128295,-0.11489194501108978,0.4890606440387898,-0.05019028061950542,0.575149368390225,-0.1535898111085135,0.3958309244161284,-0.21018673593526108,0.673538572857432,-0.23948373749697124,0.818615952489522,-0.2561013077143852,0.9269965360823974,-0.034344850141953695,0.4086412855388193,0.01851724953259799,0.7170926829813509,0.05891374322248788,0.8844991782958878,0.10136053869620286,1.0,0.0622022894349116,0.39679160835922767,0.04661605733979165,0.5721917392091709,0.007703833647861966,0.51477251150592,-0.0015501340633112008,0.4419490760336101,0.12978653789066538,0.37918428086885747,0.08170417347982743,0.513150658793671,0.05566963862183635,0.46029547817244915,0.052616739398779505,0.39634200295150845
1,0.0,0.0,-0.1350068587806442,0.13032321844130698,-0.1686253035294453,0.33106614209285373,-0.11137441682214266,0.4827128208444548,-0.04267098651758538,0.5648084522656966,-0.15970519141732134,0.40044765257341747,-0.21345227174673104,0.6796277879635828,-0.2445694765640514,0.8243763605130526,-0.26369500791284006,0.932527291601096,-0.042787685951068785,0.41472881296912534,0.016144586833588086,0.7233814709533363,0.058824850149457285,0.8873405449460204,0.10219643660699892,1.0,0.05359488705901429,0.4014078684189687,0.04224479158193745,0.5753517351847851,0.0036752254766156786,0.5190001601256051,-0.0060374478801910915,0.4486153437436936,0.12277237520050993,0.3802688685035355,0.08283602748137212,0.5144059938334836,0.05672036140254972,0.4651689163798814,0.0524223804237507,0.4050500200930073
1,0.0,0.0,-0.1320094751531937,0.12943464114935163,-0.16626346770766445,0.3316882074023629,-0.11177047822175988,0.4845350431864828,-0.044156653721222974,0.5676509583069129,-0.16006359667055878,0.39826382698059254,-0.21305876659458864,0.6773306825783463,-0.24279449990683033,0.8227433169202802,-0.260601835777417,0.9313983090042107,-0.044701997852405854,0.4116397725855988,0.015317494044514988,0.7216511540302245,0.05848735372698743,0.8866451013538422,0.10189382412517713,1.0,0.05203572352607611,0.39986580888020795,0.04805999321671263,0.5729691360424478,0.011455846295534157,0.5137401786444418,0.0014543850735504074,0.4403523823950903,0.12256019497259203,0.38185671713021363,0.08256520870673811,0.5156817270839505,0.05775674273511263,0.4613024179872405,0.05382230200106978,0.39644306395460294
1,0.0,0.0,-0.13485601107269318,0.12579397438431905,-0.16906119841427372,0.32767373731292837,-0.11032060914228675,0.48444514330282396,-0.043589452322693345,0.5708009909254159,-0.1480393396162066,0.3915302012939054,-0.2057711968218199,0.6791691422226784,-0.23412047894283491,0.8259238401283147,-0.24927802308270494,0.9387707511216254,-0.029465334629543583,0.4125371099806276,0.026895116826443757,0.7214536633979761,0.06994503030934851,0.8842706541461264,0.11439531538261005,1.0,0.06179201378400266,0.40747809908800314,0.039603378885343724,0.5738434720672521,-0.002712110377739925,0.515618394670392,-0.012865772160570069,0.44472790330161194,0.12382803474245697,0.3971789406858337,0.06886368341644215,0.5038198201902054,0.04443613586073864,0.449764622510356,0.04302628696765423,0.39042963282926985
1,0.0,0.0,-0.13613057362101996,0.12758335774958712,-0.17018589200842008,0.3253318111213537,-0.11615589182056048,0.4759024593457015,-0.05481624201061176,0.5597718132174712,-0.14704567723547146,0.40223276066918884,-0.20640614386551098,0.68748917747491,-0.233643807010854,0.835515284025574,-0.24741134428038405,0.9462138877014917,-0.029451374192904115,0.4212197624334211,0.023788297402165526,0.7271320333229956,0.06328508417922332,0.888642767191542,0.10345038743568692,1.0,0.05977955830584925,0.41176389938504,0.03555555848513981,0.5618006967942915,-0.006188951812696738,0.5092400881819509,-0.0167347959795411,0.4429081191926256,0.11942161657462096,0.3937303015212342,0.06326003623383047,0.4918251745693484,0.03737338016420246,0.44295992889020136,0.03335410774769205,0.383216887852109
1,0.0,0.0,-0.13905856733113564,0.11329441698365796,-0.17358302701821954,0.30736476814209274,-0.11773557836330945,0.4583013418807123,-0.05574577080516274,0.5419904735480625,-0.15838142589711957,0.4077293213626306,-0.21787224610310107,0.6897689332735298,-0.24652036156134982,0.8336688914203849,-0.258677346569078,0.9413313723065379,-0.045378061758363356,0.43410264912740704,0.0039354411744706745,0.7342796829735484,0.04388555802138463,0.8926874180142901,0.08502047601247943,1.0,0.042567431796722593,0.42725807757435286,0.01238512468309874,0.5573548863260704,-0.02847793215723412,0.5014510064645505,-0.038239387024915014,0.4362219968080781,0.10433710681016631,0.40996915729525224,0.04585747281992204,0.4825438832067211,0.021003593422307384,0.4274112298355348,0.0184549110210782,0.36745955477557346
1,0.0,0.0,-0.14075076225086897,0.12326459541472987,-0.17746908081428284,0.3210057923189417,-0.12802051322828917,0.47585471055221257,-0.074381331852028,0.5629524135662464,-0.15238090951497377,0.41307051916076204,-0.21536664244917483,0.6931808819092835,-0.24593269287631914,0.8389825602802378,-0.26032941039971863,0.9480547927941647,-0.039731314617225476,0.4381083050743835,0.008189813125230438,0.734411380545815,0.04557564427967715,0.8929071754915482,0.08668374268646124,1.0,0.04446741584609128,0.4303211999573412,0.01250257709370344,0.5538971720545898,-0.03233754057555113,0.5068383470542865,-0.04472221836726095,0.44421706424236695,0.10285620123447946,0.4118578942084437,0.0401418992489827,0.48378859592433493,0.011575010899121581,0.4356740533142394,0.004163108120661371,0.37699733357538323
1,0.0,0.0,-0.14606384602262937,0.10692317665552041,-0.19197069935681788,0.29774653536066575,-0.14519571301771492,0.4541721983056869,-0.0899749917298383,0.5450461450689309,-0.16371688207354634,0.40987133487709687,-0.24371277413355472,0.6822354930257986,-0.2872483278425616,0.8240446512612262,-0.31278369212711804,0.9277052475688969,-0.051288604122739556,0.43935503844704893,-0.005057557954460516,0.735288065548347,0.03726158630623445,0.8938292177606262,0.08323894347077754,1.0,0.03614525486136389,0.4327150750541351,0.007392295416290179,0.539433416245006,-0.03693053026741916,0.48856596332128693,-0.050305917991691526,0.4257318266394418,0.09743117734283917,0.412250246420246,0.038421218333641344,0.46892733975072093,0.01074228803522546,0.4171998648822168,0.007039027551274691,0.35838781574017353
1,0.0,0.0,-0.14454288700330636,0.11973209189279532,-0.1889601179696371,0.30728212120671233,-0.13825796321886655,0.4635905173441404,-0.08110125465062766,0.5541735790801109,-0.1537489672726374,0.4273332523669256,-0.2356498172077249,0.6895787870341743,-0.28001462388128745,0.8282159526373976,-0.3058601746752471,0.9290590725668294,-0.04070009896957556,0.4519347247655979,0.01592288037038512,0.7377122762590475,0.0648548415020159,0.8929691908672388,0.11796564286599615,1.0,0.04441810470454355,0.43661697051745146,0.014691783228545077,0.5351282079766557,-0.03336032352279265,0.48877926664156124,-0.0488430894734142,0.42402864962635833,0.10398732929807741,0.40518710916597567,0.0442593339893027,0.45910848995194814,0.013993291937281074,0.4164820478626304,0.0047536351566294325,0.3617346100063246
1,0.0,0.0,-0.1452779990408818,0.12366343919817309,-0.18894794617726157,0.31065123209998474,-0.13331603149291696,0.45482792695412694,-0.07369819576713914,0.5405626232342058,-0.1574973282798709,0.43924786173204927,-0.24528098035948076,0.7000430380095188,-0.29221993059898005,0.8377368937921812,-0.32146781271611374,0.9375752655539469,-0.04381277013422049,0.45783268840022445,0.01768902961392179,0.740100493370006,0.07033070722483066,0.895478664715814,0.12482067496033827,1.0,0.042558960034532335,0.4372271902371754,0.022538896015174656,0.5346833100688557,-0.024051341873664457,0.4883649582437027,-0.03910394303592005,0.4258325650704636,0.10380314327809485,0.4014042265414819,0.048354821760466085,0.4529349170505433,0.017412811719792747,0.41040156577833564,0.009328979079297469,0.3577688066418682
1,0.0,0.0,-0.14645352247880114,0.11245431989658965,-0.19414278857508552,0.296622402360763,-0.14709818650941792,0.43912680212610883,-0.09545319487722559,0.5236651505570497,-0.15808972727803725,0.42792270126545634,-0.24935012989783403,0.6897808624809851,-0.29712574059542224,0.8255215594850814,-0.3260939734007837,0.9221199631257762,-0.04599373747685838,0.4523892059090182,0.01153703548509159,0.7430361809274934,0.06050712215983402,0.8975752404316214,0.11195275934489843,1.0,0.03777855657222091,0.43602017416213995,0.00894530069507404,0.5342431260808947,-0.03822831036312984,0.4867299775757991,-0.05253688057271866,0.4260895291933637,0.09811324348415704,0.40240076084831033,0.03801168699574118,0.4524035543501172,0.010296339750768848,0.4082570834317408,0.0044320175939822895,0.35801760414047756
1,0.0,0.0,-0.13542724313949123,0.11004445347411675,-0.1787979430892209,0.2913868351351835,-0.13145889258244434,0.43466819597082335,-0.07160677775150563,0.5156580644135758,-0.154589079814576,0.41399812529431984,-0.2366829581603842,0.6800568124241226,-0.2825198597596959,0.8094990551960245,-0.3099892157232867,0.9036822766298613,-0.04556207888666128,0.44351617095090395,0.0034667649554223404,0.7428205826191834,0.038200232872820046,0.8964530608270959,0.07501045642675336,1.0,0.040183973501775355,0.4343958569699908,0.011594587693903381,0.5439571043099355,-0.031220630107753354,0.49097021731484924,-0.041613349652975785,0.4264017821129036,0.10161436300739748,0.4106623761372916,0.04274728828343722,0.46509490759598554,0.016475950715209655,0.41536975514575414,0.010987071783245476,0.3612685508435679
1,0.0,0.0,-0.1419315212115402,0.1144464404552016,-0.18670977645732045,0.2963222165091098,-0.14420232551883122,0.4491686032096914,-0.08808899420887434,0.5395062986748652,-0.15955649407215117,0.4121274262361194,-0.2504929927644715,0.6713162644732357,-0.2993576600775577,0.7983193850451262,-0.32817902814526734,0.8905268723210312,-0.0471845828314362,0.4409323748945211,0.008763543960252904,0.7326234338567462,0.057857830397353496,0.8908641017275871,0.10776374086686145,1.0,0.04173978040176779,0.4304033655242168,0.007428772286664193,0.5339157424118016,-0.03690666412039519,0.47940393502511347,-0.04890344237968267,0.41426624375320414,0.10402478876114167,0.4066819922907084,0.040180694336402624,0.4625889442559791,0.013546265285364912,0.41441086085826273,0.008976364765513785,0.3632311831359026
1,0.0,0.0,-0.14323539161534599,0.11173721355076949,-0.19082607163715046,0.29293532571109016,-0.14940925856249887,0.4463350787004642,-0.09381177729269691,0.5376235990895218,-0.16044857109324645,0.4123922888841785,-0.2551503037915355,0.670841238643977,-0.304923339096406,0.8014687379481232,-0.3343648542508881,0.8972140288709722,-0.04921953110705036,0.4394963200808093,0.005815926603283464,0.7306283385248459,0.05397613230899242,0.8897314862509582,0.10325784204060837,1.0,0.03856626009814559,0.42964793801566775,0.006077483721343633,0.5390440437010192,-0.038746311084617735,0.48596333444763196,-0.050567116103259244,0.421659447037481,0.09950728844104456,0.406805749272135,0.03629426078579794,0.4704200770074,0.010258710125413904,0.42248251909640344,0.007468809917655919,0.37104795396086104
1,0.0,0.0,-0.1426935301973886,0.11368304039768234,-0.18956739537436046,0.29645549375393404,-0.14416426084184703,0.45025364555593217,-0.08448063941477428,0.5410123781452251,-0.1638258263529108,0.4061984285979438,-0.2545164695605158,0.6632566495585791,-0.3027661185219258,0.7941224236995432,-0.3322345724592069,0.8890415436014139,-0.05211372137219775,0.4339935229345212,0.003279386368404913,0.7303809273067674,0.05167328394583515,0.8903164542277958,0.10043637728175084,1.0,0.0374462598250456,0.42482490941590406,0.012501840935134524,0.5358182931454671,-0.0299186004051066,0.4816886217095176,-0.043202460498071305,0.41621185481528106,0.10099471021159154,0.4028406133491502,0.044662095095143566,0.4649589345373554,0.01817860399619103,0.41595626745105635,0.013118680296647783,0.3630546006229926
1,0.0,0.0,-0.1441053443066148,0.11353964608886302,-0.18835959939173977,0.29840258489859095,-0.14249452666963203,0.45082265366559976,-0.0849244472113835,0.5399381422401738,-0.1704353888768003,0.4089510715713622,-0.2593932892693821,0.6714316565879557,-0.3085288822756588,0.8021825963205924,-0.33833516631176863,0.8972401898372085,-0.05869028763550432,0.43789300830624184,-0.005721682556703627,0.7336033360940588,0.03859113400593997,0.891799501837869,0.08455573610614808,1.0,0.030644869313968,0.43015371948009223,0.008448058639894604,0.5373258730702595,-0.033133606440103706,0.48388387510344866,-0.04480870409545169,0.4195053327074209,0.0943476926872109,0.4103686111988521,0.03813646571052697,0.46808961841353813,0.012012768664130384,0.41861761108254597,0.006656404165681478,0.3646759555307263
1,0.0,0.0,-0.14222343063378798,0.09738680032835782,-0.18989145783994058,0.2838968656335079,-0.14423188352513416,0.4354283637518099,-0.0883223679920427,0.5233696597914315,-0.17150498455279878,0.4004159497243377,-0.25065107037372997,0.6625045196400485,-0.29477381181131773,0.7948758491675478,-0.31922650839842587,0.8940567804661623,-0.06168074343312293,0.43721883056867783,-0.02576508454319745,0.7347488309798083,0.0024598269053939196,0.892706260473113,0.036560922512098845,1.0,0.026520024349851876,0.4354482371261213,-0.011096919589719156,0.5536510928554846,-0.05100973509661503,0.4952900723924922,-0.05755440988312841,0.4283333207054601,0.08900613627694441,0.4202118178759263,0.026695903712507792,0.47993565498232327,0.0033948691667454356,0.42516239962548624,0.004011440604756717,0.3689259670849722
1,0.0,0.0,-0.1409295250696832,0.10597823675624832,-0.19000983994801984,0.29049488628352654,-0.14234438733506008,0.43924756441567175,-0.08736799137870686,0.5244321324587151,-0.17317741584034438,0.40175999992112266,-0.2514645303396754,0.6576474537902041,-0.2967268122808073,0.7861884300747461,-0.32356581278660823,0.8821049995415254,-0.0646991371805098,0.43725098177637683,-0.03539830098212147,0.7323680801157131,-0.013846670341036035,0.8916197017845012,0.015962554955320916,1.0,0.022524286825611077,0.4336284167444759,-0.014797635257381687,0.5485241063936985,-0.052749343592645874,0.49270889923715755,-0.057401257896361094,0.4276808189045318,0.0855639187445094,0.4153249302675026,0.02441771269520909,0.48177391191175994,0.0008437410338649994,0.4304160138745239,0.0007315873177070752,0.3732989608896575
1,0.0,0.0,-0.14211856863534666,0.10319929830942302,-0.18751913659399244,0.2909205173359758,-0.14029432158879968,0.43976477530623187,-0.08486286910043936,0.5263285512724637,-0.1709522121748016,0.4010061441224445,-0.25315875192603055,0.6585674106046576,-0.2996438969806398,0.7890259404070226,-0.3265159739142322,0.8856373019304532,-0.0600883175075634,0.4368642398218062,-0.028226839540857827,0.7326150654401927,-0.0020927005994431755,0.8918095068434007,0.03101022041026383,1.0,0.02793945815681275,0.43344065289883443,-0.014146388835796116,0.5499320515604017,-0.053176318932717744,0.4912460018049481,-0.05815297770041697,0.4255429225684696,0.09040525971025573,0.4160877904973628,0.028140612754512833,0.4811297564680915,0.006654679040272363,0.4255614792656744,0.009715668099862247,0.3671876768685202
1,0.0,0.0,-0.14359517022096527,0.10328027304645379,-0.19169224280447528,0.2839295240892698,-0.1422480138481449,0.4301687962331841,-0.08762391089587405,0.5164616182194991,-0.17483458672099478,0.40443700487421563,-0.2592702359029977,0.6584592055894688,-0.30667389702513426,0.7914499755849874,-0.3358534145242336,0.8892493607534636,-0.0634350981182239,0.44055892177279354,-0.03106104255241696,0.7300578303150352,-0.003970546331409004,0.8911787116153952,0.029435467167770676,1.0,0.025880038812965942,0.4356034901542853,-0.008907650999634717,0.5434186791792037,-0.04674803330483869,0.48672212452032976,-0.051932928383048325,0.42081765814212424,0.09139135444949481,0.41544510011410407,0.03146097175515696,0.47881956866392766,0.009032424894023783,0.4263763727952742,0.009465744293853818,0.36878493574897603
1,0.0,0.0,-0.14497455439692938,0.09965148614860472,-0.19477921220177638,0.28766902158468377,-0.14650545758100528,0.4402631792006393,-0.09146714808653995,0.5283066301222032,-0.1727609352149152,0.4043147343737819,-0.26238033796746263,0.6633742362533741,-0.31281067142380375,0.7957053873551702,-0.34273686296989964,0.8932933952051472,-0.061093973855016685,0.4417750618449098,-0.03162990634511443,0.7340499321705026,-0.0039147274162686435,0.8924418506434636,0.03104727717844307,1.0,0.026568941135308492,0.4394994795004255,-0.012463584112893911,0.5474136383026621,-0.05204457663719609,0.49053922104132197,-0.05853208233240871,0.42471513926100946,0.0886459765739528,0.4228766539266591,0.0246940414780411,0.48110140437905385,0.0013733580550296751,0.42596148515878585,0.000954781044180084,0.3681837173918185
1,0.0,0.0,-0.14525097482902835,0.1050253328234079,-0.19497299067486884,0.2933196070279961,-0.15189748481883572,0.4492727133840049,-0.09305227433215356,0.539679518417947,-0.17219739963237973,0.40712772901076566,-0.26973828673624944,0.6595030042154565,-0.3225724192020709,0.786985203674791,-0.35454141627336105,0.8812441810894135,-0.06286793225319563,0.44174849801832455,-0.02118077150844566,0.7326675562630197,0.017417592377135742,0.8917127368499869,0.05987430522869374,1.0,0.024986052261978982,0.4369262235878498,-0.003990326206898464,0.5419468294327147,-0.04537521243041572,0.48856398929761635,-0.055471408334558145,0.4219386763401236,0.08658450715765394,0.4196620374210311,0.028410653676845594,0.47302735622232983,0.003914694550209714,0.4221448986573616,0.001353554549206334,0.36707837179161057
1,0.0,0.0,-0.14572386102439527,0.09756897520231839,-0.19534609364957484,0.28631478348119704,-0.15137589623012215,0.4411863508994879,-0.09226586376356037,0.5307127972648211,-0.17202257080118624,0.4002522696128649,-0.26951711902501163,0.6563176583809256,-0.3229346229636495,0.7816514286889259,-0.3552819754383402,0.8753126090780983,-0.0618071904786954,0.43656443553507257,-0.024882452679264002,0.7322274998098328,0.010075899118898108,0.8907384203290102,0.049502897164748406,1.0,0.025500701190440598,0.43404300088063513,-0.011702317820101919,0.5421522238591953,-0.05333311131387206,0.485961116571192,-0.06096187660940457,0.4204836668734223,0.08516704378438227,0.41999509791121314,0.023771976930664206,0.47498313724347446,-0.0004402544998992713,0.42228744884879754,-0.000772022217588407,0.3676412690279193
1,0.0,0.0,-0.14748999935340099,0.10358026203043293,-0.19364507721766916,0.291128534210943,-0.1475988265500684,0.44756425641367675,-0.09119184490991654,0.5425679807221849,-0.17748748423596689,0.40515767087906407,-0.27140942802461965,0.662565429965435,-0.32227716899603537,0.7943006878897095,-0.3534587701483054,0.8909897699889467,-0.06754477698188963,0.4375531725864419,-0.022311993698968954,0.7292588091478996,0.018428199252287152,0.8899991242910958,0.061983007174194284,1.0,0.021449522254970793,0.4341549638184574,-0.0030290872822119593,0.5448385869927698,-0.04221935184303631,0.48958059143953814,-0.05274389638530785,0.42203250509260365,0.0848090980045547,0.419781500445746,0.02954652025356864,0.475652364948631,0.00513511628345068,0.4232228582425846,0.0017974943524412678,0.36711435587282465
1,0.0,0.0,-0.1450157244296473,0.10517195935031637,-0.1924368958181782,0.28977888341519614,-0.14735671688970498,0.44341296854892576,-0.09053588362624744,0.5335853503182698,-0.17084372109712506,0.3980264962730618,-0.26551874164061223,0.6593810406316477,-0.31601094682298175,0.7911583109440702,-0.34593302237808304,0.8871936789659689,-0.05941065742639546,0.43152283799771485,-0.01432085936800418,0.7305304538805437,0.024952149574938874,0.8894891071264147,0.06667651783699942,1.0,0.02915406397164382,0.42867975226943433,0.0008142087205639595,0.5384003576797519,-0.03879888709198198,0.48153940251913624,-0.04856508844378615,0.4179994804404169,0.09168334457147251,0.4129136186312421,0.03353570421681772,0.4738724497044491,0.010997576548814395,0.42159754129976595,0.009887579583270181,0.36785495617758557
1,0.0,0.0,-0.14302568821847175,0.11016383561823777,-0.18717468498834075,0.29747669857222,-0.14024078331497275,0.4490576742703281,-0.08158183710005121,0.5397121452369146,-0.17552706557744369,0.4065293004228953,-0.2616843110919015,0.6664601154480692,-0.31112625651640463,0.7985761859496502,-0.3410555533522303,0.8942471233343177,-0.06576866987667301,0.4354308512747865,-0.010659406976547384,0.7309672482855955,0.03165601618526255,0.8912337321969565,0.0744337166361471,1.0,0.02576589621293856,0.429537826281247,0.012676502142263688,0.5341554711780214,-0.024330563121942938,0.47827347263457387,-0.035124485211294826,0.4127497086768942,0.09333732121173234,0.4128851079265904,0.04563409413733879,0.4693716034934017,0.02262455783682521,0.4168979526673526,0.019827275016842807,0.3603323900013717
1,0.0,0.0,-0.14529794386147066,0.10177547315333166,-0.18974228913963084,0.29362033543491484,-0.14822186175277896,0.45296667095560844,-0.10231642523395186,0.5523439314820475,-0.18324429440585635,0.3986270180028952,-0.2709624509343819,0.6542010928620356,-0.3235091774677344,0.7862243899971961,-0.3558523850359069,0.880779318078088,-0.07561937401778894,0.4339515359493895,-0.02973240721940466,0.729833358496778,0.006616870317027173,0.89028787724404,0.047567339485113776,1.0,0.013074082916401088,0.4314628340881127,-0.007981646304109772,0.5299919749684465,-0.048342200038724435,0.47115104041546707,-0.05851219832066856,0.4058987576695824,0.07923212571111522,0.41696596290833887,0.026640278518425962,0.47704759163522475,0.00448789415189151,0.4215721128542065,0.004209856682406836,0.36250247605816005
1,0.0,0.0,-0.14428959550770107,0.10870345588733915,-0.1875387977774916,0.29465992025497506,-0.1448873410216546,0.44708477745986774,-0.09057250557275753,0.5402680025109293,-0.18369637912295403,0.40387016579225854,-0.2755992541868004,0.6645699535826469,-0.3245963444701385,0.7955505038345175,-0.35375572440248776,0.8936468386615926,-0.07420766679544823,0.439984123162452,-0.03017992712332483,0.735293550408026,0.011216313823860423,0.8922392002354151,0.05476351786424184,1.0,0.015494225671328311,0.43751263707925914,-0.007284930131338525,0.5417642326952113,-0.04394076546016388,0.4816396691993706,-0.05189772380150718,0.41364101549546994,0.0806341776302078,0.4234129850383203,0.028033941095190723,0.47525994277619443,0.0074231681134372665,0.4196555497697174,0.007134747193090838,0.3604197656673342
1,0.0,0.0,-0.141703983125717,0.10129491672749358,-0.1901837437060398,0.2900186288221124,-0.1680598351079933,0.4522851417034878,-0.14305709557532972,0.562399867759508,-0.19489338729438802,0.4082741934784883,-0.281985266576649,0.6573845728093489,-0.33270469571376127,0.7920131943322319,-0.36153621847912293,0.8902657749100907,-0.08886486767592908,0.43899782013683425,-0.03681733786764683,0.7291344500720945,0.003968081503727931,0.8900068658570032,0.04785198970554822,1.0,0.0030765725691368276,0.4340629467218164,0.0009896987380814853,0.5301475509197091,-0.03465815275634132,0.4706647127762517,-0.044271219305625976,0.4053670076069238,0.07459849595013493,0.4177156445578642,0.03378608366935172,0.4731618045379043,0.014796076617763687,0.4151009231451197,0.016268799849434048,0.3546386633804657
1,0.0,0.0,-0.11356613448923611,0.12215466411993577,-0.14417538710239475,0.31392181656677015,-0.10681359903774389,0.4642520441317225,-0.04840815490510501,0.5448042144895927,-0.16709850382449254,0.41131792704789943,-0.23479264695847984,0.6279675930804839,-0.29132952801476225,0.7606761897461471,-0.3330096051002645,0.860076340008884,-0.07712649202390186,0.43370836273924984,-0.01917329736802445,0.7082104208334938,0.018376659667036895,0.8784273656009784,0.05290885451721316,1.0,0.015489668415191274,0.4169486311713571,0.07226159040983438,0.515633999402367,0.05718120034094558,0.45390244116886924,0.0420174685694663,0.3903400898728191,0.09918938120209941,0.38525104489814416,0.12200259337583307,0.45342678666716035,0.11419509809615602,0.3901553263954565,0.10424003698241614,0.33633020849419126
1,0.0,0.0,-0.11814091008603818,0.12458905794991762,-0.14894233679952326,0.3102870265222075,-0.10897492519738881,0.4631288036630574,-0.05760555825403326,0.5602433746769997,-0.17085273078162544,0.39234751562331444,-0.2662870870278668,0.6199150268979402,-0.3230366644997922,0.750821510608441,-0.3665709220632953,0.8492007245988434,-0.07940988058660362,0.40545919157840904,-0.03166251188248357,0.6989142533343318,0.004932518449090557,0.8726695750467192,0.0347964186874592,1.0,0.014395304760842978,0.38703260389777205,0.06188290997112722,0.5544922246181716,0.04382271767144344,0.48724603574328246,0.030579074640640268,0.4123417725655763,0.0956495497277152,0.35380055529504506,0.1065319780812647,0.47438509723203415,0.0943063489920361,0.41660306413855097,0.08321986966010324,0.35998134533337345
1,0.0,0.0,-0.10451967359448934,0.1382377359038672,-0.1334428299825626,0.3379332373676873,-0.0915446264462056,0.5084821042926917,-0.039438669772426875,0.6249944894925772,-0.173534606368847,0.4058979884673043,-0.2502744423812425,0.6147077417978805,-0.29689919606474596,0.7466366793134405,-0.3332899500321202,0.852927423623093,-0.08961161688862863,0.3979806952591289,-0.039854665303883145,0.6916453827299041,0.0004784904191068977,0.8675964580879088,0.03861808195608871,1.0,0.00588636862275028,0.37200142394060015,0.10610364187842941,0.5605593935868142,0.09958518938690286,0.4969827901438236,0.08099668707019635,0.42031322106422997,0.09451934487520261,0.3394301842280486,0.15031651335352025,0.49329552806714844,0.14274596802860928,0.43126989356884926,0.12319398693430023,0.3646475403006023
1,0.0,0.0,-0.10378030428663983,0.14716615166001792,-0.11991930968782889,0.34402993153179706,-0.05523020401153236,0.48730508715592236,0.022754233010155504,0.567352295854252,-0.16836719234351055,0.423061501940186,-0.23063680193884067,0.6526170036558201,-0.2786922217420774,0.7774015828517811,-0.3199922890447732,0.8757368186733612,-0.08514916291564883,0.4348379020921168,-0.02200746603527275,0.719793719060468,0.011743081985697328,0.8779849776560833,0.03582243504497764,1.0,0.006564558850505663,0.41344512479162,0.08768310375440412,0.5710478462697295,0.07954649323785813,0.49902717241044614,0.0618906940350047,0.42619190081898567,0.09539732793335964,0.37912225868500865,0.14021723947299966,0.4830741829599834,0.13372679782624738,0.41489389924259634,0.11724090630944228,0.35390945932914314
1,0.0,0.0,-0.08992709906321993,0.14556385838749758,-0.10123025399012767,0.32281281351546065,-0.04307054650615013,0.46144661022554234,0.028214332504598753,0.5422227639561024,-0.14280175471095188,0.4133308009245404,-0.20325456764863817,0.63389541320625,-0.24711084297536579,0.7647554835984296,-0.2875111468644209,0.8638859838268785,-0.06921819523047243,0.4097292138695249,-0.006666198703200591,0.6919018077496271,0.020882109444153165,0.8683335795632077,0.03871671240291553,1.0,0.017653478290507497,0.3807846176185204,0.13880351793647372,0.5368925418195889,0.14503081083286432,0.4717202244095995,0.12664852590241138,0.40414418815983166,0.10357879284178079,0.3424411778792487,0.1864248613278117,0.46345729043578127,0.18334029365636664,0.4022317042545228,0.15920446548646958,0.3393687105266692
1,0.0,0.0,-0.09206149523978038,0.14497188676291065,-0.10765469918136189,0.3250851289440956,-0.061940201610798745,0.4671042665672064,-0.0005436795816556832,0.5454172941279805,-0.14003984989300802,0.42074587594023727,-0.1874075038220509,0.6408411439802539,-0.22390303001757952,0.7733372964702199,-0.258454402073391,0.8731550091461902,-0.0723803834907768,0.42907228227039373,0.0034440147510161373,0.7057601266845984,0.034415102097449884,0.8720705777820775,0.05172005020539148,1.0,0.007689705476130162,0.4084458096192206,0.1446777384151441,0.517083708325006,0.15659152618534497,0.43489605676366166,0.13696171457012907,0.3659121431108248,0.09208924568436033,0.3777977349017851,0.19764226239954785,0.4700426313022469,0.20296067329197923,0.39584227054646737,0.17977046690759485,0.3305767891717256
1,0.0,0.0,-0.08971942614597161,0.15714573916055377,-0.09516429014259145,0.33372834083644926,-0.01641940314685626,0.4506245227069437,0.07002871358179133,0.5079831495400023,-0.13023551524006133,0.4218365085316278,-0.17219935105032877,0.6449048361704538,-0.2112776116048193,0.7748382308552324,-0.24552215821978862,0.874350029339993,-0.04673963742462723,0.4264292077096474,0.01936279860850746,0.6993452468136706,0.05281665467580613,0.8734359603604567,0.08019125192260629,1.0,0.044709359043212236,0.39676102445245065,0.14435098430993595,0.5504478072078429,0.13632002485992495,0.4741870396146712,0.1143756753495236,0.3987914563660108,0.13061833229085007,0.3492863058231365,0.2070280874777033,0.4440103578926423,0.1979957299639783,0.38331910090347526,0.1724026583169745,0.3217342868293678
1,0.0,0.0,-0.10272784565680625,0.1525446260100469,-0.11332696157539186,0.3544823863244881,-0.04587722608552189,0.5017385164550017,0.02993430388860549,0.5839115640453331,-0.15872466230631088,0.4390808739169434,-0.21215694120220155,0.6667953660631828,-0.2610011751089299,0.7939014438226502,-0.30166063941349486,0.8935434749216331,-0.06938047928514944,0.4478130900434329,-0.0028368229454083203,0.7236520539753638,0.03605902978607202,0.8816378957775093,0.06583934952442538,1.0,0.023430559532636612,0.4213481704268256,0.10655007866719006,0.5601816962403467,0.09821211506332883,0.48479747860435746,0.08005001324288977,0.40926673582046813,0.11080708301806406,0.38026310050499973,0.16154157350815213,0.48250440428804137,0.15568967010349682,0.41498260725002384,0.13751947716186225,0.34858598175325745
1,0.0,0.0,-0.11157405576762869,0.15138263230912996,-0.13810168357337307,0.3604682845058189,-0.08687238605082657,0.5153359458039093,-0.018982893894152697,0.6057044461004737,-0.17793256581448755,0.43529268626526546,-0.2556340648588911,0.6625495076692741,-0.3035987542604731,0.7967115315397523,-0.34318579464899784,0.9010995020083579,-0.09309304011477296,0.4271280566835142,-0.0418876705245388,0.7189811702719099,0.012287533986619959,0.8844029423245581,0.05908171490274208,1.0,0.001939514377882209,0.3991917225576526,0.10092362494655926,0.5675907647644298,0.09215525442861078,0.5079610055814944,0.06757227807096254,0.43799897596560866,0.09026339313626586,0.3611298850749522,0.1502034719159413,0.48386909258048216,0.14120704251770516,0.4238539179454423,0.11681772018851695,0.3628289710482158
1,0.0,0.0,-0.12375482495415974,0.1256013304336702,-0.17135323866786065,0.3392801671570509,-0.14105626199309199,0.5194747174960556,-0.08486740863929043,0.6305859195769903,-0.19429953520105753,0.4205881540232826,-0.27195906357937827,0.6467087288388554,-0.3255418361690333,0.7824522621636604,-0.36526756215086775,0.8796828109675494,-0.10012134237345956,0.4341305360112575,-0.04874674853950791,0.7076206217218882,-0.009990465225363523,0.8755066137904567,0.02742208008187284,1.0,-0.004714920472474521,0.4184372180290819,0.040862598609867386,0.5864209799155686,0.021747814592128267,0.5286427700311287,0.011653439085753272,0.4624856253464671,0.07922998592810541,0.3882129035009168,0.08746352820775233,0.5224084260799113,0.07435063749946698,0.4685792844654812,0.06762696686708455,0.4103789518570637
1,0.0,0.0,-0.14134726156848437,0.13159832633853827,-0.1962537991654312,0.34469568718471644,-0.156814507139441,0.5170812061140639,-0.0849139892555311,0.621045202911731,-0.20819256917948206,0.40386187048081507,-0.31089574986856044,0.6408170501186596,-0.36597150839750037,0.7785093092011373,-0.40545858377772087,0.8817663102754145,-0.1006317440090206,0.4227939747169508,-0.05675220499680997,0.7303142829959258,-0.015222815335855485,0.8913031891996048,0.025342707730003692,1.0,0.0041247778886910795,0.42439019321580984,0.022128216876486955,0.6700965124795842,-0.00848112126326748,0.6248706986675654,-0.019649278662201796,0.5489867737654682,0.08995329530551165,0.4173875285162717,0.08291839804749863,0.5931026848731613,0.05841868481830945,0.5465475607657947,0.04979308252538703,0.48253058947553246
1,0.0,0.0,-0.15026634158172295,0.10437982995434003,-0.19756403190775107,0.3175655586483163,-0.1482463680405313,0.4990545898483302,-0.0887005282888548,0.6117670571357304,-0.20544885820509676,0.37882123515846905,-0.3044985467091769,0.6218824175965019,-0.35764904769557243,0.7624115627781214,-0.39422399115053847,0.8690455181361709,-0.0960329674554967,0.41212537638591495,-0.057075167888645965,0.7135800897255853,-0.02103507658279969,0.8794803110325456,0.016599641723002784,1.0,-6.042174377152525e-05,0.41533455970224614,-0.005429365502677219,0.5915080267258471,-0.04134283874873188,0.5293901784103391,-0.05006835825953266,0.4570649990077595,0.0716765259271956,0.4055689833921894,0.03168465539817577,0.5387794920432732,0.008197779944572558,0.4857455388260407,0.008611013968408583,0.4240360654430865
1,0.0,0.0,-0.15268719709169348,0.10531891998814266,-0.19803085945496604,0.30976191127388697,-0.14602449207821308,0.47520016156030565,-0.08197514104065501,0.5723947917245098,-0.18389391830982724,0.3851940395076831,-0.2880181263590556,0.6374909143048003,-0.3382703433239375,0.7756592326272252,-0.3687815651071732,0.8813762517953831,-0.07382571101867254,0.41953112978116147,-0.04213704391605826,0.7116993917453402,-0.007720250926803071,0.877822505229023,0.03135535227909709,1.0,0.014953583182699345,0.42300828162326115,-0.008079672879058242,0.5736059414852221,-0.04695443076651911,0.5082545492017159,-0.055897434622362456,0.43710205621956066,0.07386687463964565,0.414843518843131,0.021248992665416286,0.5235658967411949,-0.003260352167209391,0.4684062302383539,-0.001578997823300875,0.4082290912978724
1,0.0,0.0,-0.15580358901753755,0.1026465081335151,-0.20491418741142778,0.3078413646720565,-0.15622317108455397,0.4745708761304108,-0.09801418130521569,0.5695320867905302,-0.17996130746592062,0.3833470463602305,-0.2802507635811431,0.635502870935121,-0.33592845090002993,0.7686323750281109,-0.3717575641548292,0.869243118089132,-0.06494504883006466,0.420726744843331,-0.042717218340136594,0.7123421710034538,-0.010798247097416828,0.8791431698226937,0.030747282566385425,1.0,0.02250335469334156,0.42475650633143786,-0.010089466161362949,0.5645153800047414,-0.050981048944336124,0.5047346160350212,-0.05921874875184828,0.43199690329750345,0.07715950387229975,0.41633304769980617,0.01402452043556924,0.5056330821843342,-0.010857684505425931,0.4508080982723752,-0.009425771004049462,0.3895254904567758
1,0.0,0.0,-0.15407249146137422,0.10060676538742809,-0.205686574098588,0.300525333610902,-0.1656761505090627,0.4663008075329024,-0.1138108064812822,0.5616765174688072,-0.1847964443828818,0.3880163080990794,-0.2832624546694319,0.6519717006121208,-0.3364432970353236,0.7855234380772544,-0.37031271506790536,0.884486065428493,-0.06860241287440816,0.4283855710730492,-0.04210440273174283,0.7248129414648875,-0.008187873188429869,0.8873464455002702,0.032589219772311814,1.0,0.02085214522129894,0.4330235717947546,-0.015053939659818653,0.5649395600254671,-0.05421098722304958,0.5053390696630929,-0.06025347469202528,0.4330582007684545,0.0806793345626619,0.4232861191436684,0.01567296611991141,0.5007707295512722,-0.006914788632059571,0.4432682449559645,-0.004983887796219496,0.3833842802042331
1,0.0,0.0,-0.15564668733908318,0.11516096883539595,-0.20203117484609687,0.3202108740442356,-0.15912924561553782,0.482680398234427,-0.09951620334868097,0.5731465426782676,-0.18960202195047662,0.3952375506728734,-0.27967009636204304,0.652153462977693,-0.3303576804716249,0.7932940138604306,-0.3632225302158444,0.8969211285748591,-0.0749936019799385,0.4315864591213977,-0.04317487662732001,0.7202106522418578,-0.00394938704586697,0.8844487894515486,0.04158285744219716,1.0,0.017105138436975604,0.4339245823640624,-0.006413350519973272,0.5924614851587137,-0.04540855704440764,0.5331167585330799,-0.05331972597490463,0.46308083111438536,0.07912669358347249,0.4208191931599278,0.030857407752554137,0.5377175269739417,0.005985532874667761,0.4872416336632339,0.007120247745427756,0.42874817151664746
1,0.0,0.0,-0.15434237474570933,0.10552415715477508,-0.20374496534028141,0.31679722772099816,-0.15725730138702532,0.49675885176060136,-0.10213519791096924,0.6083707273113139,-0.2149375776799287,0.3819913619902444,-0.3154031191911092,0.6314405609630548,-0.36616778726505383,0.7740049399222451,-0.3994709184501242,0.8772183481267275,-0.10301846002321123,0.41452372707645324,-0.06433438180291433,0.7178919958109719,-0.02389657830576356,0.8845367863816234,0.01929299893186046,1.0,-0.004936621463814967,0.4161000185214245,-0.0136679288113102,0.6059069298925182,-0.05157315738687389,0.5504571733571313,-0.06033154461303914,0.477633451679813,0.06563462015636878,0.40500333092612073,0.02547017523544422,0.5544693739876412,-0.00012179209113281835,0.5091734267845126,-0.002516542555608312,0.44852716278553734
1,0.0,0.0,-0.14372351272055298,0.12112415339887406,-0.18618152384207368,0.34289390564945604,-0.13106541263696003,0.5210579785703181,-0.06093032794986161,0.6279567868065854,-0.19577669875011514,0.3899022861121738,-0.28431456798091564,0.6427397570603657,-0.3356224548345055,0.7886073454410162,-0.3732334629166522,0.8960054964149519,-0.08323336899199356,0.4052184540365664,-0.03300414375968072,0.7130638826463258,0.01002204145385839,0.8801595653783615,0.05396364162443679,1.0,0.017695545882406048,0.40078969610045845,0.02094716149167498,0.6435323690308251,-0.017702274813177547,0.5933379099408317,-0.02696661062495365,0.5148243952338423,0.09279966557214066,0.39052422155733535,0.0600878097428469,0.5808388509397443,0.030519486072304886,0.5381149068666916,0.02742810312703226,0.4717790746234217
1,0.0,0.0,-0.12649606556228146,0.12623558270373755,-0.17253682285295302,0.3416455193042879,-0.13198490876256452,0.5180879368632547,-0.07257604218403448,0.6288080569533767,-0.19415102402010254,0.40433159704369515,-0.26887133816457975,0.6668510947410194,-0.316315908164708,0.8204857478613354,-0.35292023498921843,0.9312153270263757,-0.08954089304989454,0.41260706938295943,-0.02738058222469273,0.718454074722249,0.021233330082373495,0.8854458732026772,0.06556357132533033,1.0,0.010863317585645653,0.40439394094656533,0.05147141284827579,0.6117484003593588,0.026681040638693938,0.5696518623306172,0.014952790975297267,0.5009015859930592,0.09386354696821242,0.39064331240178596,0.09562995754953492,0.5581035500696424,0.07662251977860318,0.5189075083771932,0.06790956522437033,0.4623396606184243
1,0.0,0.0,-0.1343603543210564,0.14331964577369455,-0.18111578680569784,0.3573883212387735,-0.13549595887336421,0.5377146404380335,-0.07413918791357295,0.6507115497815399,-0.2139216634944849,0.42717133571552934,-0.29299100813791945,0.6724497050285496,-0.3377021155511128,0.8190919249714859,-0.3690338012054685,0.9312744945926835,-0.11415694186675888,0.41566887041509193,-0.05010361901129786,0.7123572370158672,-0.006048069509273154,0.8803880701488418,0.03708462086012514,1.0,-0.014851169996174432,0.3943155667466917,0.04261244861243203,0.6079172978459563,0.02492763398668039,0.5681719527808802,0.015908382968996316,0.5006407530802931,0.07077523424203411,0.3728019267599095,0.08555652543647603,0.5355357394539267,0.06797282780560428,0.5034011878211908,0.056210241626683755,0.45136020864152054
1,0.0,0.0,-0.11629197079966884,0.137292573495466,-0.16397846179963058,0.34910939717393236,-0.12302439349908019,0.5282742045790555,-0.06332555434262567,0.638716993924534,-0.20177167104099583,0.4148672608806559,-0.25620097668711495,0.664357341043762,-0.3000190655108694,0.8136395859833571,-0.33872298042814153,0.9279535239481114,-0.10702510074528444,0.40440026943348784,-0.02995805253581872,0.7072376309018789,0.017985045320578753,0.8724412289946746,0.05581856046968036,1.0,-0.007879470935599214,0.3806249798424069,0.07776048797018967,0.6072930830719975,0.07700855639492382,0.5502438191948238,0.06739303652721033,0.47379486913217334,0.0812603471778683,0.35543972576246363,0.1337459876415258,0.5465479233346006,0.13179141091498084,0.49978312378282,0.12091802012185225,0.43894517880661926
1,0.0,0.0,-0.10587576991184967,0.1476439871097538,-0.1366414493650206,0.3555188725517949,-0.08525761250225623,0.525324094832067,-0.01378501612762299,0.6271136805439959,-0.17531070644107008,0.4288849976544301,-0.2205968728485935,0.6741713968728626,-0.2542188952367488,0.821188381874937,-0.2820546493978822,0.9338991978852867,-0.08979312175689554,0.4151516937681493,-0.022028427129144833,0.7107447208274439,0.025353249107284804,0.8788271423797797,0.06537605469955805,1.0,0.004249857323950772,0.38274243984492395,0.1032988353422622,0.5900168847875602,0.10338067190427719,0.5379977563377744,0.08719100127986033,0.4648984466468121,0.09411303399988155,0.34215947709541017,0.15456492632398947,0.501107668449187,0.14675306208957598,0.44758669798890527,0.1254563667028617,0.38431158537280097
1,0.0,0.0,-0.1092621971616979,0.16212780544201352,-0.13787899614804708,0.37330427233965857,-0.08681780550760537,0.5516746883602692,-0.024689130260573622,0.6635840871881143,-0.1776126162223484,0.43998038803570366,-0.2201910334224717,0.6985482526472729,-0.250357689489875,0.8488874908634826,-0.277970576635098,0.9648236591527871,-0.08828078903007615,0.4166344648688605,-0.0028876100695473276,0.7222994906935141,0.04866131304054461,0.8843284805818169,0.08409374729968319,1.0,0.005704994078196327,0.38077632521924076,0.12101718421015858,0.6351798200672858,0.15305616687480197,0.6635649799959105,0.16272597463078203,0.652439460857776,0.09716520563188769,0.33577924405673637,0.16463084762071253,0.5015627259175944,0.1634126928222264,0.47336678422818207,0.1433969821473233,0.4272373167456288
1,0.0,0.0,-0.1042321311061365,0.16785074058471317,-0.12323437165483908,0.37076366531047955,-0.06229985411134415,0.5350760668891946,0.014161178283097282,0.6317614444936017,-0.16621000411972311,0.44633944348079535,-0.20089094121790743,0.7046302277179426,-0.22571600802070488,0.8534365157431069,-0.24795120235169527,0.968222037150234,-0.08067708911047101,0.4218222283798044,0.011543751727415553,0.7242057482470036,0.0659853361534809,0.8849108903746327,0.10333993550794016,1.0,0.012794749417805463,0.3834783598963628,0.1354040098168647,0.6299624658410401,0.16719691247681334,0.6424625768325545,0.17558660248561797,0.6169770929018003,0.10566356928696373,0.3360045056212445,0.17894481811979107,0.4989392734770308,0.17690433602621064,0.4654607796861428,0.15627732064934052,0.4147824065976457
1,0.0,0.0,-0.0989900828456968,0.1726613169567024,-0.11469140244283291,0.3741408929024905,-0.05851349430834041,0.5437093790475597,0.008851093116580092,0.6501163510737938,-0.15988710474702214,0.4437282283462675,-0.1904082763670668,0.6914298080874006,-0.21725205913095333,0.8389109826375468,-0.23831599376573545,0.9545986056810964,-0.07830292529000032,0.41731052189857487,0.019254067726707035,0.7142139936441585,0.07259159474467347,0.8781576318039127,0.1133121379108557,1.0,0.013071748424600403,0.37614050616807965,0.1415690262084632,0.5894810746983016,0.14894253484561296,0.5455413888333189,0.13628217045044114,0.4814814866393845,0.10342784976572766,0.33125912131630075,0.18689842135904766,0.49457906842128313,0.17960359653253677,0.45205144361465904,0.15359177321069706,0.3962215198550937
1,0.0,0.0,-0.10206457536504654,0.17136832997236756,-0.11277094611082181,0.37361926528689593,-0.052079588003642006,0.5408269298200558,0.021701649524975615,0.6429441920994128,-0.16794103575652772,0.44284882669652215,-0.19111137651767196,0.6915163767215988,-0.2173278143616594,0.8357329195218172,-0.23717745272898033,0.9516485853807106,-0.08428792695714486,0.4218138023568381,0.012638734667725138,0.7191690027779993,0.06497368368669758,0.8792805681890471,0.10349387321482188,1.0,0.0071545628050986455,0.3853139506736339,0.13844165331397906,0.6106722390908508,0.1608430574446053,0.5809179828303299,0.15930358339224943,0.5258634285581449,0.09948653574420858,0.343053477426824,0.17903751238699284,0.49967657055376385,0.17454624874042082,0.45629213300153804,0.14998669951212057,0.39803001052207093
1,0.0,0.0,-0.10785427782096635,0.16877249639227715,-0.1282663994883772,0.3725519324986544,-0.07036733638495057,0.5289152409514316,0.0058092848957326595,0.6171272650436205,-0.1671549296448324,0.448159364984507,-0.1937541306984647,0.6912810574362983,-0.21725838526512858,0.836263262900792,-0.23837334114385283,0.9524976358829221,-0.07885993988488488,0.4242382422279563,0.008612603015997216,0.7099440067908753,0.05444320365226194,0.8755854020940408,0.08637925305436048,1.0,0.015034054258913658,0.38868961653894385,0.127549919376644,0.636858392974359,0.15557627762907966,0.6624576801237754,0.16266011775990025,0.6446537190987178,0.10602695810933659,0.346923735735462,0.17874455465267525,0.519892627865604,0.1743156862298234,0.5029337279108745,0.14986673441785886,0.4598898452273534
1,0.0,0.0,-0.1113190136170767,0.16678670112531582,-0.13510857752091496,0.39559615518174174,-0.080042577098436,0.5785846204670688,-0.016172958777693053,0.689432063263839,-0.16967669676335795,0.46114955278019587,-0.2114989353559573,0.6899531591274294,-0.24773069176667092,0.832172190056613,-0.27907791444411606,0.94543596404684,-0.0837221578653349,0.44420852266795885,0.007763736377183885,0.7223878752298114,0.05707227003306049,0.8803463403231025,0.09396618926738888,1.0,0.011042785161372949,0.40502179607262073,0.12483422466378921,0.6090623032263905,0.11611449612455707,0.5401710909760606,0.09506180451064854,0.4616107276730492,0.10010260202844759,0.3536478659687727,0.16952790505168436,0.5118600927634382,0.1601454361373123,0.4513583217738802,0.1376059825097184,0.3845416024080433
1,0.0,0.0,-0.12389584382171613,0.1249335877990802,-0.16633322314130836,0.32638761731115346,-0.12480878543127616,0.4924377821281098,-0.05671817017335377,0.5866047188130284,-0.17889265617261724,0.4055179168545871,-0.242007357331709,0.6245617067829814,-0.2669834653248091,0.758202649278447,-0.28130781411656786,0.8652025191508141,-0.08252891106930095,0.4243906565355545,-0.021726808709239022,0.7185854074899718,0.0351227862770375,0.8830125270718047,0.08596036173024146,1.0,0.01484328905307091,0.41009901033360874,0.06163441399348597,0.5902284934729317,0.0416702680479039,0.5224650406583994,0.025969884396686373,0.4458296961089653,0.09999502975252947,0.38192521716499545,0.11391527284678707,0.5179309187488794,0.1026317187265953,0.4560974900386819,0.09051469233826795,0.39194524972011635
1,0.0,0.0,-0.13979464594022212,0.11795165359567643,-0.17901399641084953,0.34045346318994185,-0.12819490081190507,0.5239570875620333,-0.06348838204595399,0.6317609246195998,-0.18853539959802154,0.40114378585462157,-0.2642285413221482,0.647237973009865,-0.30612194445721874,0.7867226686139133,-0.33519494041962383,0.8954923757799598,-0.07692151265333703,0.4257137297631804,-0.02929469285809033,0.7221311185618517,0.017514054759133233,0.8839376877545427,0.05944786308382508,1.0,0.02413851217990517,0.4212521461934191,0.03852847489282656,0.5864983400644304,0.01228716499911082,0.5193461111201195,0.0009694587272950082,0.44317196156296845,0.10381276128800049,0.40361940118977335,0.08678941692387317,0.5258481567657559,0.07209548490613635,0.46481040263505635,0.06926619124999037,0.40298713971928496
1,0.0,0.0,-0.14405699244382839,0.12104940713334018,-0.18353724248444067,0.3335202194262597,-0.13101748219400033,0.49728197290257614,-0.06960838092074446,0.5985747650662343,-0.19218314148369942,0.41245820311074616,-0.2701970257561751,0.6618576278962791,-0.30795397674996605,0.7999977086255085,-0.32965229981482913,0.907926480256067,-0.08202829291209658,0.43363480801824783,-0.030005747641390884,0.7233279207889056,0.014892079903804655,0.8848421405225804,0.05973758993893222,1.0,0.0124113027808346,0.4310795281119531,0.012923881930108178,0.5777648463020825,-0.019488073826231828,0.5119361736973123,-0.02816999906027156,0.4420634237889837,0.08268259291142771,0.4199458321719177,0.04642669088371361,0.5247966123683759,0.026610407462675595,0.4680710540660407,0.02726788624742858,0.4069938709705832
1,0.0,0.0,-0.15061490285960402,0.09974093349503106,-0.2007380387582236,0.2964545627941746,-0.1607257495204288,0.45872002112443105,-0.09969644161012708,0.5510970211366729,-0.19363802903056,0.3878863077014005,-0.27917894307026386,0.6595562579481528,-0.3228128454126826,0.7986173554418512,-0.34816387387945935,0.9050922278600548,-0.07932468690152326,0.42377335675870564,-0.041822503442526686,0.7260399023758535,-0.0027057121130209714,0.8862163482403526,0.03918681997675102,1.0,0.013804331271832122,0.42852674863967377,-0.002264742247848495,0.5603962199799892,-0.037454137488612115,0.49688260631882175,-0.04507672941470399,0.4281644951862545,0.08087163551510743,0.4212216550165061,0.027500197120111373,0.4965316732858218,0.005034559532313943,0.4390902804844771,0.005927951315873823,0.3779779122801683
1,0.0,0.0,-0.15168422607038276,0.10635146355625306,-0.20382024207028934,0.3035384252356843,-0.15792278314509792,0.4617459182348724,-0.09565739406907389,0.549475126887769,-0.17717349897061643,0.40040275292124444,-0.2684747010694135,0.6658050804177416,-0.31505913731995794,0.802695021493954,-0.3417022067440942,0.9058337245907115,-0.0626537490613267,0.4355467075371817,-0.03251924464770075,0.7377294808984944,0.0016437073972540193,0.8941957828960096,0.04168414669275064,1.0,0.02642343610812388,0.43757405162261986,-0.005654311461690551,0.5693998309715645,-0.044469448763017685,0.5174137796551718,-0.05143263833733644,0.45099044588515214,0.08538973334954124,0.4270965977894051,0.024371163510115628,0.5001712523212217,-0.0009049050062947774,0.451678472832087,-7.859041594469648e-05,0.3946688014220273
1,0.0,0.0,-0.14859192775630256,0.1029689768161762,-0.20301330798846692,0.2993928086047076,-0.15911925987696326,0.45760946054802815,-0.10023562939758719,0.5481600372077626,-0.17679681434313874,0.40117777315717223,-0.2720296857720398,0.663493530987541,-0.3193757387185932,0.7988354784988658,-0.3469763085398029,0.8994983062243724,-0.06425454729674596,0.4372706177656496,-0.039739885976460776,0.7346331386018807,-0.010790947262662904,0.8937539453647628,0.02459265015202666,1.0,0.02216004313749199,0.43972140068973065,-0.017868723784312025,0.5632134286197872,-0.05533494527439887,0.5107537575470308,-0.06059397067697271,0.4432147847231094,0.07945154128490274,0.4297478537280144,0.01505352031918444,0.4986234648929729,-0.009040388031176454,0.4488391330168491,-0.009038454423777905,0.3902170551649167
1,0.0,0.0,-0.15487189979642763,0.09349073515982258,-0.21670515061417173,0.2865457854637942,-0.18423434376439807,0.4500037599624691,-0.13312481128614764,0.5456182695240346,-0.18798476318153137,0.3943765466901451,-0.28789555473188416,0.660231850355784,-0.336950022782446,0.7921296796422908,-0.36481140829871433,0.890954344639814,-0.07629084728432098,0.4389483251371241,-0.05898802168843055,0.7408015476539934,-0.029675710553381224,0.8971206830891139,0.008490389701341918,1.0,0.009186650771759335,0.4437855073105504,-0.04269205169382174,0.5519250816980678,-0.0832712716854722,0.49153766687139694,-0.08775141647520124,0.42311627470807484,0.06761875787381312,0.4333442633088357,-0.002249615446816508,0.4887351906148283,-0.02915898610035397,0.4345868959136779,-0.02824081726187954,0.37535737139051556
1,0.0,0.0,-0.1571375366404804,0.09617459554763086,-0.21542550556948167,0.28976639502699353,-0.18193451444810446,0.4535255587653163,-0.136025672940173,0.5551070895832007,-0.194374492243507,0.4014996465403732,-0.288382660087622,0.6663330831135066,-0.3358134041925007,0.8001247882940862,-0.3625892413193339,0.8993816547056444,-0.08088931599933875,0.4421583743558769,-0.05645846961951792,0.7363591278456073,-0.026492168891307465,0.8951759032517642,0.010117757695867771,1.0,0.007242609670578201,0.44360334561275877,-0.03708399345697666,0.5502681340226279,-0.07628552848164165,0.4926924875517244,-0.08151724554927112,0.42635991902912135,0.06886795790389115,0.4306967625156548,-0.0006058021410841016,0.4883103600656875,-0.0259495327836216,0.43458436814347823,-0.02554184814036496,0.37446046751870055
1,0.0,0.0,-0.15610353225633627,0.09527412465571834,-0.21859793604236905,0.28680017275387976,-0.1904531176913767,0.4496445516289265,-0.1504280312260544,0.5517566471451869,-0.188728535687181,0.40329809756686097,-0.2867049768556981,0.6618815247516084,-0.33448213334972,0.7975203171893903,-0.36221107225355814,0.8987448604017395,-0.07735499128935035,0.44210807042028183,-0.055542724928270434,0.7333855357385393,-0.024865991365005693,0.893867050861285,0.013305828296553286,1.0,0.0076602808709659775,0.44260082650094396,-0.033964173817554136,0.554158463439215,-0.07454423758530751,0.5001433723503674,-0.08071827972720108,0.43454716352540557,0.06565817293424418,0.4271146843176103,-0.0004016097041451611,0.48929168273887536,-0.027216256605460825,0.43861545440164684,-0.028515960225469653,0.3804730651208721
1,0.0,0.0,-0.15348016067040904,0.10155722954949156,-0.21352255121008254,0.29897541152709095,-0.17813658532056717,0.4616147448315416,-0.12408851829616747,0.5563495293149227,-0.18935532751965573,0.406746872930502,-0.2844707449058114,0.6614608154415238,-0.33205475749867447,0.7961910663704126,-0.3613168144842682,0.8972870106185233,-0.07637002056861811,0.4441957608428801,-0.05391306612697253,0.7341573158881743,-0.023103720918717856,0.8947164491179426,0.014931073467307862,1.0,0.012895100047656477,0.4439120913353923,-0.024905151231950882,0.5521454182732676,-0.06518196625261234,0.4969294065221293,-0.07323482780745133,0.4290983538916362,0.07470797513610979,0.4280478741291346,0.010316286343221537,0.48753453031550237,-0.016780211834072935,0.43681016733406364,-0.01883217389869182,0.3785889350324621
1,0.0,0.0,-0.15734046308015923,0.09875431980172547,-0.214013675978347,0.2969908451878734,-0.1758381999113091,0.45781184346447773,-0.12353256028329367,0.5528008088194417,-0.18977882873739613,0.3999958628161552,-0.28563194836794564,0.6604891185600532,-0.3326566021050509,0.7950872234712782,-0.3606732232411474,0.8953204572105297,-0.07463143509857487,0.4383656572369042,-0.05236498235878951,0.7342127003786816,-0.021376311778174544,0.8944903054146687,0.016594373688545043,1.0,0.015108478253280981,0.43880704303834783,-0.027311748438536315,0.5514893215406356,-0.06833735631366576,0.4949968518616681,-0.0749167714968719,0.42752662342447634,0.07599231000952845,0.42490959606864104,0.008590991540751908,0.4883352101495463,-0.016816100885228055,0.43571592027129585,-0.014533409698851802,0.3763945218514415
1,0.0,0.0,-0.15788423054862288,0.09576423416575044,-0.21530196109294586,0.2922994793994422,-0.17392754643305094,0.45411486047868566,-0.12284812833193348,0.5509686631143417,-0.19578445672333586,0.4034840652240026,-0.28923039356589103,0.6643925844715254,-0.3384114711936703,0.800240351351302,-0.36716972015993543,0.9013294246812666,-0.08105649312185473,0.4453717315226153,-0.05708051418458661,0.733911013971025,-0.02605100618950986,0.8936547555976222,0.013447479594370936,1.0,0.009252601895239333,0.44521419884142466,-0.03476221164939193,0.5496914626668393,-0.07547587508818052,0.4904608684389723,-0.08202475230624458,0.4217866525386737,0.0726237387287256,0.4292007216534338,0.00385192814007978,0.4874396026997114,-0.020791186717532308,0.43286097851639915,-0.020893211605350535,0.3729094344746135
1,0.0,0.0,-0.15745828372675763,0.09814518156526147,-0.2118352718855901,0.2926693168525225,-0.1696261793898443,0.4524741734141998,-0.1190248749706516,0.5472851957356006,-0.19423766380558793,0.3980995227379921,-0.2856110283469115,0.6625973691373338,-0.33408275623484535,0.7984201734100443,-0.3625197906862226,0.8999505492564728,-0.08039291005159084,0.4425633769455647,-0.056100751734412105,0.7352636005127917,-0.024294495799803445,0.8929684886564565,0.014992743415051727,1.0,0.008493892417621917,0.44598973689295573,-0.03272267898364178,0.5542451801108278,-0.07236417667628671,0.49430433400445056,-0.07798127728361663,0.42724299638261576,0.07061729799475157,0.4335632896795467,0.002990938878465448,0.49519296698227877,-0.02256242117489149,0.43976528038363805,-0.023628443111906202,0.3798517049078824
1,0.0,0.0,-0.15583707932896532,0.09704912152531421,-0.2116505514233922,0.2942510633915624,-0.17082424911356578,0.4565854945625187,-0.12028499759599015,0.5513056790581605,-0.1942620852695379,0.4007827471559226,-0.2838313184918298,0.6598954691811881,-0.33385966138671763,0.7940054938828577,-0.36429761758166557,0.8938858037824036,-0.07996275561421257,0.4434914259997186,-0.05631068412783673,0.7346501613290239,-0.027501329925897575,0.8928055822129373,0.010111313214766526,1.0,0.00953230928500832,0.4449269836117725,-0.0326296689056283,0.5576691661219257,-0.07272914749198006,0.49814727787394825,-0.07892569122228234,0.43086317068547425,0.07229912627389587,0.4296458540101223,0.004683716680623836,0.4985682541745847,-0.019955672151719964,0.4439459977080179,-0.01948352746095083,0.38381254382747054
1,0.0,0.0,-0.15639555027706462,0.0938711744725821,-0.21126012510990977,0.29218073429705815,-0.17195239925293748,0.45577007847162637,-0.12477043013107283,0.5534061080939462,-0.20425103664384725,0.40115000672480666,-0.2896374227845779,0.6606237562670922,-0.3420288495501376,0.7938413987390533,-0.37372419792751566,0.8922352972273843,-0.09045927449313228,0.4454123213488381,-0.06450553753491652,0.7358581462286533,-0.035793593267626315,0.8931209244626698,0.002294338179254062,1.0,0.0019145615257614515,0.4479695618924513,-0.03329738131623254,0.5484319538971096,-0.07141679885209234,0.4871291865160759,-0.07723421011509396,0.42035988988420636,0.06966498023891593,0.4345496206509354,0.006436896824362303,0.49119452002113584,-0.015018734870804674,0.43328149574212194,-0.012593787729858167,0.37231950372740874
1,0.0,0.0,-0.16051730750349572,0.09729547520003819,-0.2191992817781956,0.2925547002763758,-0.18096761503954592,0.455539727940548,-0.13548914009877625,0.5549897647945508,-0.20694362355714602,0.4014710213921825,-0.29819927049437284,0.6579699520878509,-0.3486675296845601,0.79204757674718,-0.37919455035457794,0.8896931098513868,-0.09219259332467203,0.4432198686588969,-0.06949797234892745,0.7356857898928854,-0.04042864000234496,0.8942211652609229,-0.0011704047896325793,1.0,-0.0004809243085059402,0.4446234724524922,-0.039338000166793057,0.557698271357261,-0.07920128173850766,0.499836643968025,-0.08612993801809121,0.43268843043711325,0.06571283345479655,0.4287752785191163,0.0007322811881943199,0.49241785474296035,-0.022490474572942974,0.4375661546534809,-0.022255070684070732,0.37601393902299995
1,0.0,0.0,-0.15850937763084522,0.0992162955942112,-0.21512930127851648,0.29130824294035534,-0.17854682510438108,0.4558788037273828,-0.1302906959617608,0.5573789765976547,-0.2075578934529971,0.4015631710351079,-0.29545183224400084,0.6624869442892602,-0.342650067675223,0.7972421636019447,-0.37059859109436444,0.8977653222751485,-0.0940569319428603,0.4407894770842237,-0.0644486988734233,0.7353956920418175,-0.03128654759203856,0.8944119232424985,0.00888059651355029,1.0,-0.002768895961037263,0.4425224434192241,-0.03461126411321685,0.5673637206023637,-0.07180873467746646,0.5119684885143337,-0.07727753353140632,0.44371418885082353,0.062669220357658,0.42942538851882994,0.003221872921486922,0.502403258540024,-0.021542374922285897,0.4520410320122668,-0.02390609810865969,0.39239613700834686
1,0.0,0.0,-0.1576561593993484,0.10296881626406766,-0.2125068904206138,0.30195146205856804,-0.17730748182446085,0.4675292075892807,-0.13375495576242516,0.5735681380407605,-0.209891529560153,0.4092657417684933,-0.2932003632638087,0.6701831734084324,-0.3403778295147803,0.8049932543960931,-0.36765084079329147,0.9043447642201186,-0.09527662749441565,0.445818697437389,-0.06753763678763892,0.737529004236474,-0.03493062365611539,0.8957204241464843,0.006603898433676611,1.0,-0.0013799765226939487,0.44408384781486504,-0.03224687980136344,0.564396220819594,-0.07180560805985321,0.5070992260982351,-0.08011176834766735,0.4394191781967815,0.06691269576476404,0.42772299190867524,0.006863830790963515,0.5008274919651585,-0.01883188117832495,0.45033710699263585,-0.021711536538297587,0.3925063913402239
1,0.0,0.0,-0.15653828921624488,0.09872675492043617,-0.2107500369572693,0.2914023961203684,-0.17693781704802333,0.4558759909335713,-0.13208777697490387,0.5597696849521565,-0.2053424884974252,0.4008175914958653,-0.2910624966858541,0.6621978549678565,-0.33597118805596676,0.7954147958135361,-0.3614436738666822,0.8943724270140543,-0.09234141096944842,0.44012053347146723,-0.06258270354291123,0.7369239050614995,-0.027743706725312907,0.8953531929911447,0.01356071076018085,1.0,-0.0016694131021309318,0.4401269800579902,-0.030394897033792816,0.5640236736353635,-0.06779268308637534,0.5093679962498563,-0.07470380304995593,0.4424882003765944,0.06335465067812086,0.42442157844418205,0.005772855029478281,0.49095073057205807,-0.01867209545094094,0.4425013463569549,-0.02074511543087183,0.38578035961461293
1,0.0,0.0,-0.15996120563168895,0.10063092943654839,-0.21303599793881095,0.2944393701086546,-0.17647003140765732,0.4569531745291059,-0.12911643005409826,0.5573684808717729,-0.20970699083233374,0.40156497640566213,-0.2931441068092871,0.6671210168414088,-0.3374097364182387,0.8002131962222885,-0.36293496193782265,0.8992124039313033,-0.09508025480118744,0.44062388642647543,-0.062238583205070204,0.7386869188889325,-0.02480567715149314,0.8958968653268599,0.018496065132659344,1.0,-0.002559523631789197,0.44168078265211197,-0.02989613561358461,0.5680432852243099,-0.06744949581742658,0.5108274367871422,-0.07380612053203886,0.44295241254225026,0.0644212429025918,0.4285965141102571,0.008244375042128776,0.4993634544522262,-0.01511013454588817,0.44950547408841274,-0.0146520784153977,0.39179522997753113
1,0.0,0.0,-0.1627092442639874,0.09917423553206604,-0.21595583491078127,0.2973141840438619,-0.1828989776772849,0.4643391060579434,-0.14132674416386373,0.571966559072146,-0.20633815068227493,0.4037034514935862,-0.296453499470829,0.6709071937564267,-0.34037184858369535,0.8044184798105825,-0.36448781971826144,0.9054749140610402,-0.09143357012213572,0.4424118321040336,-0.06711255075828049,0.7367526904841829,-0.030082710366154484,0.8940874728418484,0.014657600410146994,1.0,-0.001399962679453523,0.44311667749602635,-0.03656630252813223,0.5743240451833818,-0.07560821815110172,0.5167514801563723,-0.08174298827915011,0.44879283698185685,0.060451831290410325,0.4306174529017609,-0.0035770366702795415,0.5057397711823475,-0.029031569720630316,0.456764071103095,-0.030664501552769723,0.40036961743660404
1,0.0,0.0,-0.1531020214819853,0.1101206892385253,-0.1984827799465496,0.3013915827461852,-0.15427909406937948,0.4551163945776299,-0.09536962589644155,0.5501302240661019,-0.19380358208268883,0.404733605504486,-0.2724527710475336,0.6790025453578833,-0.309153997553885,0.8177010883170442,-0.32727321996804987,0.9244571377357929,-0.07891043479423752,0.4364130935893535,-0.03648291555507172,0.7366740578785619,0.007339166063896952,0.8934841982052283,0.053284647214898916,1.0,0.01396345467637073,0.4347613911745129,-0.009480044549041836,0.5635155828972784,-0.050188409037533764,0.5038592120769477,-0.058281047019791574,0.4372724950020752,0.0806990361237172,0.4241487339255218,0.026208223835708165,0.5024215975106217,0.0017819147501014132,0.45068694631896766,0.001550347948475331,0.39409162115295865
1,0.0,0.0,-0.14847823133618754,0.1245056124657978,-0.19003766482429088,0.3154212182056018,-0.15369761098352827,0.4745577866807329,-0.10136250989595376,0.5687743052536367,-0.1844964070258771,0.41806017978286614,-0.258437565773461,0.6844569528723708,-0.2929455285530847,0.8246815128950515,-0.30865309764852716,0.9319542602785479,-0.07053196000772466,0.44773234937338285,-0.022819477957247574,0.737954879796081,0.021881045965332527,0.892485288310896,0.06753111572588577,1.0,0.021931640426435098,0.44066182635737505,0.006817339018189079,0.5609408431672789,-0.030893740041530855,0.5015480264482016,-0.040428679036306765,0.4351840762507218,0.09094989460104706,0.42261505728208565,0.044658926384476945,0.49660596372154864,0.02367820779600313,0.44682260168891297,0.021033853357246803,0.3910968249382427
1,0.0,0.0,-0.1464478240820713,0.1248724652112967,-0.18325158429586233,0.31867105435694065,-0.13770989470607847,0.4724459534589351,-0.0787850723693092,0.5613027782092244,-0.19086743010929064,0.41475121341313237,-0.25367023904395963,0.6861671144839746,-0.2851021270233431,0.8273200009096667,-0.3012895493327256,0.934422707603604,-0.07664512982347144,0.4405202325843583,-0.015652751185348947,0.7388673004333981,0.03407592136415168,0.8936824130941684,0.08071666252961861,1.0,0.018756940442475434,0.43491465342424196,0.014227477644214835,0.5653416983961318,-0.021849420160052955,0.5051307621700584,-0.03156369287909997,0.4377678133789715,0.09234752558558584,0.42074359447058124,0.05178103548135643,0.5019556382642592,0.03086441079000199,0.4529674731249132,0.028180313360826558,0.39862311298592773
1,0.0,0.0,-0.14384192011071184,0.12627179102700675,-0.18529364447067279,0.3215531557881293,-0.14796967458402804,0.4780892302324468,-0.0957489898223698,0.5714595995904806,-0.19758234275358635,0.4257081241083498,-0.2519583513490162,0.6934421141205837,-0.2857796047122239,0.8320037958134152,-0.3055160642411886,0.9374252123679826,-0.08566537442933013,0.45013830724552395,-0.019713666671008163,0.7442796347052402,0.02900379709751986,0.896112996808633,0.07493943153419873,1.0,0.01009425511747815,0.4419259992489822,0.011599684403759932,0.5745272339339702,-0.022354519654047524,0.5129017665427995,-0.031371502672130104,0.4453427266201686,0.08559658310752964,0.42454683487459527,0.05017620667774788,0.5117037886040846,0.02997522228310509,0.46103806288040455,0.02645842646913957,0.4048485774596704
1,0.0,0.0,-0.13432712621092008,0.13399000698411395,-0.1631387553313379,0.3354397932532149,-0.11472695013469363,0.4865299213060089,-0.05298404980789021,0.5643470031389671,-0.17459790134601622,0.42739795904860683,-0.22152413390455541,0.6915638560797747,-0.2532696724236603,0.8281925327483683,-0.2721757769506707,0.9325683429162194,-0.06080636158910053,0.44941547267018955,0.005934044845276466,0.7447267943342271,0.052925809076379685,0.897173688399848,0.09695849280277792,1.0,0.03607505555111203,0.43634993270851996,0.031120861105272814,0.5714544555092672,-0.004834241106126027,0.5132082557929456,-0.014485624325669324,0.44465526933452326,0.1109706399445576,0.4135311533448516,0.07205671761920569,0.5100824384101009,0.05093807287321622,0.45880047615052894,0.04769846473178689,0.39998093939696017
1,0.0,0.0,-0.12201480118526899,0.13148750206689064,-0.1643947342455847,0.33959083327953127,-0.139701531234037,0.5116477612806416,-0.11312261130434141,0.6148761490278848,-0.1741954652016212,0.4370772312514036,-0.21628350961043702,0.6965516925427094,-0.25183903424688275,0.8389490685057278,-0.2720350055981028,0.9428695729856947,-0.06744176161779189,0.4503046526821984,0.011093295859372196,0.7440185308783069,0.05837823933410192,0.8982573131872332,0.10490870939572644,1.0,0.031400957781642855,0.4332238429208921,0.049987151130280585,0.5630861687029022,0.01660359026859101,0.5084097952079357,0.005577317235751265,0.44285527761066845,0.11551587766518603,0.403076381673448,0.09586283362838931,0.49444410461703286,0.0764553985571767,0.44344906591813765,0.07494212494089901,0.38836521060565815
1,0.0,0.0,-0.1186459069347107,0.14098728682419173,-0.15163408240088821,0.34756133751949136,-0.12451973807547652,0.5376025160874617,-0.10563962569311852,0.6632149717871858,-0.17069343097820255,0.43388598625707675,-0.20757329357163046,0.6909851209990302,-0.24095837719819269,0.8278380785531277,-0.2622504431225987,0.9340548508949216,-0.06599970872484145,0.43325628457530696,0.014740640911679044,0.7170907660283917,0.07029588657944041,0.8830095330297925,0.11963225073160877,1.0,0.03795924535853209,0.40053166867808054,0.09223826656592601,0.535963548596018,0.06767772207835197,0.46755606981435,0.04976974707432755,0.3966982888761041,0.1256223043211829,0.35722797737117984,0.13895367722685828,0.4621526628711416,0.12526052000546992,0.40135712260583717,0.11542488478202342,0.34030303423825314
1,0.0,0.0,-0.11724887949816057,0.1341334814729486,-0.1502386310217522,0.3239059591405319,-0.12210021135375046,0.5041226832638628,-0.09492294410290875,0.6235507599349337,-0.1754779580627155,0.4339355269275244,-0.21351575317541782,0.6887193616240976,-0.24616909912574197,0.8308213164781312,-0.26576543649224493,0.9414083232672251,-0.07893958121158837,0.43444405526762264,0.005802862503175518,0.7170773001831299,0.0636320139971802,0.879926730224691,0.112983139229723,1.0,0.021083568944188523,0.4020766006003004,0.09518322187894183,0.5424707804453391,0.0777074156180831,0.46980094028743163,0.0581886760413884,0.40210314955708903,0.10868497003420138,0.35513724318394513,0.1407406080949462,0.4645080761169282,0.1307198914450575,0.40115665252043814,0.11658747193038044,0.3409528393864287
1,0.0,0.0,-0.11457896278661187,0.13890104924100363,-0.14575429238916424,0.3412220189007046,-0.11367442298134228,0.520622074779163,-0.07864641308121292,0.6349170468215399,-0.1648247524919256,0.4434978946832402,-0.19994139151301865,0.698591285864783,-0.2348573443869159,0.8389000424219343,-0.2568322838858027,0.9468540873272264,-0.06183040481290494,0.44140487273322915,0.022016615999787794,0.7231279506333376,0.0785251591500201,0.8842351689258461,0.1292151109601743,1.0,0.04018500494019011,0.408495539307475,0.09622135962783321,0.5514208637307177,0.07295977312493986,0.4866791060453483,0.05643787219632352,0.4189981143440545,0.12878130747460542,0.36377360434062933,0.14338192655216164,0.4803185265745053,0.12915818695894365,0.4227752348066646,0.11933008388932657,0.36400057427410765
1,0.0,0.0,-0.12208232682354941,0.14257442227330666,-0.15150511040123452,0.3524388986874664,-0.12942281935031488,0.5282749165437324,-0.10776300305707784,0.636486508378231,-0.16063009501261574,0.44783371941369887,-0.19115825285045257,0.7062097145890954,-0.2218378311197656,0.8519066275082426,-0.2414484378680269,0.962726555091153,-0.05530586543880011,0.4521273548547266,0.03048461743702088,0.7367003622694218,0.08456838763507808,0.8919537799225911,0.13350217673897014,1.0,0.04509952533297547,0.4242790780248582,0.0855617424602667,0.5838892953624925,0.055594703872382065,0.5207398720147294,0.04203769484648764,0.44801983929606004,0.13058200586640467,0.38015292594815225,0.13185643135413763,0.5013306651721202,0.11459889708894093,0.44770810637941993,0.10793435395371624,0.3888281974994625
1,0.0,0.0,-0.12063907868403816,0.14863184463986825,-0.1466711358223945,0.3549102977275409,-0.10715205357270952,0.5194315560538337,-0.05669781069398046,0.6199856319403022,-0.16108705502919232,0.4364626742045015,-0.19790298231086464,0.698987845102359,-0.2256535587372552,0.845090677608424,-0.24394394335929181,0.9582297629553678,-0.053941125659053506,0.4396845718124844,0.019854381206319337,0.7298478152672855,0.07681071263659453,0.8872513892725179,0.12785242531747612,1.0,0.04669687448486525,0.4129236211570558,0.08453560030142418,0.5758015517935436,0.05471515681729502,0.5133984226435813,0.038982193824320104,0.4410035435883597,0.1310717144688085,0.37434409365175936,0.1269227940494753,0.49916827091476135,0.1087881229483567,0.4440106404617331,0.10128064447478698,0.3833166174736315
1,0.0,0.0,-0.13044275138867364,0.13807954166547368,-0.16009526552256795,0.3413973106922254,-0.11340773831113814,0.50113711838678,-0.049714150790898484,0.5947317259560737,-0.1661392041416711,0.4437125435591517,-0.21645898779323025,0.7234441802816366,-0.24961048575555878,0.8691103745024585,-0.2725760658566996,0.9823721934270924,-0.05381260458465488,0.4548357992832296,0.01351137766774727,0.7413160631886795,0.06997633833370974,0.8914719266635998,0.11921479064066763,1.0,0.044598177298024906,0.4341293697014347,0.07137839702321884,0.5732495419235449,0.04005227162396272,0.5117381971245728,0.024323150389925104,0.4417419577746658,0.1211676581010553,0.4031931758259917,0.11015905790900409,0.4988892023120615,0.0906514398642006,0.4455852933801388,0.08503601506160263,0.38544018544152076
1,0.0,0.0,-0.13711251037720681,0.13511867061901647,-0.17070119022485714,0.33739253047079765,-0.12238696067846765,0.4999430719736174,-0.06583254234844414,0.6023016659028585,-0.17750723615290123,0.4474422724066137,-0.2434505592964039,0.7253935042547263,-0.27036256859255037,0.881408193401956,-0.2839964733230691,1.0,-0.06395949585226404,0.4573624816271231,-0.0017004029588842335,0.7380259477372111,0.05060200672723351,0.8879862411539855,0.09828738183143468,0.9935213617412767,0.034425579049570866,0.4363558968567147,0.05545791016356938,0.5873882394135326,0.02101859973075046,0.5272658069676471,0.006956519002804063,0.4568807389315039,0.10972190516076875,0.4062508403320477,0.0935516279985193,0.5136434165741228,0.07314364571658082,0.4654288110739029,0.06590820799155062,0.4058081462575401
1,0.0,0.0,-0.13316798386639733,0.14227910967614407,-0.16017973104653793,0.3548790720673256,-0.10688970030109968,0.5174573200249238,-0.04622982287651858,0.6170382001415448,-0.18053477845702107,0.452866083735072,-0.2476187064613386,0.7311713405527397,-0.27970894257353385,0.8848751599558654,-0.2982215092195834,1.0,-0.06875402228757853,0.4572880986725859,-0.006596666196683733,0.7418695371167112,0.04118669723236063,0.8919053510382983,0.08563094139516496,0.997294059257872,0.03004596310883476,0.43207522008109267,0.06500688858517366,0.587848135529839,0.029837907825399152,0.5256391475110432,0.012939297197806957,0.4544118336712577,0.10782778216275758,0.394056401312673,0.10338422846242104,0.5045887494029103,0.08103233915394212,0.45396318582437784,0.07285188648247104,0.39344827496659585
1,0.0,0.0,-0.14090628199454833,0.13121954380847392,-0.16985578395971732,0.3457062497872485,-0.12047133943089963,0.5062683129921105,-0.05748724800406388,0.6024961311963049,-0.18928310281984073,0.4381917695947379,-0.24686862563858172,0.7204362190724821,-0.26563813331203634,0.8715352604470792,-0.269746773378441,0.9833531792270772,-0.07355538477249339,0.4462597963870218,-0.014321447181337571,0.7384181371612014,0.0358600789209769,0.8926953582211097,0.0823488940851163,1.0,0.029005717450333986,0.42589866221874256,0.056747036535646674,0.5765530530163576,0.023922266503622665,0.5126899706992126,0.008713809338022158,0.4408488718280392,0.10925229967975994,0.39592410729482247,0.09783294623475718,0.5034053327956721,0.07886647979450172,0.4492304615594094,0.07345375503075405,0.38644652017145803
1,0.0,0.0,-0.140124165938389,0.13428688002392727,-0.17063783292229948,0.34929285751949923,-0.12328387960641023,0.512283040250199,-0.05921964940670223,0.6092903161114036,-0.18801051831758783,0.44612154327438824,-0.2481615851471121,0.7193680365202072,-0.2722979602174546,0.8691377106062296,-0.2809705585651936,0.9821119447044921,-0.07354835028902033,0.45683625811370465,-0.01418676237574978,0.7458809739298208,0.03677867015202634,0.8975883420251219,0.08486798940907075,1.0,0.030269553498801477,0.4378305019108104,0.059174699331540515,0.5866806011899668,0.027310628358829536,0.5229671544614246,0.012671944842800079,0.4498145377187318,0.11179740655354807,0.4068050956096743,0.10389189852693417,0.509801623216368,0.08536503350941661,0.4550624589938617,0.08107610479937138,0.3916481031500494
1,0.0,0.0,-0.1466095446429514,0.12497709124349046,-0.17735144906513775,0.33608181261751596,-0.13053050769594352,0.5040809846086544,-0.06557133558930255,0.60617368316046,-0.18816131410131756,0.4423867445671168,-0.24673491002126238,0.7211736105201882,-0.26943711549721994,0.8690933871454872,-0.2764529926754242,0.9783873083639092,-0.07301574525264241,0.45497110767029836,-0.00985760070355487,0.7492838616687393,0.042099413941896986,0.8997304369145408,0.09169007021923015,1.0,0.030799475221410706,0.4360775985793909,0.05514289965707475,0.5883908032182257,0.022888814273443428,0.5258914743511712,0.009551158016774398,0.4524060488321294,0.11109161003056577,0.40596680727597445,0.09520910788091001,0.5102564003072728,0.07694093678157755,0.45490992741657715,0.07443020023358585,0.39065297468229354
1,0.0,0.0,-0.1450970837703686,0.12409378845566191,-0.1730338460296092,0.3318637936587904,-0.12386740189533361,0.49643425108444394,-0.06406290004212056,0.5977614617946296,-0.18365657883749079,0.4496365610165463,-0.252033395458871,0.7241855543901282,-0.28238819009129795,0.8750957348111319,-0.2952596471232756,0.9870846788513474,-0.0702251660733999,0.4651000386334584,-0.010829664990103044,0.7449624631445065,0.040525855510865544,0.8966491669029639,0.0895215232410994,1.0,0.029760977270495693,0.4451486562255386,0.04958792507127919,0.5747016001225993,0.017486549408155607,0.5153224333756374,0.005398406392782058,0.4452767614700536,0.10732796869680443,0.41388840711773295,0.08940351224937576,0.5032117159403852,0.07225502854379391,0.44804956094588655,0.06937210994660141,0.3845945184536706
1,0.0,0.0,-0.1450434410946777,0.12645207480104584,-0.17041341543886515,0.32302632385143915,-0.11529732929266973,0.4721241371473811,-0.048580426646247975,0.5583945454754755,-0.1793081917015385,0.4426379626559206,-0.25836654651373936,0.6994968727684846,-0.2995493429713137,0.8416933504693911,-0.32216964474367765,0.9451587975597086,-0.06450177258678842,0.4646579949104275,-0.006016620391636406,0.7433022510199755,0.044342891475801505,0.8963756198112335,0.09176195535242486,1.0,0.03376641364863977,0.45007105572053324,0.03853032187294487,0.5604253985488814,0.0038428017974293685,0.5006026832214551,-0.008570690137272893,0.4309376272996561,0.10715878493418202,0.4230117673620485,0.07693661651485709,0.49111515705597975,0.05734848347002942,0.43486360903646065,0.054255229474514444,0.37253435535732654
1,0.0,0.0,-0.14589666511052787,0.11806852076655322,-0.18163205731205298,0.30033848840363103,-0.1297627910283645,0.4492833548195851,-0.07001439647833625,0.5431226627353158,-0.18793517183421365,0.44300544447951296,-0.27359986066225306,0.6904702611341356,-0.32097713980684567,0.8323250406558504,-0.34927842683771404,0.9367914850492177,-0.07746035137639286,0.46831138375097664,-0.015392795892395447,0.7362404915342162,0.03490967310175831,0.8915080339270862,0.083185838710539,1.0,0.01889692956634888,0.4533722631361752,0.03516585292268824,0.5370873896705738,0.0031610558520913266,0.47546429300952603,-0.009185231553077938,0.40729995873285413,0.09398131655361776,0.42496658564964157,0.06722275117566225,0.47378370071877063,0.04938044734789934,0.41801248848413397,0.04595926176574481,0.35794734883979884
1,0.0,0.0,-0.1428033763741164,0.12091923698611262,-0.18062945912434325,0.3039011910785531,-0.12856489259591516,0.45346561882987846,-0.06433058387166796,0.5451131721402454,-0.1799104481453133,0.43381928957582483,-0.2718012723159921,0.6866387659723991,-0.3198488639861349,0.8306986973925591,-0.3475891622925658,0.9362547690246501,-0.06774595646729008,0.46017970672054065,-0.011477688258066988,0.7344506009400775,0.03779771680435265,0.8905051946782104,0.0863545805226078,1.0,0.028649793186894295,0.44680657214544894,0.041412026728986584,0.5294271797797018,0.007228995557160246,0.4692776611883133,-0.007039075217565396,0.40338413248437127,0.1022676883040912,0.41845790883429207,0.07042080880704385,0.4602381292978048,0.04985812800349108,0.40490481017875335,0.04569566026388407,0.34696670824187587
1,0.0,0.0,-0.14300408226222228,0.12792677933466987,-0.18020065565073093,0.32013232982532747,-0.12703856968440613,0.47233025751001007,-0.06511612484263525,0.5624159153458709,-0.18071163699944598,0.4401032245661502,-0.2725500558670457,0.6917072365614513,-0.32037589822250023,0.8347971033337295,-0.3504462098521973,0.9391999257838245,-0.07018160236150506,0.46630652696241615,-0.013705961622934885,0.73853216649013,0.033361512132221036,0.8924277146745722,0.07801751904118066,1.0,0.02392186288561581,0.45527041028654075,0.036663051484491165,0.5387796282559459,0.0040852427915863,0.477015339872454,-0.008805160557679418,0.41105347849202567,0.0970162265918196,0.4285533322578446,0.06725673245404055,0.46934018764919144,0.047916749718988204,0.4134912116051446,0.04395221998389747,0.3566528728403447
1,0.0,0.0,-0.14095171347994798,0.12585608672200022,-0.18142599308299473,0.3103047700459703,-0.13138045208770002,0.4540030348220635,-0.06591555131667604,0.5377378070517618,-0.18139585017012547,0.4422586840518794,-0.2768498696295688,0.6949966497505511,-0.32829299657882605,0.8377271683766315,-0.3597327079534362,0.9394022931010991,-0.06878351415970331,0.4665221424425278,-0.010693921583632119,0.7412909379018666,0.03775497824670901,0.8934200727536065,0.08391338998583377,1.0,0.027022421474445717,0.452661628538526,0.03540364439948412,0.5231002965763997,0.0007536661434429366,0.4585276446906479,-0.013235818366086144,0.39466386452673763,0.10077494349370358,0.42356709177817053,0.06659008064862322,0.4543628833422611,0.04696919077010943,0.39671283602815327,0.044162260326514005,0.34171237875176613
1,0.0,0.0,-0.14186985509085406,0.11720815411874613,-0.18198374988766625,0.29227186573013963,-0.13421115843031559,0.44114520702808335,-0.0772115701811983,0.535159115760793,-0.18198728502854813,0.4329518668241727,-0.27811362649822524,0.6868726636672546,-0.3265490568709277,0.8312669814678612,-0.3564277885144761,0.9355060061113283,-0.0702756237709571,0.45996852980374947,-0.016822060916431316,0.7381723954244858,0.034062012697109685,0.8932861906791731,0.08199833699530515,1.0,0.02461518596050429,0.4489074461044515,0.033768782063960376,0.5329384891068355,0.0006519544026365453,0.47418612219047,-0.013591872450628501,0.4099284245607448,0.09938974165376495,0.4229209976018721,0.06492974651737457,0.4636534490229894,0.045754770253984986,0.40944652904053114,0.04224586383865319,0.3541740431722568
1,0.0,0.0,-0.14605687700970452,0.12800343058016075,-0.19157705669349054,0.3219181108488798,-0.14244736107314532,0.46757806577393113,-0.08139946110264405,0.5546550710417197,-0.17958863471819725,0.4431764326916396,-0.274117416702738,0.6923721842136479,-0.3226888547028667,0.834534641397855,-0.35116201002810354,0.9370210236703065,-0.0658573489528132,0.4665119678883617,-0.014852402735297338,0.7405103079657037,0.03217727255310368,0.8960463810331011,0.07972395489865103,1.0,0.027695811381158685,0.453270537142832,0.016878813729140737,0.5363869383483751,-0.024169896585755062,0.480377840490856,-0.03951950610792504,0.4191002207180128,0.09904938535744347,0.4248894164072006,0.0512625330669097,0.4676251830837491,0.025938720730204635,0.4168556400794871,0.022857945344287284,0.36434238994028934
1,0.0,0.0,-0.15419871966707865,0.1062311539949546,-0.1975923481415901,0.30409029853665887,-0.1518607645193028,0.4584313820669349,-0.10065288140112123,0.5517101413785459,-0.19758492203676684,0.44428121101294965,-0.2710213103850997,0.6991389703144176,-0.32261299633548896,0.8350890335630958,-0.35781363882034334,0.9364751069721343,-0.08310409008118724,0.47455454238530836,-0.02278238397526274,0.7445519559273357,0.02001715611338684,0.8949150018909399,0.06222460018576129,1.0,0.01046175157542097,0.46522807922530873,0.010269397348047405,0.5415840135162353,-0.029646459450569672,0.48137532910323083,-0.044728334973113876,0.4213100953004711,0.08232217558064894,0.4381901749372947,0.03905732663124354,0.469013943689115,0.012070861703468752,0.41439005235222776,0.00636888107075013,0.3607795526369555
1,0.0,0.0,-0.1479538776624549,0.10477550185568794,-0.19271456645200935,0.29499374229049286,-0.15203990517475183,0.44707563584005133,-0.1051947548770939,0.5440190443409852,-0.18373644275569884,0.4458705875038632,-0.2621527061327355,0.7063994427980477,-0.30927537616087497,0.8472983724549052,-0.3403002799525333,0.9503313567561187,-0.07132671550893785,0.4727651327093945,-0.017677286001201983,0.7482530223069999,0.026109200409792123,0.8983311873609585,0.07101892089876748,1.0,0.018770425407111532,0.4633388326691181,0.01625076250348026,0.5523604945257431,-0.022583438379356856,0.4961933843981651,-0.03741074091460772,0.43488098638441347,0.08655461957721491,0.43509885739360316,0.04112463969739537,0.4762083596511541,0.015374232653440028,0.4238081293458193,0.01110205067257988,0.3685431385499234
1,0.0,0.0,-0.15737892235643622,0.10711611925668577,-0.20523234621668432,0.3019250125332275,-0.16672981518883337,0.46462367164452434,-0.11490557717223022,0.5599081259167499,-0.1738187630397313,0.43296591418186003,-0.26453968411004264,0.7051048212844199,-0.3098412060245093,0.8486208888996475,-0.33577946150448545,0.9531332717986067,-0.06016773650787971,0.4608168682332412,-0.012031196773250848,0.7530045540609236,0.03166758056611247,0.9024322004137632,0.07716714326259647,1.0,0.025132234759542706,0.45255739235895864,0.004760170683438914,0.5615771764401284,-0.03906122003646476,0.5107529654370597,-0.05267779554122318,0.4463670830610053,0.08367933461103844,0.4279338540279811,0.028663640449154388,0.48400184814674874,0.002104950738890333,0.4367474581842765,-0.002237738048001998,0.3827940624952858
1,0.0,0.0,-0.15005768474009984,0.1088544188189018,-0.20107734118237355,0.307993049303462,-0.15830605719137825,0.4716306028663652,-0.09675597802693857,0.5586846368965862,-0.15723861680803275,0.4338590545743789,-0.24886363159630248,0.7110628004326146,-0.2933940694213822,0.8513057727531689,-0.3185462942064384,0.9564448747842591,-0.042140150005495786,0.4609439488917398,-0.00010958002992055028,0.7541524202838844,0.04408607653988889,0.9028515140251531,0.09054968732773239,1.0,0.04065754730358451,0.4502591408287976,0.0022384196311029405,0.5661041950021102,-0.042800986388079436,0.5153634390341519,-0.053648234679142794,0.4508409386293099,0.09404198442218349,0.4258080268630493,0.02900783086079057,0.48571960769342426,0.0022825537013465924,0.43615419403720185,0.0007390359138898981,0.3825651963420743
1,0.0,0.0,-0.14015871893920454,0.12807247744271077,-0.17891593765916525,0.3267304806175956,-0.12171930811610167,0.4784137720234111,-0.05986424117992242,0.5647827193161806,-0.13645347437045077,0.4355110816572209,-0.21753289724919747,0.7126920597361579,-0.25670630766021996,0.8579339466468185,-0.2788269276656627,0.9654023262775243,-0.020027960112011224,0.45402829123108457,0.031099892489084062,0.7488757527068668,0.08040912022737476,0.8999933428304735,0.13046755626059356,1.0,0.06314285763982942,0.4413739765392491,0.03265887192760162,0.5725235368893371,-0.01167708648105972,0.5235802162836897,-0.023556576216131254,0.4571792987644388,0.11596662813098463,0.4179660402127827,0.05675482119016592,0.49906143397329134,0.03033771773569582,0.4489799113189118,0.02612393499123736,0.38987926804025735
1,0.0,0.0,-0.14699509428800633,0.1334124457950248,-0.18584936839420188,0.33485281015596985,-0.13629864584604123,0.4911697923482723,-0.0815770736522231,0.5810737853094813,-0.14987789324253883,0.42780374194550114,-0.22652796107962633,0.7051351381325762,-0.2636805039537747,0.8462813815845412,-0.2860404952292228,0.9500097966366113,-0.029215418796973026,0.45017578493240323,0.022233559210501994,0.7488933497473207,0.07122886791546057,0.9006619568874052,0.1198153056735465,1.0,0.05819231721879032,0.44021626537425,0.020577668844107784,0.5841884503199618,-0.02318852795368594,0.5333781390826652,-0.03324128191762692,0.4643608711243212,0.114442904092776,0.41882211156335836,0.04825860163178694,0.5096371547609806,0.021558811242841987,0.4621841693746049,0.01931024284568264,0.4040426467924333
1,0.0,0.0,-0.13936255387045526,0.13485261522799072,-0.18012591077591716,0.3350993407717171,-0.1254593825897993,0.48713650282591625,-0.06007212021329048,0.571960285376454,-0.14411944632128704,0.43524089338215155,-0.2234573875568379,0.7103585638045324,-0.2610375940450321,0.8537168902138383,-0.2828649723343255,0.9596642113000128,-0.027454387018133342,0.4491447779898103,0.026681568543306368,0.7483798917112544,0.07780172020233378,0.9008036056682676,0.12781279103741713,1.0,0.05947734815836088,0.4347036154836471,0.03551098751848943,0.5815931958875842,-0.006585292224393273,0.5312104816840452,-0.01922544671390223,0.4629580700681142,0.1157652686218294,0.41207816694362776,0.06043663031171819,0.5139133718567959,0.03348328418034733,0.4658518950530487,0.028792017813772577,0.4078198187350487
1,0.0,0.0,-0.13288215464168518,0.14220070791162168,-0.16543500555777685,0.34442547079466157,-0.10901672458605799,0.4956650381330033,-0.03590033090383456,0.5742860668300469,-0.14067390475305863,0.42131428397107756,-0.2143074068198335,0.6971780777526769,-0.2546592928962382,0.8326317245798787,-0.2792247381008645,0.9355257558026878,-0.023205742856115145,0.4378679315593068,0.029784532319046375,0.7462767058023398,0.07659227265752666,0.8995745596464357,0.12390632389730864,1.0,0.0668688137657244,0.4275608231662995,0.04141147042663653,0.6013725292382512,-0.0017824953673268027,0.5489175100249103,-0.013301718822738694,0.47421108936654094,0.12499908123824757,0.41040550858975566,0.06484786313578557,0.5227651600079694,0.037085842528593656,0.47436394530411274,0.03433716754565335,0.415278230654146
1,0.0,0.0,-0.13757871401023572,0.1306837891017963,-0.17880906978174732,0.3331153061025467,-0.1235881876924802,0.4928248965256051,-0.05659432504369552,0.5814166211643774,-0.14366526841216848,0.41798095128683577,-0.21906390627984867,0.6914057150058717,-0.25841511676423745,0.8283928711892936,-0.2833234980210523,0.9327551845588465,-0.02475675629002488,0.43670063337410653,0.02067243529445878,0.7420406154663162,0.06663145693252343,0.8978025678202524,0.11519174082394146,1.0,0.06356772628288669,0.4275836617239642,0.033964727415389244,0.5994983883570397,-0.00982720846954039,0.5460544455494137,-0.020993199258936036,0.47039193369873766,0.11954820291498999,0.4079836240136837,0.057979403193475325,0.5250943147404239,0.03145213759818765,0.47583873606995375,0.02961010246044883,0.41325859292092054
1,0.0,0.0,-0.1387924089155463,0.12562464198273113,-0.17799560086580973,0.3326465035398632,-0.13254203717739074,0.4973526333923554,-0.06980596221169555,0.5905236516767167,-0.15405047814871045,0.4047110381996282,-0.2325866324599113,0.6853658481094664,-0.2742035776863088,0.8249702085016343,-0.29936414567059527,0.9286460115232698,-0.036023344136798814,0.42594386478325047,0.009902498751122306,0.7357367412209298,0.053586197321286985,0.8964963968766815,0.10045376209650363,1.0,0.054426513914995714,0.41950882431405834,0.023436677993310975,0.5906706184396249,-0.021967837680144715,0.5402385039504483,-0.033438691030214254,0.4643967402925631,0.11268846441213427,0.40507753914999256,0.04781105948233011,0.5196397559217131,0.021034388951999633,0.46799769190678503,0.020182017183528838,0.4010640523641335
1,0.0,0.0,-0.14424902049468838,0.12450357844620327,-0.18411912899998825,0.33258199024203355,-0.1357657163137582,0.49259512069059963,-0.07312455372622928,0.5833634817029174,-0.16801976859389955,0.42189024118025864,-0.2498317122523702,0.6885254213294714,-0.29567948309459113,0.8287120636898978,-0.3230475920225652,0.932186684761804,-0.04868213984958635,0.4431817900527824,-0.013274776332005349,0.7373407061640741,0.027650241170939668,0.8941555612770234,0.07474337774790267,1.0,0.043417263307341816,0.4344711026603457,0.00977270211544142,0.5881360829112343,-0.03190261009309461,0.527537991095536,-0.04009131788985468,0.4526592551038984,0.1060611051027932,0.4163672287790497,0.0415524181060056,0.5249917534271364,0.012522384854996753,0.4731427898131972,0.012604508402185337,0.4106965104802023
1,0.0,0.0,-0.14981710068608928,0.12704447068909536,-0.18796007671219953,0.330556715395159,-0.14247680288208497,0.48565190089153265,-0.08806641014849328,0.5804648011506707,-0.18517613238812253,0.424717773106315,-0.2612179676156868,0.694569968827257,-0.3048766009207909,0.8327503402910744,-0.33060184675550897,0.9354267163947168,-0.06764493263419032,0.44844563211471045,-0.014419191805379745,0.7459221716790774,0.030258632329624637,0.8985402567103881,0.07848263303888466,1.0,0.028216422838987298,0.44010929568344775,0.012579116478608012,0.5939848231446457,-0.027329724347405777,0.5346675217135247,-0.03448344626771985,0.4629955875606117,0.0965412276211581,0.42280169681567076,0.049214050633435,0.5303447893930561,0.02441958508412862,0.4796985126345892,0.02486558911582232,0.41639958800192356
1,0.0,0.0,-0.15458802323321358,0.12755924280515724,-0.19892292895778618,0.3546498468679174,-0.15974241517550236,0.5440045146184026,-0.12851467495421365,0.6713219594934293,-0.19554079692633872,0.42871473301214286,-0.276380715729801,0.6936479683754734,-0.32567934978290375,0.832426635138683,-0.3548662097698784,0.9326172591134366,-0.08146925407188375,0.4571993219616075,-0.03646629898406552,0.7479726961248777,0.0020019018794569933,0.8993622480495297,0.048092287002779885,1.0,0.012082497225599979,0.45732570432235603,0.005144482191053926,0.5990696989800752,-0.03279916250710364,0.5377493475089462,-0.04149728149097625,0.4660895579894198,0.07959776451867744,0.4463488710745328,0.03511606234581253,0.5383871390984214,0.011604450826030618,0.4826398995917579,0.011950631469168187,0.4175967188417271
1,0.0,0.0,-0.14202537101210538,0.13106802160977576,-0.1808660578487828,0.35377617120516197,-0.126240262095151,0.5335227865240145,-0.05260014458021577,0.6359383005556392,-0.18973132388812394,0.4283389816023161,-0.2675486040962696,0.6853563503301163,-0.3109930628946578,0.8330958801147303,-0.34013974389577323,0.9424315200151909,-0.07607836989131864,0.4440713126562023,-0.02433781115061826,0.7398560734939525,0.022579020700383468,0.8944929483539603,0.06733974242421883,1.0,0.026066180044392834,0.43300154499058136,0.04458201276658304,0.6352403027043915,0.017065361209289413,0.5698145714161602,0.007812114203371925,0.485016322226258,0.10396135358663783,0.41032673176125106,0.09354515415027145,0.5617947416551902,0.07537060884288144,0.5017903439715865,0.07235378091130815,0.4310307233665994
1,0.0,0.0,-0.11759916568134363,0.13894073473398658,-0.15226977235134237,0.35265406692424106,-0.11560460219593074,0.5359704746607532,-0.06065971311894112,0.6527646769015346,-0.1786535532823191,0.43113547432095245,-0.2384169210958864,0.668036527167925,-0.2787607875585041,0.8138370731987326,-0.30557790738949897,0.9259222467476904,-0.08115914140603751,0.42926865212418597,-0.008069858870413081,0.7186610393084779,0.04176493253282126,0.8813278967196067,0.08624938638825114,1.0,0.019044382141857073,0.40269824102178753,0.08436360375574259,0.581408303838083,0.06850509530109841,0.5119427695233376,0.05448775668898149,0.4361485391764985,0.10747050090794463,0.368968369383194,0.1333659948525763,0.5207633129398357,0.12421115292981857,0.4568773515587486,0.11452928524808206,0.391641704571428
1,0.0,0.0,-0.10370895000804654,0.16408241834704615,-0.11759774603562091,0.4060654591931535,-0.07113320951248847,0.6200227479986659,-0.04212375813108787,0.7771000888617993,-0.16369999385819584,0.4454387774855454,-0.20252319308510597,0.7065396220224883,-0.2406836216741936,0.8598328340849917,-0.27243900372162233,0.9754618597849436,-0.07169063654746642,0.4337083980231165,0.029991284857653972,0.72336738795289,0.09819633093284676,0.8817295320489448,0.15111302707758187,1.0,0.025097744092012,0.3967855818426501,0.14144691576476734,0.5770907595390382,0.12868105922020856,0.49681038229232344,0.09996003940083979,0.41979931071853666,0.11324033035131897,0.35082622814703324,0.1823503207343421,0.4884724555632695,0.17334822396905153,0.41598486161893294,0.14910201381206234,0.35285551133629334
1,0.0,0.0,-0.09357370681220288,0.17111288248207976,-0.10420020131098086,0.3850218397513875,-0.0320848732472555,0.5452562452920376,0.04405644528925736,0.6306398734756361,-0.14218607715658094,0.44762897429931847,-0.17973085005998235,0.7020696779192346,-0.21153551791443168,0.8545571700729488,-0.24024658380092792,0.9725381147313718,-0.05865668534091567,0.42778782024264556,0.021402849425710704,0.721344234291885,0.07928945686822869,0.8827764539173073,0.12947750038916356,1.0,0.03164545069721762,0.3895905968920994,0.16705534646554715,0.5815085674794316,0.1615027197147122,0.524761113158983,0.13220882508354986,0.4545263730675299,0.11719688895250616,0.3474216139066811,0.20762528354708176,0.5051888218480312,0.1973445679261104,0.4544872657590614,0.16498067319870743,0.39464934111059563
1,0.0,0.0,-0.08893828873467037,0.1642140521889548,-0.09914568149502491,0.367037662140201,-0.033049439151725105,0.5215471023157483,0.040762793384274854,0.6042743812943099,-0.13547994721967327,0.45029091067456894,-0.15573611670350643,0.7019158463991638,-0.18641903667499224,0.8506749204054641,-0.2178823918626,0.9638361548294229,-0.059431923845965184,0.43057591527030814,0.047672370782559266,0.7173501953284673,0.09696154019533611,0.8800364602951817,0.13240420194969366,1.0,0.02624751589407566,0.3917527301288717,0.16358035208787144,0.5748203917877235,0.1565962801635976,0.5146084911534885,0.12980896547350632,0.4458082503260568,0.11029437944531759,0.34685805010769233,0.2110611000281933,0.5068645750641226,0.20782345332173002,0.4518549136971366,0.1846843838844273,0.3880548982633989
1,0.0,0.0,-0.09720555649252284,0.1732826541549277,-0.11024768039154788,0.3785627413266781,-0.05585622989552354,0.5354219716679524,0.005287260347574929,0.6307149244758282,-0.15059614159941237,0.4594707885854651,-0.17165087185574512,0.708226081298655,-0.20554635484395195,0.8527890751456985,-0.23859372883183527,0.9646950724429317,-0.0751788762720867,0.4428517536494876,0.03664079715333977,0.7268807928770825,0.08636910735894111,0.8837387944087937,0.11993081494957426,1.0,0.013674116017440494,0.40427204860679106,0.1526928747170282,0.5854203895756398,0.1479820796557367,0.5227425001912335,0.12292849587872633,0.45473311331498106,0.10430450453937613,0.35700235593513485,0.20675934348391473,0.514932186608249,0.2148250190542283,0.4697290444193153,0.201530067587598,0.41412786930873013
1,0.0,0.0,-0.10235423337922682,0.17837839850146087,-0.118708363141348,0.3826026724526789,-0.04998997954337741,0.5308363265440345,0.0244735692618305,0.6201099085873762,-0.1563190457547079,0.4560922514880223,-0.18714304062224865,0.7063675813720022,-0.22250187379436534,0.852902799088914,-0.25605202230187574,0.9697096797610975,-0.06676462722970672,0.4292366521623401,0.022394324512642838,0.7149633027921397,0.07431735251470029,0.8787409963250052,0.11367254078449937,1.0,0.02631184219425043,0.39041087284692033,0.14222750717719085,0.6338233533101322,0.16317196778810986,0.6112266031644789,0.1609915877801307,0.5459968430908176,0.11479813588483734,0.3474681749677205,0.19295630150219983,0.5335390577544374,0.1949139357561536,0.5232939939926897,0.1735830050573834,0.479098351247097
1,0.0,0.0,-0.11886525008454658,0.14486191752413718,-0.1533431528055213,0.35902776440354023,-0.11617170004491176,0.54406444490837,-0.062033847905517366,0.6677495818892366,-0.1696189279570696,0.4320011308827279,-0.22241050580809968,0.6721641844509788,-0.25839668870141846,0.8210570672081756,-0.2851117902227947,0.9371447984401831,-0.07552686578317096,0.4254136619569664,0.011913556803361218,0.7025969473869906,0.07187545499156076,0.8712602486247218,0.12335580975594349,1.0,0.019091580701347585,0.39471481803033814,0.10318588461144394,0.5779679701348355,0.08144743744901206,0.5151888797558896,0.05900380632939964,0.44404711189653195,0.10161281749262961,0.35626126164296923,0.14740386148689508,0.5143840117217381,0.1309971258014592,0.45623121775578324,0.11103434940732655,0.3910315144969459
1,0.0,0.0,-0.13159379252107806,0.13547811117415984,-0.1611808733479223,0.35498349866885287,-0.10073242922763258,0.5278695105755477,-0.024536696299234207,0.6258862546199725,-0.16606270279283386,0.41577592504796496,-0.23395724893335293,0.6757543934954654,-0.2814652390635164,0.813795871034821,-0.3187639414763462,0.9175161505523124,-0.05255626016748877,0.4256365484208458,0.00785427416269583,0.7272757617035904,0.054558078327063615,0.8861987370149529,0.0966583350714947,1.0,0.05150248883058266,0.41336042196768125,0.0724451557858269,0.6077674894400089,0.04291916862470984,0.5436614302321665,0.02837192857070576,0.46373498126637125,0.13372897460361235,0.3921754193223028,0.12372063898083985,0.5310608805553135,0.10370396773529482,0.4720346577040472,0.09662344598179635,0.40899445263473794
1,0.0,0.0,-0.1415895716428938,0.12566810098911887,-0.1792815016632745,0.34636168975358106,-0.11711537938798931,0.5298428807997109,-0.0499074491139057,0.6428325162983393,-0.18461064511031394,0.408875194596435,-0.2628214805285314,0.6792525531159771,-0.30570740958416526,0.8248638995950736,-0.3361940692182034,0.9357624824677001,-0.07037937032839939,0.42480818323985076,-0.015226475158844595,0.7279853208597089,0.031872427361030464,0.8884746849177148,0.0788946968564949,1.0,0.030117546459346948,0.416959134019181,0.04218978176173948,0.6161327412984275,0.008153968799762514,0.553665922706918,-0.0029495267872349344,0.47126914270681663,0.10621767188257548,0.40201423531375696,0.0901410155150392,0.5578102489528995,0.0687819019518078,0.503431055540821,0.06457676072052243,0.43497634128141166
1,0.0,0.0,-0.1447350261426143,0.11739563838847494,-0.18394932801893898,0.33234740910342114,-0.13145274296973586,0.5047377164101909,-0.06859908424387276,0.6103842806813377,-0.19004716641633077,0.40836968415376096,-0.26534985575570424,0.6689380762182628,-0.3025041552308738,0.8083674321198168,-0.3267148896115348,0.9132632169665803,-0.07817418478273275,0.4259413311681346,-0.024202973993420713,0.7262698390115275,0.023254837270005328,0.8879759190619001,0.07253846983727685,1.0,0.02031821543960996,0.41791944931074826,0.025591322487152374,0.6128855600039989,-0.009766371259664536,0.5519499342421305,-0.017974730657501093,0.47349104976279843,0.09443889128716978,0.4019212588504554,0.06740915820036315,0.5571481763774725,0.044312115470910185,0.506146607105441,0.04412419236813086,0.4389932373550957
1,0.0,0.0,-0.14399152272123908,0.11958637808249852,-0.18331617402593112,0.3320326359540337,-0.13212628978656446,0.49996307108826826,-0.07217501180857591,0.6023049676289232,-0.18923988832455677,0.41229255212125476,-0.2664974349306163,0.673077661539093,-0.3074259854455577,0.8144616032488993,-0.33579719712954853,0.9189306654589894,-0.0802169896079251,0.429783050376392,-0.029839465984549306,0.7256745410875448,0.017696455209228502,0.888455222506312,0.06602300969197214,1.0,0.015771927041144693,0.42008013913335274,0.02342779213315351,0.6018627259934348,-0.007862727351392816,0.5438601176580024,-0.01593820144657224,0.4679024385680575,0.08879717140378977,0.4018821447919635,0.06392828412885904,0.5488349211256536,0.04141334149918707,0.5009857643005985,0.03915354860437004,0.4349037588803848
1,0.0,0.0,-0.14629572899765894,0.11499551834076495,-0.1910041564080163,0.3257911357696919,-0.14311371312086107,0.4933463433820832,-0.08520931428722708,0.5907459220682952,-0.19388436940974468,0.4055586946080155,-0.26805964956072176,0.6750418099095726,-0.31027725775402687,0.8189409669037975,-0.3410775648516892,0.9220026398296591,-0.08286236200460646,0.4261709232974422,-0.02923539489658146,0.7270485721093298,0.017152236480327973,0.8890726936473898,0.06314200241291021,1.0,0.012003131488478164,0.4202489306420686,0.019385426476205603,0.5938848232486545,-0.011317683454924342,0.5331064138783939,-0.0196527375941243,0.4596578811017696,0.08340091751099614,0.4045784782024954,0.05627420946934886,0.5406303066060035,0.03632435866889048,0.48858784241200254,0.03580683103199186,0.4226741701366433
1,0.0,0.0,-0.14298674634590583,0.11725109944193553,-0.18358130499095643,0.3238367973725646,-0.1296694220861243,0.48591154252593727,-0.06863085607102573,0.5819683978715456,-0.1939708577729202,0.4094779981858529,-0.2684049024216993,0.6738885029786171,-0.3095107837948264,0.8158489828162974,-0.3377673618885476,0.9206058683976905,-0.08297882227695376,0.43401922597597914,-0.02996194274271761,0.7343398550492856,0.01649147815570162,0.8914535325475248,0.06255593771066224,1.0,0.012261033194787857,0.43068031421075853,0.019265204043266745,0.5935939364276028,-0.01235699107471015,0.5320692441717658,-0.021067280958033816,0.46077706570459337,0.08396918001879326,0.4173436776732568,0.05672725089123144,0.5429032810956338,0.03775746434621603,0.4913707311567994,0.03767025734213571,0.42849810226695967
1,0.0,0.0,-0.14471766746376502,0.11270100863310756,-0.18654545972628708,0.31855469496928207,-0.1374789946212733,0.4818008873811757,-0.07925557162749787,0.5795905329011156,-0.19829107512295785,0.4074698538603031,-0.2737292730058106,0.6743936466087327,-0.31693807753074976,0.8168218496431054,-0.3467934225513596,0.920406092740856,-0.08760868244816424,0.4277888131782928,-0.034684951188036474,0.729746465734894,0.011260457697922971,0.889870102213054,0.05697401069446538,1.0,0.007980281751396796,0.42214853624098014,0.01662913630681763,0.5890829769636327,-0.012427385689872502,0.5285030522943011,-0.020354727513090635,0.4561617652241661,0.08062001204270887,0.40824895563619024,0.05477047991619594,0.5346622305106453,0.03730240321778781,0.4819861021440671,0.037027805460011234,0.41663206075044223
1,0.0,0.0,-0.15339522534143785,0.10412878282915516,-0.20112120981862483,0.3072607688376939,-0.15588333601795107,0.4767695972491202,-0.09463270025618568,0.5746465298939772,-0.20761355597099537,0.39935221343621563,-0.2870175320217172,0.6733194429868554,-0.3286094511183361,0.8158563724041998,-0.3549406993073388,0.9212007720353498,-0.09516668788982627,0.4292097654798566,-0.04215038924966601,0.7343786971030163,0.004518816234358619,0.8906954035711935,0.049563218418259065,1.0,0.0011344064937195619,0.4284536437676985,0.0035383211888591996,0.5887604037645158,-0.02750715553878934,0.5224583076876455,-0.03504612939578784,0.44969476717497253,0.07293014107156107,0.4178244982539037,0.04345229200420323,0.5324546397882441,0.02519490100776917,0.4777326261069943,0.025212068628084703,0.41517829618683266
1,0.0,0.0,-0.14871943798643417,0.11751593584508614,-0.18853981084525231,0.31626498326907987,-0.1407299860069742,0.47664148473492796,-0.07973055633393064,0.5726649867551499,-0.19091462215802207,0.4110092748664252,-0.27148604515849134,0.6800151141813474,-0.3094213552215198,0.8230819487899275,-0.3308594299891533,0.9314814423644063,-0.07722161995603712,0.4382930901513944,-0.02300702782843986,0.7396631008799225,0.023712366138975136,0.8923962462116686,0.06978255343103881,1.0,0.01760169907505405,0.4348262231046378,0.019099084301000872,0.5858178105973868,-0.016553957789896632,0.5231186263820753,-0.02651702760539047,0.45315202027356494,0.08765132091770497,0.42088607922153104,0.056732686824915536,0.5229472771799348,0.03884368240661727,0.4696929791584716,0.03679295742962016,0.40931203147625755
1,0.0,0.0,-0.14552659286246072,0.12009681478903539,-0.18839969984919036,0.3151995400820275,-0.1392319428597441,0.47803348355558295,-0.08046861118575722,0.5755001167416309,-0.1833124079466542,0.43363788948752624,-0.2548991102672429,0.7061994945601336,-0.29034399867252286,0.8512501633648609,-0.3099771509461946,0.960686851955459,-0.06864202316917552,0.45664333302495924,-0.005708739175701294,0.744226575681617,0.04311863152376463,0.8945834820137124,0.09008988371358799,1.0,0.02483292730740935,0.4489461681578758,0.025203269940425058,0.5767265646682556,-0.01056210728188772,0.5192626627958372,-0.02159852332850214,0.45130258696517284,0.09408406278497072,0.43214183447358334,0.05731925972589946,0.5101546129097154,0.039833712927189936,0.45835906788782815,0.03722897953130071,0.3984648842642561
1,0.0,0.0,-0.14490622949799725,0.1322611114526838,-0.17958796944863176,0.3287046894275368,-0.12829376527814199,0.4877793206427755,-0.07018403690863072,0.5859186430640115,-0.18024931609244063,0.43188004841755906,-0.2545906510794096,0.7037359262073904,-0.2902752695827647,0.8486990899183449,-0.31160072740793937,0.9583972314711786,-0.06514125040738043,0.45377991082165314,-0.008592957501984994,0.7390800399654697,0.03731876247912107,0.8924065167369711,0.08040813026430535,1.0,0.02834414031759606,0.44861885376462074,0.02810642530473377,0.5875889578735247,-0.009683952020893095,0.5355057452930593,-0.02301462842428843,0.46636251862284356,0.09684920489464016,0.4356184838389742,0.0579734090812711,0.5192533752963917,0.03697319528449718,0.47282117682724706,0.030618280607311966,0.41367445339853964
1,0.0,0.0,-0.14850655081521386,0.12737967096867697,-0.18523005916295204,0.32414295612090877,-0.13563719477348754,0.4732629646518742,-0.07272633275713968,0.5617422729366905,-0.18644990473362533,0.4324355493812104,-0.26489089437274427,0.7016221206518883,-0.3015398746042351,0.8450825582998399,-0.32175113382893056,0.9514020712335611,-0.07428317502736625,0.459150933280545,-0.019105120582368004,0.7452075180900064,0.028305218853433536,0.8967261241962452,0.07134579514135597,1.0,0.018278241442817197,0.45490842762760214,0.01370772370512553,0.5672445394162416,-0.023041265599353343,0.5071015279147564,-0.035019819176526176,0.44001547121211587,0.08821109543958627,0.4413281087061801,0.04772553739779632,0.5035959079645517,0.027069318807125948,0.44888240229157755,0.025218930023695817,0.3889896344057134
1,0.0,0.0,-0.1479071724202959,0.1135116945662766,-0.19389824018140717,0.305275418869005,-0.15346585257581496,0.4654918491193554,-0.10269508401024856,0.5670806757613431,-0.1902643007878173,0.4228136422741699,-0.2697827666930171,0.69017238900986,-0.3110219594899019,0.8292455059465839,-0.33394208966869804,0.9346780470989111,-0.0816797983967414,0.4560297658635764,-0.031915229514883146,0.7383713578966778,0.012581028342132114,0.8921701113278707,0.05739850885214949,1.0,0.007997550172657176,0.45475266071981846,-0.0011167821679328386,0.5609605768397602,-0.03622419784085897,0.5031030137115071,-0.04473140783324796,0.43630528205093455,0.07637775034281291,0.44346603856200095,0.03297232309289549,0.5002295992257207,0.014604529210572263,0.44832417075031294,0.015583047229389739,0.3893498254541271
1,0.0,0.0,-0.14909107842420444,0.10644864957055714,-0.19737632409129907,0.29328476529149616,-0.16162992193950337,0.4495654771313591,-0.11166268003950058,0.5486136876838226,-0.1983725204780279,0.4209739807193953,-0.2804211032049842,0.6843529792722414,-0.31976225031321276,0.8213375880954675,-0.3413800850124894,0.9255785907035591,-0.09191827429855655,0.45735696125948383,-0.04254513396021572,0.7426984882196046,0.001935278661974221,0.8952026370647193,0.04373261956957629,1.0,-0.0026839327313439017,0.4573502166282282,-0.007524281928169533,0.5605864126820306,-0.03975543967067257,0.501202087018515,-0.04826816883476665,0.4342376568404804,0.06666580086648421,0.44663127552959525,0.028002560950838026,0.4953344013289507,0.012409834504686837,0.4411880711007547,0.013546089617063516,0.38270379495287765
1,0.0,0.0,-0.1504759920823843,0.10201699401070317,-0.20056304243280648,0.2913786451136933,-0.17220757389843241,0.44874317287281484,-0.13227977978368602,0.5501948256232979,-0.20071714901127008,0.4168287789352484,-0.28284630593334453,0.6807343079131741,-0.32390180260706897,0.8132981773562378,-0.3472002765404237,0.9153234017366931,-0.09317913782903564,0.4544400077706043,-0.04920271131084106,0.7430661618138941,-0.008391855282854395,0.8948539045512668,0.03274821553522023,1.0,-0.005076719107839271,0.4543151331950537,-0.026023010127186174,0.56629910497567,-0.06311473234766614,0.5058126986374907,-0.07003235812438956,0.43987665229994133,0.06237130291435974,0.44236577153827455,0.011657609239356322,0.50135879147521,-0.007555905141299129,0.4501424776336154,-0.00559324576125315,0.3955714367004391
