0,0.0,0.0,-0.1551895325581567,-0.26971826863455967,-0.332106213480662,-0.42189219403323536,-0.48044816946507357,-0.57334637482076,-0.553958055439204,-0.7211493180215207,-0.5105203542116483,-0.19966479361050474,-0.7694506377616989,-0.1592595223792038,-0.8974172967178986,-0.12273509772306314,-1.0,-0.09023110372017712,-0.49913379440788447,0.0020114656726037262,-0.7350108808516902,0.118303416911384,-0.8622973515967203,0.1999469171299104,-0.9443581263679212,0.2664932853579371,-0.43953343908229153,0.15624868926799632,-0.5147358388372237,0.15183996935515678,-0.45331543444123457,0.09686157476529017,-0.38326491478039665,0.06134242827418723,-0.3804054872001514,0.27325038235011617,-0.40269051720561316,0.2116965319380988,-0.3421451276574825,0.17287124334972234,-0.28528666739035174,0.13285949009754403
0,0.0,0.0,-0.153221087715705,-0.2656427987207591,-0.3313717192833977,-0.4167949772334272,-0.482162763514114,-0.5648038664150531,-0.5548709819017814,-0.7126309478319988,-0.5086464705157882,-0.19586967044974188,-0.769444408102942,-0.14902687732306788,-0.8972704925095653,-0.10695822977884867,-1.0,-0.07214249397846367,-0.4956900732509349,0.005384532445016685,-0.731012141420275,0.12382236614459717,-0.8575131269266322,0.20323581730259535,-0.9399080224142357,0.2653391842651019,-0.43652901457935867,0.1589060766651313,-0.515598249051374,0.15401441018267845,-0.45207763868255685,0.098101304369206,-0.3806429769194366,0.060648453709171636,-0.37914701029988357,0.2748008573386501,-0.40669043551305656,0.21426022510778764,-0.34418984339719766,0.1761198433475727,-0.2861798579553529,0.13666710727605502
0,0.0,0.0,-0.154616358408669,-0.26584601242794786,-0.3342568981217877,-0.41788570643344736,-0.48582829005885647,-0.5657577126352735,-0.5583930440760067,-0.7121180460012609,-0.5106984510257119,-0.19355185275209935,-0.7696288165587688,-0.1460391418949695,-0.8971299056787031,-0.10367084405039607,-1.0,-0.06753201132172074,-0.4956162713682322,0.009572441994681507,-0.7303828296968596,0.12034649895166982,-0.8575793330116961,0.19756173100582078,-0.9397645628625315,0.2591948302661331,-0.4361381194651727,0.16342404819164855,-0.5186308327540854,0.14707404265828403,-0.45765571907492847,0.09104563426455456,-0.3857841680243749,0.05558551633757915,-0.3774242739841261,0.27796369065271526,-0.40833533102837777,0.20324086875048827,-0.34703278482255506,0.1658560538406955,-0.28907878786663,0.12978676430352437
0,0.0,0.0,-0.15338180616162175,-0.26542153149856385,-0.3301670211003093,-0.42227352208075564,-0.4798128176093681,-0.5709371461417366,-0.5558176887704375,-0.7130116704181396,-0.49992965988179405,-0.19298221387538667,-0.7646894332744145,-0.14523551425099426,-0.8948013905766682,-0.10282646445536898,-1.0,-0.06574837570426426,-0.4855302177695537,0.01397675410130358,-0.7277740330175652,0.12068918643669907,-0.8556946582937472,0.194243157589483,-0.9397564937306673,0.25305289059047725,-0.4310621530462881,0.16809799457302255,-0.5248393397177419,0.146026732697194,-0.46607901741327884,0.08369675727739725,-0.3935971936450508,0.04660119138035793,-0.37707999613345117,0.28076581832744146,-0.42114139140521434,0.19779037091250554,-0.36304002223265575,0.15255282844951393,-0.3055376229010163,0.111867758851635
0,0.0,0.0,-0.1520384321506074,-0.2692291892386102,-0.32905211635736387,-0.43284475060245103,-0.47900053488001226,-0.5777441461817172,-0.5586414089822344,-0.7173720559216105,-0.5004498764340799,-0.20264326368236343,-0.7645448284855312,-0.15165417805753237,-0.8951005285811101,-0.10800068002862524,-1.0,-0.07021632620644515,-0.4865950305243952,0.002499547595578466,-0.7304880974977348,0.1074483147698299,-0.8635438718529452,0.17856123386011677,-0.9506448369332225,0.2366887240594254,-0.4333358121654762,0.15691534128146634,-0.5247809130205889,0.13260537125707758,-0.4658177123019664,0.0708253605173442,-0.3946030417166383,0.03585233941012362,-0.3806177937874287,0.27049234030334585,-0.42673270893447646,0.18268290673896148,-0.37054671310017845,0.13612959643418943,-0.31406978804299857,0.0951616637443834
0,0.0,0.0,-0.15713600321376422,-0.26820153049277373,-0.3354997101575973,-0.4301577637695956,-0.48647336207820646,-0.5722525594072853,-0.5657528044984373,-0.717346729568192,-0.5026972515446987,-0.1936147250347863,-0.7717625852485308,-0.13705060117581308,-0.8986740100346874,-0.09709231350436637,-1.0,-0.06327410557340402,-0.487555301618226,0.0131610306108962,-0.7335865421541171,0.11669502647088514,-0.8600747033668551,0.18295851559060725,-0.9401448899795706,0.23740892339938827,-0.4308960553333604,0.16834567114907684,-0.5175394721642017,0.14776592389997784,-0.45751409924578534,0.08523718683230874,-0.38484909982338866,0.04658563568110883,-0.37467620388669814,0.28246448259748747,-0.4123209559699729,0.20167161532241196,-0.35548998976965596,0.1528176115945287,-0.2984956294679701,0.10957624728500406
0,0.0,0.0,-0.15159488317103506,-0.269270728607975,-0.3375185255106366,-0.42453385740547434,-0.4943007564182525,-0.5615288567973421,-0.5778384726993661,-0.6999483599471396,-0.49907223997021993,-0.18667612923199653,-0.769359900864203,-0.11942468640236734,-0.8980784658522472,-0.0751956568299396,-1.0,-0.0356535456158578,-0.4836719558475501,0.022830145177756857,-0.734277016736537,0.1261462883660817,-0.8654744885443852,0.18774967719848004,-0.9490339092093338,0.23901788891696354,-0.4320679404546372,0.1771884468793396,-0.518263419963856,0.14679063828497693,-0.4615080943018621,0.0817505855064677,-0.3911844573678807,0.04604523603107904,-0.37917435704858055,0.2913223825844024,-0.4188409613322069,0.19518424769534254,-0.3646926188304777,0.14650766226176878,-0.30864739508489897,0.10930491506009862
0,0.0,0.0,-0.1536244685219468,-0.2655124301716174,-0.33726059926037955,-0.41797209580610156,-0.49768518987685556,-0.5532382006703849,-0.5928185959858788,-0.6820422539493243,-0.4990508488042478,-0.1748398117344517,-0.7704774860849936,-0.10776179892425478,-0.8984406193743588,-0.06475773032269519,-1.0,-0.02611736559569118,-0.48266111755408825,0.031605336325433,-0.7339127688907031,0.13379363349184273,-0.8645980994275907,0.1925881081063552,-0.9466888344715175,0.24017903144015199,-0.4317251608368421,0.18367788285167744,-0.5354637585576631,0.15158124981505436,-0.48242945412962857,0.08103355532215809,-0.4120514029318091,0.04036436217971974,-0.38239990336209906,0.29081177863597063,-0.4357461325585006,0.19792406871506046,-0.38628345793434055,0.14376833495409902,-0.3326435451840964,0.10189339753159884
0,0.0,0.0,-0.15564249500615052,-0.2676780345724688,-0.3393403446381984,-0.41716605161414166,-0.5004746804813028,-0.5475993492007459,-0.5964206446431545,-0.6814946166561109,-0.5094927481369792,-0.16942652293785612,-0.7780545691505627,-0.09142061271738283,-0.9011534527924763,-0.04516310876745542,-1.0,-0.00819813275789917,-0.49264181909195603,0.03771457285800623,-0.7380625232285327,0.1416198852760064,-0.8679671705769656,0.20208405356353942,-0.9465741974697154,0.24841169285948192,-0.4392264557822488,0.18984888164021846,-0.5314207870422313,0.1524097825834679,-0.47292304358617837,0.08229430149300111,-0.4014453962378468,0.04300249416290475,-0.39069401255969993,0.30023340272881227,-0.4398284846194301,0.20992015820588109,-0.38505926588765754,0.15521398020419724,-0.32756044435403875,0.10969289738742796
0,0.0,0.0,-0.15240807380823368,-0.2687513313392605,-0.3376160948083641,-0.41196354620992515,-0.5025650807226935,-0.5422236018204216,-0.5991401269500324,-0.676884872665246,-0.5088194392135804,-0.17020509306618264,-0.7780578483613694,-0.09059890220700614,-0.9022939734776971,-0.04409861346331254,-1.0,-0.005848780918456027,-0.49015173420353314,0.03894172399018676,-0.7383541730955673,0.14575279490126425,-0.8675105838940145,0.20517223784056973,-0.9444370874873144,0.24945369531182293,-0.4335063365674247,0.19135283507429987,-0.5275606462999095,0.16314565398219266,-0.4735696252973493,0.09666130486231421,-0.4031453219066965,0.05730225916629612,-0.3791067007165541,0.30077029366003083,-0.42593400282993116,0.21848441553497766,-0.3738269028128414,0.16611712221755157,-0.3190824349071282,0.12206852256372003
0,0.0,0.0,-0.1511643531346591,-0.26674458745077695,-0.34320495066396894,-0.4117788374425316,-0.5080666538269067,-0.539221462649532,-0.5986761338858502,-0.6753323509423991,-0.506779556116198,-0.1686073570195687,-0.7735241435669749,-0.08902839799292564,-0.9009480384687895,-0.040837765832910204,-1.0,-0.00034060652799997395,-0.4863895830186167,0.039451723249154184,-0.7340093073329552,0.14481009710034518,-0.8652599868154939,0.2078023529335119,-0.9452548807714279,0.2584081765111386,-0.4324634056662431,0.19148601762358847,-0.5289985842332363,0.16863687760926385,-0.4783524497814051,0.09760382391395786,-0.4084167476616639,0.055707999428318514,-0.37791526002753356,0.3015312431670014,-0.4270857721751544,0.2147694156918425,-0.3787100764562914,0.15735105437366878,-0.32456422519853106,0.11245105180843132
0,0.0,0.0,-0.157619503843219,-0.26461211216480046,-0.3477882710635035,-0.40784236209923586,-0.515172860535191,-0.5323314642743038,-0.6031843434844136,-0.6723778204268371,-0.5049627738305026,-0.17051411013173626,-0.7717823120964048,-0.09004127655825497,-0.899417287750124,-0.040031086708163306,-1.0,-0.00041045574692214403,-0.48709568422543753,0.03825333091584165,-0.7356396190365614,0.1496111197531215,-0.8662858640308103,0.2117673656202021,-0.9491339445063013,0.2595433516287305,-0.4330398070530933,0.19144673999406803,-0.5381641058493419,0.17087673388424615,-0.4877121854867508,0.09640027448206025,-0.4170855884040528,0.051742157750326395,-0.3797463800480895,0.29963003792014226,-0.43162263091095626,0.2198239905251769,-0.38622209621466996,0.15997267444011526,-0.33370031783747056,0.1104645161211196
0,0.0,0.0,-0.1568532374856565,-0.26271790216379576,-0.34203642386823846,-0.406800911417507,-0.505384249812447,-0.5342819878488609,-0.5984550882279069,-0.6671889697469142,-0.502558231731841,-0.1691174418585563,-0.7706499184944539,-0.08775902429735324,-0.8987135584845386,-0.03684288718417627,-1.0,0.004550110726064209,-0.48496169321410926,0.042553200221287966,-0.7341629511738276,0.15559802745087095,-0.8630271800065993,0.21867679480465754,-0.9421218282194691,0.2668198555061798,-0.4298635746543196,0.19761339777168926,-0.5289937717614883,0.17132867993847276,-0.47680518779107656,0.099495658783146,-0.4059011082456034,0.05740764756772019,-0.3745637442318205,0.309063203323916,-0.4227065997330755,0.21958254878431155,-0.3733596290635809,0.1621794156224709,-0.3196837535561206,0.11635245033743132
0,0.0,0.0,-0.15643445238454884,-0.26650259755623806,-0.34506971913808043,-0.4080515032914114,-0.5098275677859635,-0.5354386003693192,-0.6041073359114453,-0.6676980342408304,-0.5052200830743145,-0.17090921222675104,-0.7720602953980825,-0.08780972240472591,-0.9000578417297993,-0.03564778029803432,-1.0,0.0070777318346062195,-0.4858639806490145,0.03814524946650931,-0.735002802028595,0.15096937090057486,-0.8650748524380923,0.21535339741361914,-0.9447670836756557,0.26412261300526063,-0.431121470498057,0.19363429863116094,-0.5363872784217599,0.17191519984870274,-0.4847055086367568,0.10232971587143498,-0.41338190728703456,0.06044419828619826,-0.37698234824323656,0.30338928794087944,-0.4323980411589141,0.21669464601721006,-0.38338444118871506,0.16090316606716765,-0.32910286371825304,0.11548349013640906
0,0.0,0.0,-0.15546119682420603,-0.2622022487956984,-0.34325796308258527,-0.40795782954033394,-0.5059162418403387,-0.5367678260848153,-0.6047914746364114,-0.664421742352921,-0.5032205679690661,-0.17031808007774507,-0.772230537263377,-0.08818015645865977,-0.9000017236553641,-0.037472267616373414,-1.0,0.0049963433882632205,-0.4839972963234431,0.039937710378293106,-0.7347465734141755,0.15366346531882288,-0.8640954174570173,0.21759917789847014,-0.9442893040618349,0.26677444984614324,-0.43072259736806034,0.19491566810933886,-0.5407201267953717,0.1686886101674326,-0.4913698217494117,0.0962790795023725,-0.4214267598316071,0.053979550881075165,-0.3785235414387269,0.305224481487531,-0.4370853480265377,0.214312946867913,-0.39025547855649606,0.15774524537875684,-0.3375346064853764,0.11298971306062917
0,0.0,0.0,-0.16053685752467733,-0.25777987654326007,-0.3475037271608487,-0.4001954345481282,-0.5106068065864736,-0.5301112314084094,-0.608350710488131,-0.6656294582108734,-0.5042542690068941,-0.16610940513008574,-0.7738782231759272,-0.0794248117717705,-0.8999352346088687,-0.0266652084628404,-1.0,0.014042665471915279,-0.4839037878199595,0.04272361033920721,-0.7338527642381204,0.16122150861485407,-0.8595930635574942,0.22503777981149328,-0.9382027177070531,0.2713226735381134,-0.42735116055271344,0.1970772635260263,-0.5405956627109499,0.17865734391967628,-0.49193563141377605,0.10550416380887176,-0.42177698669768465,0.06041293730360495,-0.37216986827784637,0.3051846464147091,-0.4308002327163207,0.22449562884430163,-0.38726370084812983,0.16490923291025095,-0.33769053038911684,0.11527101246642303
0,0.0,0.0,-0.16114179043284332,-0.2547656094195585,-0.3506627239660787,-0.40061124682000815,-0.5133114736838909,-0.5335858767362781,-0.6100275658345625,-0.6690229060645848,-0.5042134322450413,-0.16636401276754703,-0.7738954684926459,-0.08626638334833274,-0.9003446994736879,-0.034335509512389444,-1.0,0.008061412184645537,-0.48653971332746854,0.04053220383937511,-0.7366200419713368,0.15750386964387128,-0.8642044022323973,0.22068945968737125,-0.9427098339064827,0.2681599931971205,-0.4324072171262491,0.19398552565910487,-0.5340679498328131,0.17426588123103773,-0.48073195743746056,0.10312213699501022,-0.40975727285519487,0.060226742402692,-0.37976831741101846,0.303211829721497,-0.4301740099633839,0.2200199024718141,-0.38151074541134644,0.1643429906551517,-0.3288323646991295,0.11940369521885126
0,0.0,0.0,-0.15869591552893414,-0.25643530856252644,-0.34606416712356636,-0.4005458931912404,-0.5083193499437867,-0.5295449117079649,-0.6040518897850707,-0.6613047437819,-0.4999206197845429,-0.16623693487606675,-0.7725523236965415,-0.08357088410549215,-0.9003617513156386,-0.03216445881804983,-1.0,0.01061814031064866,-0.4813911539496865,0.04045964077267185,-0.7358015086083546,0.15889350653658155,-0.8628691104177786,0.22030426588266652,-0.9403966826552914,0.2670819650779635,-0.4278286204406178,0.19207362762730817,-0.5318361179778087,0.17133809965179894,-0.47890094097408525,0.10191226433429729,-0.4085935302191885,0.0613796139876636,-0.37684953373982744,0.2991944475511153,-0.4302884970281463,0.2158482549599489,-0.3822346471079209,0.16109087224598684,-0.3297330782110511,0.11591291191506135
0,0.0,0.0,-0.16096550936812218,-0.2584903611213964,-0.3483158293001906,-0.40085692391390554,-0.5110832833663107,-0.5282179225606285,-0.6084018348799958,-0.6567245846338651,-0.5025554659208068,-0.16452676472831662,-0.7743897751054611,-0.07743775506544374,-0.9002499950748596,-0.02576126253321944,-1.0,0.015805103859845154,-0.4823887587585413,0.04489788289683119,-0.734793363840579,0.1631307526271204,-0.860915954878642,0.2273780219524873,-0.9392767065106314,0.2750796483601303,-0.4267232561088158,0.19799428077543432,-0.5320616536651379,0.17577467406936315,-0.4799996362973249,0.1043535715350122,-0.409704193542358,0.06128066783893427,-0.3727873617361549,0.3071196314075445,-0.4248671601236387,0.22209322002647958,-0.37778867763263907,0.16503412996005837,-0.3261127912715399,0.11779076892302082
0,0.0,0.0,-0.16007532312112985,-0.2569641472251729,-0.3500493671263259,-0.3995378979268223,-0.5110687459380842,-0.5264965769172847,-0.6052711688734228,-0.6524437532867795,-0.5036985077920332,-0.16452601518703538,-0.7740477500106707,-0.07856117778849771,-0.9013325902762063,-0.026573486551283425,-1.0,0.015367430743075918,-0.48354153965839236,0.044183980729908666,-0.7350598002604458,0.1637571201811685,-0.86152510998883,0.22744594782869204,-0.9388928797785647,0.27469403253720454,-0.4291128735452603,0.19537563712182404,-0.5277782699278499,0.1775950156114477,-0.4769172444284809,0.10726115531960986,-0.40774387400671813,0.06453624296035249,-0.37570617942735746,0.304017743173364,-0.4259581692124695,0.22341946675450203,-0.3796984337010768,0.16647070145612888,-0.3279591887684553,0.11794998377246989
0,0.0,0.0,-0.15915054535912743,-0.25643298970721645,-0.3510548383122587,-0.3956277669955728,-0.5154923752121997,-0.5213065659094945,-0.6100838238658818,-0.6508773585962262,-0.5019893968169651,-0.16486453621674205,-0.7713086659061346,-0.07739327617075813,-0.8991693613290219,-0.025790358735426025,-1.0,0.015540775134759785,-0.48239842816251494,0.04161413341738653,-0.7336595261447582,0.1631253389994576,-0.8611106222230045,0.22588723858041826,-0.9411165942134493,0.2727417636131782,-0.42747271604365433,0.19411368941809692,-0.5323905481751229,0.1832467068052691,-0.47997203204474875,0.11343301850717039,-0.4087535459943264,0.0697650883758586,-0.3737262020380767,0.30354511432781706,-0.4252323196282886,0.22853843433850507,-0.37642279772352366,0.17291092334252264,-0.32209168465330457,0.12505339991456013
0,0.0,0.0,-0.15622932714465074,-0.25992386993054123,-0.34744786793035815,-0.39976660533677943,-0.5145363024833208,-0.5242428263817911,-0.6047875684864842,-0.6610896840678063,-0.5019476203057754,-0.17282437121543098,-0.7710497883299471,-0.08399190013794228,-0.8990630037681306,-0.029454134690984905,-1.0,0.013425489383320855,-0.4849354717118393,0.03501339650991238,-0.7331080662458714,0.15729697082586697,-0.8622017163041701,0.22360979482134855,-0.9440882079135141,0.2718004565565753,-0.43167919845581393,0.18976057360965493,-0.5395767638205096,0.17418360833185773,-0.48800209931284677,0.10176051285269515,-0.4163362673881822,0.056490981788501024,-0.3792345502446067,0.3008422833264915,-0.4325851566750114,0.2215190758866419,-0.38645263695198323,0.16296755378489877,-0.33383331248143816,0.11398705157266592
0,0.0,0.0,-0.15630610108048787,-0.25730704575426433,-0.3436779509045281,-0.4039472715309031,-0.5063396312897691,-0.5318836259564379,-0.599263398596811,-0.6642732174549252,-0.4998987990160272,-0.17925450708623467,-0.769126887526329,-0.09099917660989304,-0.8977466439272912,-0.03446110082256317,-1.0,0.012317577350826009,-0.4837265273768351,0.028167738465155162,-0.735333732886894,0.15201785705144436,-0.8636490003351052,0.21668489203193855,-0.9455416635000341,0.26405285920344196,-0.4306017205742388,0.1831279058366191,-0.5369104009015945,0.17092472103771567,-0.4871986661946579,0.0986315815587393,-0.4166611865874438,0.05332839010498519,-0.37698016263825057,0.2944735993409729,-0.4298377909675956,0.21229584079706998,-0.38564269122162187,0.15131200972159492,-0.33440368796862063,0.0999812561601669
0,0.0,0.0,-0.15775239032497668,-0.2578632891705417,-0.34446490479120806,-0.4038317275110368,-0.5047469497947504,-0.5348139196070055,-0.5947762416609153,-0.6662129807166913,-0.49614814979311417,-0.18045168731629274,-0.7678914239329955,-0.09930696500462549,-0.897317954373102,-0.04542352820401336,-1.0,0.0009999012371074978,-0.4804148509001741,0.024359370699212058,-0.7363825548499301,0.14650725128065473,-0.8668374271234071,0.21076351897445547,-0.9517780924424569,0.26133927546996627,-0.4270589287206582,0.1793931516992185,-0.5342460816747693,0.1715532870608728,-0.48327098803995006,0.10046776988908362,-0.41358470924457685,0.05715449496805985,-0.3735080131379971,0.29119313560885374,-0.42781650049371706,0.21494857219440822,-0.3828016597620301,0.15456782273794503,-0.33040200393220465,0.10444555739380505
0,0.0,0.0,-0.15522435237795024,-0.2626167366732114,-0.3419848898560801,-0.41257421943257405,-0.5001241312381254,-0.5460111032087804,-0.5895333582078247,-0.6787918716182921,-0.4927268164288586,-0.19034447118114564,-0.7667143218695506,-0.11193463238386686,-0.8974454051710189,-0.06162467094125828,-1.0,-0.017571348445407003,-0.478134810673569,0.0167645195194804,-0.7370273207403567,0.1311723208855705,-0.8684165456471522,0.19012525145862647,-0.9536048280828183,0.2364373475918781,-0.42922372578777507,0.1724728534679219,-0.5372710675990838,0.15465237415827876,-0.48534764127972985,0.08428168537898044,-0.4151458057198015,0.042972468916775725,-0.3801999434389959,0.2839028559447574,-0.4339296167678387,0.19588633032842145,-0.3862333101859691,0.13849784895471656,-0.3318720293291288,0.09214966647629673
0,0.0,0.0,-0.15601236573326524,-0.2623669679018682,-0.339620748673976,-0.4110877148812449,-0.49631192247450234,-0.5464807771916615,-0.5839039210607223,-0.6839389266407958,-0.492214865509336,-0.189030519733609,-0.7657894290894918,-0.11320194540001016,-0.8971867230564762,-0.06271121364781869,-1.0,-0.01783996688268773,-0.47843573958366115,0.022380718364856916,-0.7387242572208087,0.13794890540988727,-0.8701029590124844,0.19792319591746818,-0.9544920680647918,0.2454114850257942,-0.4277552127085265,0.17903102811340257,-0.5300824785693709,0.16313336254499766,-0.47755319226197535,0.0937504629887406,-0.4076156261423415,0.05267337566603805,-0.37638019061821404,0.2928137853233174,-0.425465470118162,0.20933027014333888,-0.37600408640519806,0.15331417629158728,-0.32037707255548,0.10719551076433692
0,0.0,0.0,-0.1551902248757318,-0.2609370960181245,-0.34527316750944237,-0.40828417461300215,-0.5030523288152576,-0.5410971121601373,-0.5876291111689073,-0.6752714566402057,-0.5023762285844053,-0.18509437783818247,-0.7667739028763317,-0.11754438861742586,-0.8966076838743287,-0.06790482196602658,-1.0,-0.023256313529446515,-0.48879419010289,0.01992050212094081,-0.7365412898726514,0.13618691745094294,-0.8695403707599405,0.20283352168239055,-0.9567602734628837,0.2574420893779571,-0.43584048561066907,0.1732281954319024,-0.5262934900274736,0.15977677376094324,-0.47145687036751466,0.09441658208221225,-0.400970400427794,0.05600008746147667,-0.3832515875408825,0.28651900254021884,-0.42523098652709657,0.20047167820927997,-0.3714912795537316,0.14872804927917166,-0.3144142267599896,0.10346098105691824
0,0.0,0.0,-0.15965714569368972,-0.2593681115401142,-0.3506409321690786,-0.40181719607785343,-0.5084317463666161,-0.5333678742009192,-0.5942029126017805,-0.6674265140456715,-0.5132935156760211,-0.1806005845059389,-0.7694129500331189,-0.11147593178902562,-0.8984881454501455,-0.05948410525450363,-1.0,-0.014283398511123141,-0.49619462279355986,0.020663440611683605,-0.7346227858037034,0.15402557523730043,-0.8689986535266587,0.23108499690528306,-0.9561687442895104,0.2895154247208162,-0.43629905203933317,0.1756410872927354,-0.5243038050281782,0.18495296650725127,-0.4683528349623903,0.11749259672347812,-0.39617980848433326,0.07120447314576815,-0.37711414153792694,0.2911213423780767,-0.4131385083619407,0.22854038721967215,-0.3583693866565733,0.17532095084596686,-0.30160692596102984,0.1251171183609014
0,0.0,0.0,-0.16099309748523435,-0.25558380481082105,-0.35367858362856763,-0.39423432732723634,-0.5124755556980932,-0.527719561296683,-0.5988519772043124,-0.6648730465522292,-0.5151826588476285,-0.1814180838452673,-0.7707086966939152,-0.11152417596503932,-0.8980568036587183,-0.058273038451123506,-1.0,-0.013141052706323443,-0.497498906203613,0.015560792178294156,-0.7320629897258168,0.15650630106160773,-0.8652653715293602,0.23914032556833523,-0.9519938870978515,0.30055592612066195,-0.43474240592443864,0.17170166079532653,-0.5136995484271056,0.19890097614400903,-0.45266507253382876,0.13626903281722622,-0.37924041639683415,0.08842464780050566,-0.37311123357576825,0.2898750203385811,-0.40123913571598036,0.24670966137280004,-0.3405369424642014,0.20036564821252437,-0.2814371204629517,0.15231726440763507
0,0.0,0.0,-0.16429090851132924,-0.2515112635003616,-0.3539665810639311,-0.3805457323815425,-0.5117157537589828,-0.5082716548688964,-0.5964044858755486,-0.6458467398905428,-0.5098973763326035,-0.1841822880037296,-0.7721171834375641,-0.09832068551255053,-0.8982583263436608,-0.03939425937031186,-1.0,0.004131444361874441,-0.49155919837587236,0.007143611372877946,-0.7301955846520737,0.17136339457017,-0.8589262269116671,0.2604326092630262,-0.9409012394133855,0.31814552199405893,-0.42726888755625775,0.16078345429949534,-0.521696010009344,0.20648415818110458,-0.45872739480127744,0.14558335707497644,-0.3851712685608181,0.09448290701311535,-0.36151184126901903,0.280506284728379,-0.40017671751694955,0.25423215541578426,-0.340301953854215,0.21011214688871577,-0.2826209180146275,0.1584701881334287
0,0.0,0.0,-0.16594289368010362,-0.2474747701004309,-0.3570725171253798,-0.37829230844417655,-0.5188595026512776,-0.5017542823630988,-0.6110981013431511,-0.6351145628853719,-0.5161031513956879,-0.18217107460230836,-0.7761930749118278,-0.09678894038494433,-0.8994974383201244,-0.041483534385156104,-1.0,0.0021965692223733617,-0.49958214887880686,0.0013539435208640477,-0.7381723900595417,0.16519699277516678,-0.8668608629073641,0.2604949458748401,-0.9462969675249041,0.3268053937819192,-0.43509542155720815,0.1558297562127864,-0.5148577432781357,0.220979302929845,-0.44580886365672673,0.16690301455555465,-0.3722426305886569,0.1125121160534654,-0.3701220157854868,0.2814373915664123,-0.39453739075188765,0.2784279267905287,-0.33003559472513866,0.2354674556694985,-0.27238659781218694,0.18054324718378117
0,0.0,0.0,-0.1651080700511089,-0.24696745289218344,-0.354784709154294,-0.37779422418156017,-0.5163012017564109,-0.5012089326538062,-0.6068340804859353,-0.636523193647663,-0.5118228602369767,-0.18549185267722143,-0.7735546706211222,-0.10074570922168563,-0.8981147318611058,-0.043736862825099816,-1.0,0.0004167506520877124,-0.49612091542431774,0.0018428510542317623,-0.7379204569376125,0.16287286350491162,-0.8659023459707378,0.25471982819301897,-0.9463560593562707,0.3191933902939993,-0.4327609923829162,0.15860289731152122,-0.52529793351648,0.21057637936588236,-0.45953508720304104,0.15347056220781077,-0.3866748756380478,0.10233972964267088,-0.3667251235691095,0.28278442698360856,-0.4012298413389609,0.2655100108080724,-0.34001059359828306,0.22295204409587827,-0.28275515279146196,0.1719297699932822
0,0.0,0.0,-0.1597300747138478,-0.2426413926513122,-0.3521353049968167,-0.3729810462083463,-0.513706643918623,-0.4956940215466356,-0.6047745599606171,-0.6290017525395536,-0.5096437224575454,-0.1822624948745578,-0.7705933514377491,-0.09999379837934352,-0.8967773121447663,-0.040701651158736904,-1.0,0.0047010914953523756,-0.4937111216303727,0.004309772266979668,-0.7332278282197615,0.16277767048310826,-0.8627521659387771,0.2582435776046832,-0.9456859432528442,0.32435103277217603,-0.43103570201182395,0.1603516531365784,-0.5199074552281938,0.21653469422317517,-0.4525938708361252,0.1634761368617756,-0.3774130298579202,0.11255546934886929,-0.36529508332883975,0.28534314234803476,-0.39590903466867816,0.27258743045813183,-0.33119588188108,0.23297313686572116,-0.27280959618344375,0.18266049121489344
0,0.0,0.0,-0.16347444539652234,-0.2501111813404316,-0.3560195532546403,-0.380924377140139,-0.5200808569352721,-0.5039670968393548,-0.6135611505517526,-0.6380949627114889,-0.509964373100143,-0.18475895233782186,-0.7708642170390088,-0.0986854537339011,-0.8969919134919575,-0.041131597981305244,-1.0,0.004959787378922298,-0.49534260143159214,-0.001202428233055638,-0.7338420524482702,0.16073217596137243,-0.8648752691973115,0.2596180004626447,-0.9476956954494659,0.32837062727453403,-0.432933827146818,0.15418204743085578,-0.511839387354161,0.21984806845838314,-0.44422789649790995,0.1683692751791119,-0.37012084963721487,0.11430276674562036,-0.3672356327643672,0.28083795706526876,-0.3935375540430911,0.28137166822510595,-0.3284192945645764,0.2401897739231293,-0.26986745392286865,0.18622345087332332
0,0.0,0.0,-0.1625611556086643,-0.24815826496011895,-0.3554224266854626,-0.3783924102579954,-0.5217638520071892,-0.4997580009167495,-0.6143742574797036,-0.6366334958455468,-0.5096093972107877,-0.18500341849125163,-0.7724670728726348,-0.09372848190924668,-0.8979888452657862,-0.03398114522100617,-1.0,0.012595543881754774,-0.4950628119805408,0.0014869725182587292,-0.7380186050522087,0.16436964119467015,-0.8681387667482685,0.25950964884916217,-0.9494498486387246,0.32574357777138774,-0.43244565086975284,0.1584134133380947,-0.51494171482584,0.21993039374267648,-0.44682466698689177,0.1650710318149484,-0.37201197224372196,0.10996621367420904,-0.3668177364585244,0.2845795337104723,-0.392701063616475,0.27805877690002834,-0.32810174698934835,0.23507201201291583,-0.2699381824526668,0.18074687831350636
0,0.0,0.0,-0.16390434485790092,-0.24711818164476224,-0.355796654691983,-0.37875886483083715,-0.5205584117924725,-0.5009915541342693,-0.6121919353326496,-0.6389965699451541,-0.5104403385165003,-0.18518704169032582,-0.7735744735082954,-0.09632016929883769,-0.8986686873860757,-0.03685634722496752,-1.0,0.010289149848872213,-0.495160745009049,0.002092694685342898,-0.7403765876332135,0.16494054531012753,-0.8703289297181721,0.25854540672592724,-0.9512497722023096,0.3234589207199097,-0.4325940038371481,0.16007287902593098,-0.5195995306454356,0.21763842083538132,-0.451933571149387,0.16198414731012023,-0.37698031787366637,0.108214354278274,-0.36863429754498017,0.2866849662453542,-0.39830745808623963,0.27604919861888644,-0.3341849956713365,0.23184508214719565,-0.27527803494507896,0.17831313222737638
0,0.0,0.0,-0.16116311646751755,-0.24718454556160413,-0.356794963812231,-0.3790824621425486,-0.5225377226606356,-0.5009399881181448,-0.6155388802395343,-0.6372730270738874,-0.5118270267816043,-0.1795487773262907,-0.770755089668279,-0.08725380165652763,-0.8974016397446638,-0.02772959881205771,-1.0,0.01963546500680136,-0.4972678016520684,0.004734094336903498,-0.7379373934468995,0.17066860062676684,-0.8689513664842904,0.2669592605602471,-0.9528444192474703,0.33307381891379734,-0.435551678266441,0.1604060586516101,-0.5123540282063324,0.2274692195696709,-0.4459354305692852,0.17421227982235188,-0.371617081575564,0.11933805377968462,-0.36997668829467,0.2864305443539601,-0.3949573665982038,0.2868164715511456,-0.33028922446267645,0.24311649994841467,-0.2713145219499134,0.1888288670300409
0,0.0,0.0,-0.16442038303859008,-0.2482404089184864,-0.36172435894851834,-0.3747854427598773,-0.5290080582418601,-0.4958191067807747,-0.6196991562831309,-0.6361961792888269,-0.5175251643695907,-0.17487271686506578,-0.7767381252796601,-0.08438337720553556,-0.8997591395942258,-0.026496257089761315,-1.0,0.020409039420483818,-0.49875659594709537,0.012211723351164393,-0.7392276947139708,0.16734255388621713,-0.8694916535318803,0.25867702131261866,-0.9506397413622822,0.3253326695395233,-0.4342807847816535,0.16839246338720276,-0.5175642663936244,0.21992127190418795,-0.4549470107107297,0.16243041250619789,-0.3812794021018346,0.10966384352740569,-0.3709639253594766,0.292052614393576,-0.40021687514360926,0.2704435056375444,-0.3389117543909154,0.2238478004103697,-0.28037279950336397,0.1696592480317976
0,0.0,0.0,-0.16490531828526134,-0.24872608385752276,-0.35932445887030784,-0.3766179154520814,-0.5247725449396543,-0.5008430180525724,-0.6140649371611946,-0.6457216634064642,-0.5118466010790631,-0.17401870301472844,-0.7735793347908356,-0.0823720530326276,-0.8989755732522757,-0.023507218791551602,-1.0,0.023414526759230846,-0.49319712398997645,0.021037895059834305,-0.7379829974046231,0.17501154655057788,-0.8668271197708909,0.2628993748082234,-0.9485494296243735,0.32565148115475095,-0.42926119655824896,0.1810894669888514,-0.5227940494911527,0.21719441194896186,-0.4608476047100338,0.156178083768027,-0.3861841726756674,0.10433666864835839,-0.3654023793085814,0.3036688864810269,-0.4023697197504347,0.27138788738876957,-0.3415623481768436,0.22502189449728957,-0.28261920514984146,0.17609967909379154
0,0.0,0.0,-0.16243099129593908,-0.25127394973024164,-0.35978791560896056,-0.3794549631521289,-0.5286790898008585,-0.5047804917840959,-0.6153886514378104,-0.6491957143572754,-0.5108674539874325,-0.17465956233983437,-0.7720706581019282,-0.08296507901685948,-0.8981806431711206,-0.023661003941883696,-1.0,0.024971731254965962,-0.4917945896265239,0.02267023664963843,-0.7362224640841907,0.1725956618093858,-0.8670503744977608,0.25939115330341894,-0.9516224804385828,0.32285371867396373,-0.4280975981020985,0.18287615943433602,-0.5203262721034263,0.2110910498113998,-0.45979660759219987,0.14858361262186845,-0.38533521851032076,0.09703302419044274,-0.3641111377964456,0.3051422683621116,-0.39988429168553397,0.26475582951912346,-0.3405948682451757,0.21668460831923775,-0.2826462673673844,0.16791406855895827
0,0.0,0.0,-0.1592588728379976,-0.2539758326903349,-0.3578627655671934,-0.3833463308417021,-0.5261886530867756,-0.5101033768568115,-0.6128599293006279,-0.6525112699106012,-0.5134062962170471,-0.17534198772870163,-0.7702030696126114,-0.08591421801664899,-0.8977209070472825,-0.02516506246172219,-1.0,0.023984971225697458,-0.49433463858576104,0.02173599948285046,-0.7346670171965975,0.17169030680603767,-0.8667371263265465,0.257524358784675,-0.9528067642845368,0.3191696841910019,-0.4302220461713152,0.17962851293767856,-0.5228142130455687,0.2118020126784161,-0.4649280460687498,0.1491518610015214,-0.39166512916851115,0.09714001764831749,-0.3660518835383953,0.300229868254583,-0.40163656608776177,0.2619270068575365,-0.3427943012164214,0.2145834598208014,-0.2854243013519963,0.16482962653825953
0,0.0,0.0,-0.16343404071620374,-0.24997935046699113,-0.3643908153994087,-0.3757435779952342,-0.5325241833304502,-0.5012385823667014,-0.6212563955110253,-0.6395719468691412,-0.5126166698615001,-0.16908071395955185,-0.7706071625048118,-0.08317885144959722,-0.8980446840309758,-0.024548788223064825,-1.0,0.024040147367535195,-0.4918303823981822,0.02858109656033326,-0.7321739984197263,0.17264957664561192,-0.8659060235856628,0.2563906408524127,-0.9526276335946863,0.3180676790392435,-0.42971989882508055,0.18598800612784633,-0.5304072165832114,0.20615188549717062,-0.47705427788193455,0.13849349578671605,-0.4047980553594499,0.08897552601763237,-0.3688142960223545,0.3036712532006776,-0.4152358098746846,0.24961700960476016,-0.362511513088687,0.19679569897500393,-0.30641725147702603,0.14696545372089
0,0.0,0.0,-0.16196277054091274,-0.2384472593777434,-0.36850238572821514,-0.36583947766913616,-0.5354365784984846,-0.48836602029476617,-0.6258967618211082,-0.6224947710229646,-0.5061302997724544,-0.16333042609672763,-0.7666370544532879,-0.07122650294685187,-0.8967996421764929,-0.008744764473346388,-1.0,0.04345955122492151,-0.48630329543446355,0.03133870862487073,-0.7304887825283812,0.17882410773955287,-0.8649636389012074,0.2665139216303643,-0.9538915449906377,0.33262362463971146,-0.42901457063799,0.18872408196978221,-0.5244395074877617,0.2185106977891823,-0.4697047051028433,0.153088633244719,-0.39791631636132746,0.10123185219869493,-0.3693555985422217,0.3096030740811838,-0.413008923199891,0.2635566380023617,-0.3594167553048335,0.2141571784530421,-0.3032264610292951,0.16983202968144087
0,0.0,0.0,-0.1592177019337449,-0.23198913439875735,-0.38393274089135343,-0.355936546794497,-0.5593476014998005,-0.47316775225756547,-0.6426548066167503,-0.6138674092568505,-0.508677662354314,-0.1499432652785256,-0.7644177833486833,-0.05953905272107712,-0.8972259891617239,0.0009509503022056652,-1.0,0.052233077936586735,-0.4847630751725426,0.04602991823824239,-0.7257181873055053,0.19221317261473322,-0.8671820727388525,0.27453632195754585,-0.963413373839951,0.3414356494435303,-0.4292996738848273,0.20086701304215465,-0.5159165503888054,0.22824085929894172,-0.4727102311322457,0.1571516752594926,-0.40836930853003645,0.10618361170539423,-0.3702176168053885,0.32024849772973535,-0.4160086151297962,0.26602926663847737,-0.3655190920482758,0.20815879976724577,-0.3072462798382771,0.1615089859461141
0,0.0,0.0,-0.16749783262673001,-0.23232827859589802,-0.37494351857687935,-0.3591297179346417,-0.5461727422689259,-0.47666096960289134,-0.6353429605229569,-0.6230383671218497,-0.49477693392642225,-0.13715410793111438,-0.763320344338362,-0.047145711178656916,-0.8971104295182519,0.011982792727604129,-1.0,0.061476235228143376,-0.46598051334774315,0.07658872659897932,-0.7277426605747942,0.21886620060172568,-0.8743121406663087,0.2968259477445598,-0.9712548014406692,0.3580063259193895,-0.4095286925629453,0.2335112078933797,-0.5571410729250218,0.22983053993163857,-0.5205796935626062,0.14341101063871364,-0.45457496616935295,0.0911171539050387,-0.3517429373067429,0.3441010444136484,-0.4383156337419398,0.2568371833277649,-0.40170569324429795,0.18502008718054216,-0.3532257149837212,0.13566351390702772
0,0.0,0.0,-0.1565216058177965,-0.2250289984193313,-0.36357561455391113,-0.35235225030736983,-0.537146979114658,-0.4669718316648673,-0.6142901239104552,-0.6251235761772157,-0.46954585132547155,-0.14403762626897226,-0.7474519402269835,-0.05396606232680567,-0.8903304199780341,-0.0030243071475907725,-1.0,0.03669803506173237,-0.4494310082599068,0.07447666526159269,-0.7231956850794578,0.217433854443503,-0.8757941473374165,0.2928378053092198,-0.9754745838871047,0.35119247158518424,-0.4023333711075381,0.23430248666483644,-0.554692702102664,0.2174801634058361,-0.5146386107058418,0.1323054956410306,-0.4425799687027279,0.08244006822116212,-0.3504026904084656,0.3494362081399776,-0.4359930324768072,0.252524352113119,-0.3967846723340618,0.18463620358810692,-0.344913260784733,0.14624038397558176
0,0.0,0.0,-0.15654166662169283,-0.21868266933693084,-0.3575732072667658,-0.3485362401547758,-0.5305598811827021,-0.46007502253960564,-0.6056208156014317,-0.6228138278688057,-0.45984187813239613,-0.14523061636319087,-0.744494083575177,-0.06057745490498363,-0.8892601072803504,-0.005998996800586439,-1.0,0.03539462080958779,-0.4413178456778311,0.07187694046074701,-0.7188600718769405,0.21348919263109478,-0.8784731693499604,0.2887047856744481,-0.9865897249003932,0.3471984353419783,-0.39662859617923807,0.2308960748011141,-0.5596890544406068,0.2140614141225991,-0.5228403650066898,0.12544001766469795,-0.4524457110449542,0.07762706485839947,-0.34567297395274293,0.34513853049018456,-0.43953009683048505,0.24611028933190096,-0.40412915398340016,0.17454929654997162,-0.3537429777197521,0.13360238485757914
0,0.0,0.0,-0.15522123820959463,-0.21447261254056912,-0.35800912211565034,-0.3433111776785144,-0.5296848325963274,-0.46288006846236057,-0.6051961699979924,-0.6205184950658534,-0.4581270928603081,-0.1540671401248243,-0.7431516679392589,-0.06579837718961949,-0.8878393793022394,-0.017392262710589364,-1.0,0.02014222037130221,-0.4425331256332791,0.05813203180865661,-0.7203878415896341,0.20189704396319508,-0.8779226874708179,0.27344060708821405,-0.9852570867430243,0.3278675130154246,-0.399320071444022,0.21624667059241923,-0.5598153138191012,0.2012237311590172,-0.519724772530179,0.11712975150839904,-0.4473289359416875,0.07290070686411688,-0.34949949703518285,0.3305136612988123,-0.443819996064085,0.2352504938567257,-0.4050774523136153,0.16959754125736784,-0.35108788721393164,0.13310191413211472
0,0.0,0.0,-0.15691861891759676,-0.23223624880239194,-0.35894826176859945,-0.36459175045364534,-0.5221332037129367,-0.48768304061942713,-0.5939016937655611,-0.6466341156924558,-0.4627629462799519,-0.18413796444920968,-0.7505904031934131,-0.10952147254605614,-0.8899282138486474,-0.06203351895932743,-1.0,-0.020743900208966,-0.45041050800463256,0.020227189962129796,-0.7240448440726021,0.16238549460236287,-0.8738415828275897,0.2374156985513045,-0.979220777190978,0.297650109328136,-0.40628914205155536,0.18079263289346797,-0.5713904131962733,0.18392008965063447,-0.5266396485245,0.09834249480710891,-0.4571024214736401,0.05194422780263731,-0.3554971187073804,0.30053030788491086,-0.4431335835090346,0.22784014804233085,-0.40654140168204345,0.16213886158073323,-0.359331027465666,0.12115073528837152
0,0.0,0.0,-0.15700699788474176,-0.2307532942908209,-0.36120572872979817,-0.36717862138643387,-0.5230198307036608,-0.4929215475062783,-0.5902998949308221,-0.6616442947940934,-0.4611136828323522,-0.18250298620982808,-0.7486320825518314,-0.10841581410954187,-0.8899781915235787,-0.06302037938424164,-1.0,-0.021401380656928322,-0.4481380177621148,0.022747067081561684,-0.7269188368980753,0.16432147762833765,-0.8811696608649476,0.23659611180975038,-0.988922012938771,0.2977572838923779,-0.40643403661150007,0.1838745299951691,-0.5738177194816924,0.18441911123836577,-0.5304582365784531,0.09747988486537144,-0.4621093488864307,0.05159047995045477,-0.3608106156448384,0.3046460631852989,-0.4511504002845571,0.22801099505430678,-0.41218777236945503,0.16563027001391253,-0.3639492893009809,0.12882405138172906
0,0.0,0.0,-0.15389001996575608,-0.23808728373732,-0.36591415700618235,-0.3795533511672182,-0.5333002641724469,-0.5180366892554944,-0.589977625777133,-0.6984458634124122,-0.44443601221613055,-0.20020697136051105,-0.7374298340151068,-0.12361539220439009,-0.8845132666240293,-0.07808853133646305,-0.9986201353328167,-0.029554923175496753,-0.4305804897010107,0.01364052849167015,-0.7263393781568908,0.15026998095493208,-0.8882734103514535,0.21983364066025682,-1.0,0.2844242500915893,-0.3966991662351636,0.17740526231647638,-0.5751006731614654,0.1779780237412446,-0.5449117761433525,0.08897750326890157,-0.4787641696531349,0.041359079131727705,-0.3640991337608918,0.29509872837456597,-0.4603163814687828,0.21182281990597807,-0.4305412937386285,0.14588837273458805,-0.38336720170267263,0.11080448378458867
0,0.0,0.0,-0.14565303606215713,-0.23695548312564538,-0.35655283079525596,-0.37757714289877037,-0.5283160178862929,-0.5082179174962174,-0.59457519187022,-0.6761732296889706,-0.4400785684235868,-0.20782491060279124,-0.7297054915595489,-0.12927972903277393,-0.8752207232759519,-0.0854390412633389,-0.9916426737650792,-0.03749925959433488,-0.4322314391465462,0.003161261177740635,-0.7252771935715704,0.1335156733147218,-0.8864380317099161,0.20044678441060804,-1.0,0.2633285811503255,-0.40369197702058335,0.16756314652157636,-0.5818876524270866,0.16454758156842159,-0.5460543597817367,0.077917820564866,-0.4767624495039,0.03240249345212548,-0.37788848185487944,0.2855141268533665,-0.47435013629968537,0.20138721885073257,-0.4386647947014446,0.14164951194800102,-0.38695564356494033,0.10949695690019488
0,0.0,0.0,-0.15803515437537788,-0.2544236279518001,-0.3580647668096563,-0.38718604163361064,-0.5303353196898227,-0.5171647133211146,-0.6105804708160585,-0.6738512897319101,-0.4876834569313336,-0.19967958826594304,-0.7570826860123026,-0.11360091746594624,-0.8916486874310152,-0.06353490641453381,-1.0,-0.018000810012639402,-0.47234906479473365,-0.013539246541049047,-0.7328100143711221,0.1472406860993216,-0.8815123814826176,0.24163356733938987,-0.9818860869397692,0.316025283996882,-0.4159334811213155,0.14265335636811285,-0.5441360561475999,0.2076747290559673,-0.49351004971988327,0.14306702129432747,-0.42172046078506287,0.08927651065084365,-0.36021989397103393,0.26250860178440893,-0.42894736671211714,0.24937219691143175,-0.37805315994762406,0.1985297253208609,-0.31787043304505225,0.14231653657471155
0,0.0,0.0,-0.15976035000758546,-0.24049744045292057,-0.35147226200968956,-0.3752481441003415,-0.5134710755824358,-0.5065755733147619,-0.5973224798407814,-0.6497587313125585,-0.4930886802416913,-0.18336789705191994,-0.7582263074195115,-0.10141459166974742,-0.8924720059279798,-0.04612149356828503,-1.0,0.004957686480709935,-0.47552364553211307,-0.0012254514277190325,-0.7303532334299085,0.16750399305046426,-0.8710499280823729,0.27455076594755196,-0.9652575168294637,0.35592956159688766,-0.41390124205402007,0.15292534675518613,-0.5181925388088483,0.22875647506874836,-0.45718736383391956,0.1735922260150846,-0.38476011332250665,0.11997439644727614,-0.3492769790394003,0.27895934304534953,-0.4008193691061086,0.28273037136004325,-0.341695667323766,0.23858086859498426,-0.2830340209977765,0.1844173933283441
0,0.0,0.0,-0.15608040863670888,-0.236478095808922,-0.35208901687680655,-0.37384646035993985,-0.5122666945324441,-0.507142787433074,-0.5937243444619504,-0.6550429400362906,-0.49979541028747054,-0.1806506928795401,-0.7600892244419366,-0.10549140687502366,-0.8932152386130174,-0.051587313866802695,-1.0,-0.00436862710186473,-0.48386359638484383,0.00346862279346008,-0.7349314737528895,0.16060494761955882,-0.8740655701102404,0.26418827871141093,-0.9668179051584458,0.34247056300375306,-0.42406365394132145,0.1577985337618252,-0.5235135349365201,0.22363238501617794,-0.4611794888518244,0.16851884427164276,-0.3864334288402703,0.11572993777092665,-0.36103550244448407,0.2825520799240007,-0.4064518002585519,0.2762975141457302,-0.3449146900174264,0.23225276481752002,-0.28529541492912197,0.17943910284257114
0,0.0,0.0,-0.14989659122309637,-0.23635144133210467,-0.3456898807908002,-0.37153781450206147,-0.5083845710939906,-0.5028242342942214,-0.5877835220335558,-0.6565557756145184,-0.49916846927012515,-0.18262148248867616,-0.7608726507826565,-0.10804981637181876,-0.8933577359381714,-0.05304778958413725,-1.0,-0.003915778146481363,-0.4834649426595593,-0.0012735286921315599,-0.7310471005980546,0.15815152094286405,-0.8687703059171245,0.2599958368685461,-0.9626710748791536,0.3379004427283362,-0.4238596123905504,0.1526186948948079,-0.5166640900697141,0.21931814723608242,-0.4520113889642932,0.16610091089803128,-0.3760447086234034,0.11586043527852201,-0.3613303517846079,0.2817509984820395,-0.400837495450379,0.27180062739121386,-0.33708704961795355,0.22679961095414833,-0.2771481819166716,0.17536619123380853
0,0.0,0.0,-0.15341149911605637,-0.2354696238598747,-0.3459985822017734,-0.3746931737625101,-0.5079878851757857,-0.5076659527840798,-0.5919797222461014,-0.6570241436835096,-0.5001446453199577,-0.18455571710315666,-0.7638323160817938,-0.10739684521206548,-0.8945910623893513,-0.05265687663286626,-1.0,-0.0066945492012114825,-0.48551640621787995,-0.002550790939546728,-0.7340569336936384,0.15702327157563728,-0.8703843379393088,0.2576214129891746,-0.9608494579849574,0.3323842307946273,-0.42635784081041245,0.1541968945484537,-0.518877522416287,0.22009984389269086,-0.4503021853777411,0.1682814366855914,-0.3733262069661485,0.11730423981471445,-0.365410706743761,0.28609299410828837,-0.4035268042354542,0.2792404687953574,-0.33974432288921863,0.23667014263947186,-0.2809106799575906,0.18576121935630963
0,0.0,0.0,-0.1556194776133479,-0.2421403444322342,-0.3454211511515022,-0.3806730281252694,-0.5061269938000273,-0.5155295535151302,-0.5897349102499623,-0.6619439509916449,-0.49898658797189865,-0.19403533188152086,-0.764662827039157,-0.11941742005336758,-0.8951731560439321,-0.0659267849527144,-1.0,-0.02177136396739511,-0.4876467029581808,-0.011813582822618653,-0.7379175094888304,0.14670099604395237,-0.8724437629429824,0.2446409928868109,-0.9604015468727273,0.31701801785949607,-0.4293892146528328,0.14425680649444506,-0.5189456970402495,0.2122781408715508,-0.4501534327710524,0.15967717658889727,-0.3729308159413111,0.10832286543880786,-0.36741632530760293,0.27566376873824855,-0.4018435984526209,0.2744368635635114,-0.33847822490164314,0.23093565697594712,-0.27929359529421355,0.17746603572785338
0,0.0,0.0,-0.15008176870394,-0.23938230775240227,-0.34235280331241374,-0.3811041379130752,-0.5057865680581235,-0.5138360980182808,-0.5866498268274264,-0.662268170099737,-0.4952331970521601,-0.19144084789458607,-0.7607955521991615,-0.11566521705163928,-0.893349131533033,-0.06178120361448921,-1.0,-0.018511757506314938,-0.483080909351319,-0.011096846436290721,-0.7348102913986615,0.145628759667717,-0.871368063331684,0.2433267362829093,-0.9618759928126872,0.31654696492278844,-0.42635035545949324,0.14395328246660244,-0.5189948178432854,0.21301242155152209,-0.4512093435066795,0.1625166011301789,-0.37490638264628523,0.11387541991093982,-0.36590870029426315,0.27319054191297104,-0.4057167782089008,0.2730345563917606,-0.342652535090232,0.23183120231243978,-0.2833681414546496,0.18175047524804042
0,0.0,0.0,-0.15293192261091854,-0.24291422261195456,-0.34329205104549004,-0.37935855501278154,-0.506154887077832,-0.5093973632500418,-0.5915678086880616,-0.6585916453773463,-0.5067464809198368,-0.1879746265480858,-0.7696398131232888,-0.11076087149981391,-0.8971609605443832,-0.05311460742688025,-1.0,-0.006170427374085746,-0.49350827368029015,-0.0021995496236193375,-0.7370446394345777,0.1526011932291062,-0.8701268220997358,0.25216056605993986,-0.9555248675289362,0.3284073693413066,-0.43415842123341075,0.15582773063592753,-0.5090671651604091,0.21579414765725385,-0.4412025585968786,0.16454915741045004,-0.36625795244775605,0.11571038944513705,-0.37304281922757027,0.28749282423499906,-0.3999918181004339,0.2776822484922592,-0.3354756804989471,0.2372546326685717,-0.27684785412416885,0.18760936317459828
0,0.0,0.0,-0.15127350196041311,-0.24527867729107036,-0.3320039941500899,-0.385568533136381,-0.4861424589086478,-0.5113957261527509,-0.5777644757944639,-0.637006680469326,-0.5102050801429682,-0.17934747106040952,-0.7671199858151679,-0.09185878626364323,-0.8957030890671474,-0.038652867562461925,-1.0,0.0075424911711418656,-0.49546471989622676,0.011285473745395595,-0.7380864074912978,0.16310690484030732,-0.8745372931767491,0.264903072535952,-0.9617913416531462,0.34651491740401574,-0.4340310653155525,0.17326585761574836,-0.4992500969874563,0.22720048207098548,-0.43206331981063784,0.17392657216333354,-0.35578331869078267,0.11999301423682537,-0.3695602035470079,0.30943144686620533,-0.3859348857547757,0.2924347117772768,-0.3198386342033097,0.24709204276246938,-0.2592424713070443,0.19496918398553786
0,0.0,0.0,-0.149586560230635,-0.2508925669656103,-0.3298107476393724,-0.39814689277970144,-0.4973580279807872,-0.5113448847316325,-0.6064181508724068,-0.6273561246238971,-0.5202238546815179,-0.1748277186924973,-0.7757278375180331,-0.08377233022102389,-0.8990390340116646,-0.02373235841638087,-1.0,0.026995181088099226,-0.502959241832562,0.01665732017567473,-0.7413636654802452,0.1732515872332828,-0.8709013148095969,0.2710516446352779,-0.9507046284845153,0.3476116538887625,-0.4369766832886182,0.17571272069868524,-0.5046831356160778,0.22022612089447033,-0.4404599704920734,0.1664052662073197,-0.3688899525680319,0.11393392168413419,-0.3737734449882046,0.30966031563761603,-0.38997123481489954,0.28117336384992114,-0.32689401367404075,0.236650270026478,-0.27219706463855015,0.18504192035479725
0,0.0,0.0,-0.14801997142421372,-0.24859964874533322,-0.3283879165538071,-0.38987508167971757,-0.49414316254684626,-0.5054713295902216,-0.6070010676387126,-0.613473722978105,-0.5253849850107197,-0.1513047585672523,-0.7748773082649927,-0.05679042195958888,-0.9000468526592263,0.005636601899305295,-1.0,0.05901675218488462,-0.5037409438171068,0.04263234919794471,-0.7300044735745391,0.19560640909691435,-0.8594262092296423,0.29398500612884815,-0.9428938263141061,0.37408494486587185,-0.4367672736343228,0.20191328202750355,-0.4897966028378888,0.24299441797877067,-0.4234410459900806,0.18301000662619535,-0.35293493525049213,0.12783251997933076,-0.36849986303822535,0.3353497575240984,-0.37472524753864134,0.3050873265214617,-0.3109932610726071,0.25419926841498247,-0.25718768762105304,0.19893353451666265
0,0.0,0.0,-0.15980885728113453,-0.2509235593640264,-0.32897313458196675,-0.3874222571115606,-0.49083315920039466,-0.48589375869078877,-0.6193381114920619,-0.5735089411841547,-0.5259884509960445,-0.1165134746973586,-0.7775651623463282,-0.015886817109340836,-0.9000407360580902,0.0460369021050401,-1.0,0.10014072233207671,-0.5015826658373764,0.08353592912957185,-0.7213313545611003,0.23133612060623307,-0.846437338292705,0.3261693691853206,-0.9220474153965602,0.4015801858241955,-0.43204886657258984,0.2330517495265262,-0.497096911303188,0.23386720732590982,-0.4418179085926073,0.16553817882073654,-0.3767728104123231,0.11101889499943401,-0.36795673187300665,0.34919101233401406,-0.38558950281628823,0.2812001004773657,-0.3296000131612581,0.22610820371172033,-0.2797805998636238,0.17032214880128194
0,0.0,0.0,-0.17077916263976814,-0.2503257151618252,-0.35484502336762663,-0.3728895842728774,-0.5222267081471668,-0.4634786780890023,-0.6430262228168107,-0.5674913707629566,-0.5303781508733891,-0.09624206796467653,-0.7837680100108836,0.02397405334712342,-0.9040926833566698,0.08941214880345892,-1.0,0.14295794961153963,-0.5024444878600083,0.1052668879915464,-0.7216940826502666,0.27422417188027476,-0.8411224634673385,0.3660861239316956,-0.9125583245708179,0.4348110190590913,-0.43303449828525586,0.2489474941253151,-0.5073133832255333,0.2505869960096792,-0.4553734201781104,0.17691501025397396,-0.3948349312176987,0.12151709204338396,-0.37136040621848415,0.360915550769869,-0.39989671610607436,0.293340196877245,-0.3493150118604023,0.2398031369293547,-0.3022155954427517,0.18471870848829658
0,0.0,0.0,-0.17169099662395937,-0.2515020301438722,-0.3558965498911457,-0.37184920242591596,-0.5241067144500018,-0.45979415917105404,-0.6320214069591351,-0.5643947492346713,-0.5203228653515478,-0.09681745471780426,-0.7812024999139422,0.027730039455440454,-0.902967459389512,0.09959308137646541,-1.0,0.16057748396105553,-0.4949845295051713,0.1089753692112682,-0.7220134849604966,0.2817561968037089,-0.8353782689952924,0.3724849761859991,-0.9023743047175818,0.44213908481830805,-0.4245772104495447,0.2501370484689093,-0.49652794934042277,0.2555330465365317,-0.4335164471042086,0.18153155674181287,-0.36800505434284997,0.12750460321277673,-0.3598442014740116,0.3624331939938933,-0.38448927462546134,0.2968234494906434,-0.3258918922336547,0.24086388423344302,-0.27107180215750937,0.18420859748776866
0,0.0,0.0,-0.16270457902016403,-0.24587134192929216,-0.34410886098840926,-0.37386321067722,-0.5160610886864315,-0.4651182873275231,-0.632723696743911,-0.5604703266231527,-0.5186465981598952,-0.08483322465191247,-0.7771686010045895,0.03091655515458517,-0.9016420383244339,0.09651914858193471,-1.0,0.1538510300654433,-0.48516534486775714,0.11864686129172852,-0.7125589714320161,0.27346478123937007,-0.8316958559606776,0.36682586939953793,-0.9027776913961153,0.44134671829153765,-0.4153693868597704,0.2638894138236069,-0.48975197193388026,0.26428339394136563,-0.43472955070957087,0.19134444578934048,-0.37064223782620576,0.14184217161266802,-0.35091356980433036,0.372503536731051,-0.3916993627903839,0.3036388262023809,-0.33698073922821997,0.24358448708668567,-0.2823609097089427,0.1940236062744025
0,0.0,0.0,-0.15642219063901902,-0.24574002349710192,-0.3390760410688477,-0.38039079706857126,-0.5125185467853741,-0.47545898974480705,-0.6368464605612262,-0.580440675827131,-0.5200247590946104,-0.09876138422569238,-0.7732425099231687,0.0013393949045542913,-0.8998950142274652,0.06372486155639755,-1.0,0.11649730925130782,-0.4904769430931441,0.10354037024461625,-0.7137914767417752,0.24707100511707986,-0.8366549982422244,0.33680060816028506,-0.913955535791014,0.40932889031781183,-0.4232713855177325,0.25064857409850155,-0.5007233621888962,0.246516449473719,-0.4431859906792826,0.17852292770284278,-0.3786417953949286,0.13083619034455404,-0.360821977903109,0.35928523138034957,-0.4044753866354974,0.2820589711153912,-0.3467610957702212,0.22459792011586294,-0.2911393089688618,0.1773287220521203
0,0.0,0.0,-0.15755198992103525,-0.2440530937974373,-0.3373109270535879,-0.3859660998043459,-0.5120437289023515,-0.491596453390389,-0.6344424452929914,-0.5984156519496653,-0.5182432169935236,-0.10800446841731319,-0.7733393649499043,-0.006276472238396308,-0.9000302454745596,0.05577751724456815,-1.0,0.10361994714073013,-0.4898090149628105,0.09461161021043367,-0.7139588466106359,0.24398039978844852,-0.8367932503731824,0.3292733530695582,-0.9118133484791102,0.39324646438982674,-0.42441110106636154,0.24523526522230424,-0.5008579084765743,0.24553771996790022,-0.4465477376790209,0.17374678507765984,-0.38146169299818455,0.12020681326386805,-0.3648295420825618,0.3589346538061034,-0.397576643915428,0.2865593067517957,-0.34230202620845446,0.22676955689307235,-0.28973901420726944,0.17614973917151233
0,0.0,0.0,-0.15921083508770575,-0.24672196245960562,-0.3404991477958579,-0.39497461234780734,-0.5097215425678803,-0.5094506991402229,-0.6259221760472633,-0.6210898035287787,-0.5152792593505497,-0.12207682643856328,-0.7729082771729155,-0.03807629295177612,-0.8997667080609323,0.017514380869530402,-1.0,0.06550769154334206,-0.4871578491414167,0.08326421560198027,-0.7242393050008116,0.22086184163401312,-0.855121678158419,0.3026618627130118,-0.9375370661169083,0.36641883970482647,-0.42436920372755804,0.23191456879579828,-0.5219508589209627,0.21516641194200042,-0.4721594421252454,0.14185539083333676,-0.409156630225403,0.09384447413083498,-0.36545050812687047,0.3402434986121385,-0.4250174914689144,0.25320387515926823,-0.37563306335010893,0.19609956522756275,-0.32529477436185983,0.15036609686644042
0,0.0,0.0,-0.16036278315292504,-0.2432680234246669,-0.35253363154194234,-0.3905549892700323,-0.5218016460894489,-0.5228901778898966,-0.6260148303760593,-0.6490204713316304,-0.5051178628980162,-0.13603360557025018,-0.7693866086116373,-0.05777447909962561,-0.898276379351773,-0.0070789355900834445,-1.0,0.03640043622845924,-0.47896190966433655,0.06590955685095452,-0.717805268450728,0.19141820914325924,-0.8493436719462178,0.2714119807356023,-0.9351697379042392,0.33592374471254133,-0.4200417970299661,0.21538078399481575,-0.5188469912244471,0.20090909319926742,-0.4694278394227255,0.12911253948087087,-0.4046154516093392,0.08296642070134605,-0.36323780749014006,0.3252728317265873,-0.4210137261292858,0.24383472214907895,-0.3719863690002842,0.19043740288356562,-0.3201701439743455,0.14847194679365963
0,0.0,0.0,-0.16156493138065525,-0.24819500932331023,-0.3541188916101869,-0.3948385143875118,-0.5135967522253929,-0.5252961066570658,-0.6131343097209615,-0.6502057493199893,-0.5061191549537685,-0.15516961792466066,-0.7656939352386144,-0.08355619755675947,-0.8959696892509297,-0.039896795553186114,-1.0,-0.0022998834753238683,-0.48578655249604896,0.04536603360958901,-0.7309851782992742,0.17151173913534634,-0.866559385738949,0.2459033857020226,-0.9551376960181794,0.3049834493174749,-0.43033790941393785,0.19932971284495973,-0.5377267011078286,0.18973759294005982,-0.4819221554915093,0.11948267562423544,-0.41120371460212224,0.07268768726637823,-0.3747447188861927,0.30941340338661305,-0.43075867609601887,0.2316585386058897,-0.37599414327761455,0.18170464195294045,-0.3196053344566735,0.14122649843773363
0,0.0,0.0,-0.15540155852649465,-0.2547349950219414,-0.3466650900381408,-0.41188422680482606,-0.5011080194918001,-0.5476319428832254,-0.5931899379956769,-0.6793517137076172,-0.4961367734978477,-0.18995113424797253,-0.7598772857464022,-0.11895126952659295,-0.8937921711634642,-0.07774360127259226,-1.0,-0.0413193461079173,-0.48296000327004435,0.012500620432521758,-0.7371920829890541,0.14043477964669895,-0.8801589572451434,0.2156312012838817,-0.9739637317045398,0.27614964929747576,-0.4307091227424772,0.1743052858904399,-0.5441198081963272,0.17250311189488365,-0.48486460945840865,0.1086825030243044,-0.4116942041383579,0.06675707950003358,-0.37472567150263403,0.29598864827461363,-0.43096751463977445,0.22954932754846916,-0.37303687850909334,0.1833762526654268,-0.31343326433150465,0.14474155457519106
0,0.0,0.0,-0.1498732114857662,-0.256412216992416,-0.3391026264210685,-0.4244721433624729,-0.48905035870110986,-0.5762642046161384,-0.5743533652267768,-0.7148452097511552,-0.49419909019091524,-0.21914429495378923,-0.7570055311663803,-0.16984114327035355,-0.892136733277819,-0.13670900394462596,-1.0,-0.10744490649764282,-0.4868472618644933,-0.01904868016269807,-0.7469576036151566,0.0966580822110004,-0.8916926427464626,0.1620227710787953,-0.9876027255191605,0.21328555263904955,-0.4403040496954175,0.1451274263102825,-0.5576269666237869,0.14433415609630465,-0.49628591516936305,0.08365529593433238,-0.42101263078915213,0.045884176480290646,-0.3890580171084694,0.27070467421365696,-0.44899166932769013,0.20940003357076822,-0.38958573113698464,0.16667583005423633,-0.3284235781365699,0.13264021712495136
0,0.0,0.0,-0.135062204096021,-0.28393464775492416,-0.3123108295348279,-0.4724228507640259,-0.44901320460031235,-0.6489287480354669,-0.5234497936322198,-0.8017077362213398,-0.48273585413739245,-0.2847965943196228,-0.7488704852458054,-0.26335711173236326,-0.8823816261683158,-0.2494641292160962,-0.9897616611259896,-0.2346952464418082,-0.48819052421822595,-0.08255910735531,-0.7511880223454934,-0.0013623211112035918,-0.9005217946897629,0.04822934975789118,-1.0,0.09123610138704608,-0.45021077420965794,0.08995113759320822,-0.5695094664793118,0.06699584326819978,-0.5062208992053738,0.00845961017787287,-0.42712304219890623,-0.023003030644268948,-0.40712299323857876,0.22198269742028034,-0.4624763154415977,0.14264689322242188,-0.4015833769896253,0.10486665654819899,-0.3380147566426924,0.07567259249829864
0,0.0,0.0,-0.13384459501080906,-0.2904425335051659,-0.3045192867817143,-0.4780033147450862,-0.4390565150941191,-0.6544950591672782,-0.5107857750193167,-0.8130983844861781,-0.48326427210205963,-0.2962993592171886,-0.7430027302751083,-0.288787101111366,-0.875698514379174,-0.27667183878135343,-0.983140466324586,-0.26153697657803254,-0.4929441620179881,-0.0927498075614409,-0.7519744656950076,-0.02427805831797786,-0.9016816001575402,0.021639455264279864,-1.0,0.063255415320486,-0.4551175560715275,0.08022735639621147,-0.561680014085484,0.0522213011902331,-0.502474902956157,-0.004532673811913196,-0.42651757265980406,-0.033798128434973713,-0.41246264606292776,0.2101351459501566,-0.46114681255296003,0.1278211589772891,-0.40296440262560407,0.09065735653687229,-0.3418843797124408,0.05807715682760367
0,0.0,0.0,-0.14012291213150027,-0.28002835643490726,-0.31594234876506894,-0.4608923617421986,-0.45753689920231627,-0.6282665123272947,-0.5396274573069557,-0.7778224890110254,-0.49009127044020234,-0.25993594361590044,-0.758237419583993,-0.22982337649503015,-0.8920335834906449,-0.20648631432638423,-1.0,-0.18512236295796364,-0.4931030408558203,-0.05780705833543911,-0.7541718230677836,0.03921001203289366,-0.8987721507127882,0.09417384363500532,-0.9925967982571262,0.1382586575556861,-0.44983281396275554,0.11014904496398083,-0.5603050029097636,0.1003118669674197,-0.49853777959232,0.038009902736351936,-0.4208286233650468,0.0011734456370792188,-0.4038154962828657,0.23856440900488043,-0.45034945294243267,0.16599057574179402,-0.3878082496383894,0.1213888782207071,-0.32429639128161936,0.08219354343155426
0,0.0,0.0,-0.14515308881209,-0.2732204980308382,-0.32302309361873427,-0.44545239945288717,-0.46561149962174225,-0.6069910431394491,-0.5476325263102133,-0.7582250617796594,-0.5004685806826606,-0.24802064635572635,-0.7585383846794744,-0.21087863943406096,-0.8919364331672612,-0.18372830083294825,-1.0,-0.15665925286341978,-0.49820367233479634,-0.047889702527552765,-0.7487200387265639,0.05402140848591194,-0.8948668017604671,0.12043683095430074,-0.9903808527118726,0.1745492947122275,-0.448977434648313,0.12233995937421349,-0.5519799883459017,0.12362742721498052,-0.4901781143649334,0.06869912774908193,-0.4128258063823155,0.030924860359538942,-0.3953688263366023,0.2535186271501433,-0.44594600202665113,0.19416328382904752,-0.3838777974779398,0.15653353311787654,-0.3206537036182631,0.11937712335157612
0,0.0,0.0,-0.1613788723440946,-0.24568989953780598,-0.3521293343191642,-0.38419661195005494,-0.5108849528509066,-0.5192039956212824,-0.6047965871662005,-0.652834656302739,-0.5181757142135168,-0.15736445604706517,-0.7717528919526919,-0.075052233689259,-0.8983154198774324,-0.02083335059365853,-1.0,0.028607716679119745,-0.49857705879087694,0.03247182020130313,-0.7342821659573758,0.1782768687931624,-0.8665506615004837,0.2726124561474315,-0.9520600484149163,0.34876800927536344,-0.4321312374919355,0.18799157159580918,-0.5083753212935562,0.22611964967891654,-0.44691799041525265,0.16364303248803505,-0.37445160987940773,0.10846782874617013,-0.36684341634188655,0.3101063800198105,-0.3918185348433889,0.28066353976642816,-0.33089948939815594,0.23482903223782936,-0.2744813055291785,0.1827445905450424
0,0.0,0.0,-0.178378859403937,-0.2340179936763572,-0.3770125751128196,-0.3491377689457613,-0.5447227105757402,-0.4651145082920442,-0.6449508372625452,-0.5889195409064293,-0.5268030755410681,-0.10633711971781147,-0.7793351369519219,0.007127586745715705,-0.9023420648373088,0.07178644894313603,-1.0,0.12792869049862976,-0.4935526825031012,0.08350996976918494,-0.724494691330602,0.2599546456024943,-0.8497916449155684,0.3668616732918468,-0.9274650797065348,0.4499631311584804,-0.4178336349874912,0.23124436369191056,-0.5005975858791754,0.2708419899784953,-0.44283367586203837,0.19956729036554224,-0.3743608680632682,0.1393030259076894,-0.3473147641433524,0.34565502396065956,-0.38164050812434175,0.31430354559836016,-0.3232753919109972,0.26236974741631985,-0.26820896843620756,0.20630481714712945
0,0.0,0.0,-0.1728565565332412,-0.23177757123787135,-0.3658994855474376,-0.3370035965275466,-0.5289916252222769,-0.44419435395183277,-0.6215499488430787,-0.561844460433016,-0.5245179288001979,-0.09253343220818142,-0.7743559656719262,-0.01672680401920851,-0.9015893786427625,0.029428182305156553,-1.0,0.07077270603669693,-0.4941026499330297,0.10038515237373971,-0.7031854475566094,0.2625908874453121,-0.8210944923075398,0.36805163537707225,-0.8960714818297193,0.45568832977945534,-0.4203330628691757,0.24271042028868633,-0.47480380836360475,0.26629261218368194,-0.4202143499782172,0.1988497238967923,-0.3565459459435107,0.1449020359598692,-0.3482137426728016,0.3537925727628927,-0.36367547725060045,0.30556720658881326,-0.3111401798759349,0.2544722322213367,-0.2628413784030841,0.201142887521
0,0.0,0.0,-0.16980519393388027,-0.231627069428678,-0.3604406461868482,-0.34462232563215583,-0.5217789281685618,-0.44780728002354453,-0.6097695103503862,-0.5661331572859724,-0.522348308988166,-0.09520780834453757,-0.7736166685004934,-0.033075076864174276,-0.8994777843079899,0.0024680623429506362,-1.0,0.03400473753467498,-0.4933966584994288,0.09682560129387655,-0.7125899357802843,0.25905820923694023,-0.8296296743571095,0.3527712252019669,-0.9042138653398707,0.42953431536988285,-0.42017263018156675,0.22932181511269983,-0.4883317186713076,0.25750795478230687,-0.4311706702233959,0.18520687801295488,-0.36927924349729535,0.12997962216014047,-0.34905347706956286,0.3345036278458977,-0.37493369151099265,0.28920318889040963,-0.32106436194908045,0.24059112732034985,-0.2711279196980716,0.1855785633712354
0,0.0,0.0,-0.1556757476780717,-0.2430248953629173,-0.34831322499524353,-0.37168037391802655,-0.5128938935769323,-0.4941959464481811,-0.5963930694597469,-0.6318584086889297,-0.5233388486636253,-0.13496700462555802,-0.7732095653512084,-0.09718900004159797,-0.9005876679518091,-0.08404290455675088,-1.0,-0.0744212710657923,-0.5052080432746195,0.06829795876709069,-0.7390364909678984,0.17568505380345253,-0.8726831577997446,0.24078724274325664,-0.955843298850964,0.2968644904032571,-0.4464955754988404,0.21842003631071003,-0.5103771026581103,0.21449641564147368,-0.4533303722245572,0.1503109732493221,-0.38673020169560607,0.1080458432374769,-0.385690479724626,0.33215070831343413,-0.4138072986482023,0.26626770499446156,-0.3577425531107213,0.2171405008986753,-0.3036654177425122,0.17096470696275026
0,0.0,0.0,-0.15645194795514128,-0.24517931563619727,-0.3441869685723037,-0.3848610909609746,-0.5037524984740201,-0.5182004607607388,-0.5861276285067096,-0.6484408824719422,-0.5215244044162697,-0.15247931281231997,-0.7749534431810166,-0.12954302691520903,-0.9011152486058106,-0.12486476543126036,-1.0,-0.12489586237954077,-0.5088379927880232,0.056812981238136426,-0.7511727379456739,0.12568449013409302,-0.8898440911053697,0.16901648698461239,-0.9777188079030608,0.20554922755523453,-0.4571665261016008,0.21713101155743234,-0.5251197604071597,0.17669949109615485,-0.46911987290494317,0.11813387670677372,-0.4001210037134558,0.08422082537474396,-0.39832881341476617,0.33590283301201723,-0.42920190939835523,0.2538446174669501,-0.37539732925231617,0.20784697191751214,-0.32038019677737295,0.1718225292588557
0,0.0,0.0,-0.1488670108109399,-0.2551222313383027,-0.32993362004552684,-0.4080114969255832,-0.4853693090600883,-0.5574464918403867,-0.5724302602456798,-0.6905942527890917,-0.5208043304035399,-0.17930191739841952,-0.7732415038271696,-0.1727594360126496,-0.8990558945042554,-0.17852482241223544,-1.0,-0.185297511232755,-0.5130398717886004,0.03267253212645598,-0.7511901585278409,0.06821952747895503,-0.8960848739805555,0.10137241187610714,-0.988180134883474,0.13334713496067346,-0.4656032304153865,0.2006843165215448,-0.5352153621849166,0.1352692395341974,-0.48149171635754806,0.07519993620031618,-0.40930789166387116,0.04470266727653477,-0.41058040788677225,0.32588215465813036,-0.4434984482442452,0.22370714646872691,-0.3905389149092582,0.1793835216451787,-0.3334815501375797,0.15018195196894588
0,0.0,0.0,-0.13753422256027517,-0.25085257442957687,-0.3142059293891884,-0.4150751511989766,-0.46838847468761713,-0.5668476553820285,-0.5520982885833374,-0.7238398731735892,-0.5151641964216498,-0.16903323373181012,-0.765055393480212,-0.18975562871134669,-0.895355604771165,-0.20201931661620615,-1.0,-0.21316069069308946,-0.5129002469655938,0.04362697521225115,-0.7481571833151072,0.06005356851262904,-0.8946599021515766,0.08040602170969184,-0.9881990927707957,0.10672254908267398,-0.468028900700321,0.21267057673923886,-0.5177688693283153,0.13968789637671478,-0.4551334841847532,0.0884120802721829,-0.3822485909812906,0.06415544529562472,-0.4107143151682493,0.34191150568426154,-0.4286734571012446,0.2390290465563486,-0.37021134514837845,0.19632056374415016,-0.3124035824502446,0.17241784759388215
0,0.0,0.0,-0.12938469445045994,-0.2638068007176877,-0.29561222656919484,-0.44333905684509384,-0.44660706952708157,-0.6068232086539403,-0.5310261820961322,-0.7590294112907239,-0.5005428062962002,-0.1957836260825101,-0.7554897896071268,-0.24389453195440497,-0.8882891820687242,-0.26822665200676,-0.9943799639368178,-0.2875507678865232,-0.5033975827622271,0.017368625172637576,-0.7485340583454718,0.005751429417360462,-0.9016026107400716,0.0008507043307226011,-1.0,0.004269048889737921,-0.4679478440138564,0.1858984229386212,-0.5352982893808644,0.08994033894780155,-0.4768743579576085,0.03256202572086664,-0.4036434424305959,0.011476039063232434,-0.41951627718986667,0.31137684119789805,-0.45424529339477254,0.18648234112137935,-0.3960997935465748,0.1476548403629562,-0.33625759026,0.1343272960224044
0,0.0,0.0,-0.12050214337818158,-0.2758070028800802,-0.2844023189671149,-0.46397264181379044,-0.4328738614482679,-0.6314933732758123,-0.515079839234956,-0.793229505409929,-0.4997505192374526,-0.21883074805773386,-0.7554114563722538,-0.26781930572588597,-0.888958838010254,-0.2956892719198949,-0.9936536646357994,-0.3211273247983159,-0.5066757218499744,-0.004693233303028259,-0.7509410486242498,-0.02181318425265447,-0.9036604128957535,-0.02901284565364978,-1.0,-0.02695638141840925,-0.47285283917493687,0.1660611042779272,-0.5347279018446243,0.0676388170263163,-0.47002031905504715,0.019825484462889183,-0.3933951630322341,0.006721664645862507,-0.4254137577050022,0.2976592415042067,-0.45838499152484197,0.17398890208937293,-0.3980287365898849,0.14189076108943488,-0.3352372139761459,0.13348185175703342
0,0.0,0.0,-0.12506845566523167,-0.27145680451995186,-0.2956552636489537,-0.45618581070406344,-0.4484522431936319,-0.6199244886169542,-0.5296198854988455,-0.786444913832009,-0.5063501460327907,-0.20198657058728492,-0.7637229389225827,-0.24211837270763692,-0.8950741133553083,-0.2649179694556277,-1.0,-0.28488097090492637,-0.5113419098907035,0.011369512741129977,-0.7526651058834611,0.0004950627860516775,-0.9012998379003233,0.003147082652949898,-0.9955378770129065,0.016053293175061094,-0.47647694625432896,0.17764789136281176,-0.5388648730179454,0.07247161169049275,-0.47838041020339667,0.017503903448448547,-0.4033383352321471,0.0006371906379239318,-0.4277471245043559,0.30347086468462703,-0.45967438175278696,0.17097718263727052,-0.40239256499636633,0.13074903881866953,-0.3404260139278141,0.11692543593724197
0,0.0,0.0,-0.12851422896709236,-0.26827701570534623,-0.3019607694849193,-0.4447781744514331,-0.4572587418801512,-0.5994772762400569,-0.5395102164867612,-0.7626215407187109,-0.5077484497664783,-0.1887368840483464,-0.7635821206636829,-0.22406056014017448,-0.8957477114587533,-0.24232233229614175,-1.0,-0.2584351184908272,-0.5076249651998039,0.023878015682185467,-0.7487378577448338,0.01873656736065387,-0.898217639126339,0.024641847489824634,-0.9913712057151257,0.03940327530700981,-0.4685325873998948,0.18933788166184468,-0.5385332113219159,0.09700616690197665,-0.48243706777447487,0.04119397877436191,-0.40988628075829214,0.022621190944244533,-0.4156689034901347,0.31442810220409906,-0.4533523755594619,0.1936627956716828,-0.400678704265216,0.15167402532272603,-0.34126549347268853,0.13426589193197927
0,0.0,0.0,-0.12808520628383616,-0.268502987858114,-0.304186159871623,-0.44027018006347196,-0.46091577049780036,-0.5920140558500357,-0.5432770363917159,-0.7536487885456324,-0.5037420117930355,-0.18419405143754725,-0.7624577372231116,-0.21455843058721924,-0.8960572576949839,-0.22916984874970064,-1.0,-0.24191373773601627,-0.5023233920345155,0.027839690899525375,-0.7469096080993677,0.025611997065883733,-0.8974170678448388,0.030757778896613887,-0.9900442050260884,0.04327562213258962,-0.4632195986144032,0.19210800979798723,-0.5352770439344312,0.0992371486273201,-0.4798140437816912,0.04066914256297696,-0.4069985555700124,0.01982390588199799,-0.41115058465472276,0.31500547789701555,-0.4492365829236696,0.19207642467750177,-0.39804440962224197,0.14736250101355236,-0.33981936139600577,0.1289858536373802
0,0.0,0.0,-0.12918030056406635,-0.2661131318045489,-0.30583797036798993,-0.43433297865007536,-0.46365069055018876,-0.5823092961909465,-0.5442599302098152,-0.7450566854108496,-0.5068308090283553,-0.18022645933967749,-0.7636543840238679,-0.2089289843817819,-0.8960137773625821,-0.22176862810507628,-1.0,-0.23283281667831562,-0.5061482221570309,0.031043999152147825,-0.746239538000551,0.031848329503020766,-0.8969892543441249,0.040910749443449974,-0.9918571844297265,0.05673175571035732,-0.4668080224130334,0.19534100054555195,-0.5368535744708981,0.09987482182518295,-0.47999654648448353,0.04132455964736501,-0.40721347172175393,0.020399972616539093,-0.4154080429741544,0.32037990552705986,-0.45429279271543477,0.19466723566549926,-0.4009091591324901,0.15337890499562312,-0.34348834709054255,0.13515125950981252
0,0.0,0.0,-0.13095748845734595,-0.26208105320516684,-0.30598970092428024,-0.43221237310586824,-0.46135102124017235,-0.5835367259654416,-0.5412828595897681,-0.7451585125475564,-0.5048399040979794,-0.1832973227704434,-0.7623664088652837,-0.20935605325794532,-0.895468111123804,-0.22188449206340644,-1.0,-0.23322107545657492,-0.5034689537029501,0.026769480713687056,-0.7444315769201809,0.029280329037477647,-0.8957063180065403,0.04009851045049132,-0.99069925859134,0.05705072434361747,-0.4648034376853844,0.19037831850570747,-0.5329766993557038,0.1039611775559622,-0.476280294555536,0.04754707899249865,-0.4025400758743459,0.026327314318849118,-0.4150403661559977,0.3152550221071469,-0.45376968549419777,0.19534629838701922,-0.4021469348251425,0.15063096088973732,-0.34420296399264294,0.12829018125538194
0,0.0,0.0,-0.12862575714607738,-0.26468628238842395,-0.30208295949557296,-0.4345926417469641,-0.45910279406635324,-0.5862803477095796,-0.5451665211191653,-0.7489918988331101,-0.5017010644319202,-0.1826383058974534,-0.7627423260343783,-0.20351340643782048,-0.8963186920287586,-0.21599976355861178,-1.0,-0.22900052143770439,-0.5004378153284859,0.028684937862593306,-0.7447024110688347,0.03351978894791323,-0.8947642306401299,0.04078848511674176,-0.9853654978064667,0.052524938350488236,-0.46124226023893244,0.1932422799423815,-0.5343752470261279,0.10084670880859108,-0.47918928751624656,0.04456193016863103,-0.4060578254007013,0.02209765263898379,-0.41282408361956113,0.3159595825965064,-0.45206514429375216,0.18988049623605482,-0.398635254677634,0.14602460632391578,-0.3394873772434077,0.1245888957460019
0,0.0,0.0,-0.13200957980954048,-0.26286081511303,-0.3038689591623583,-0.4322546652889828,-0.4612267876891714,-0.5831108106874227,-0.5490357300249046,-0.7427946452945544,-0.5018210209829693,-0.17321221765789402,-0.7608896728684178,-0.20409503782263844,-0.8942320592863685,-0.21657571655242389,-1.0,-0.22757870826302828,-0.4979710919324438,0.03643113428783591,-0.7421828633027703,0.03662143540616361,-0.8938160521904893,0.042606254175211196,-0.9892952709356853,0.05387804330386966,-0.45670847545744475,0.19710723666005464,-0.5312494467990746,0.10458921512085635,-0.47476309024791785,0.046770983668111124,-0.4021195398486349,0.025308185323940486,-0.40666300816454687,0.3147848362851358,-0.450589723832781,0.19057247793951174,-0.39812787489786167,0.1474188460065648,-0.3407885407514588,0.12676150820973467
0,0.0,0.0,-0.13044033999377685,-0.2688113797936408,-0.30410022391362806,-0.4369507135317565,-0.45773757914355534,-0.5867743655575135,-0.5407553437561878,-0.7454536214041568,-0.5079103354854566,-0.18122109161444225,-0.7630363049474266,-0.20295704020386388,-0.8953137766213608,-0.2117340037087712,-1.0,-0.2195637622137507,-0.5050931341957086,0.028627422488524675,-0.7458134888799659,0.03758772356590874,-0.8962591036435936,0.0513939113380908,-0.9904637466382732,0.07038425653738707,-0.46307854770820406,0.19128939953189059,-0.5265556022832922,0.10421907642700189,-0.46643050314661033,0.050617367561198306,-0.39211775201844457,0.03227257719456659,-0.4091773014000441,0.3136772059166157,-0.4431215134903941,0.19412538059858897,-0.38882096217482964,0.15192393533042958,-0.32977945616817667,0.13368102525375294
0,0.0,0.0,-0.12806554767153022,-0.2657360578876796,-0.305502122367023,-0.4349185312648629,-0.46418928228468875,-0.5859705603332404,-0.5507723073913299,-0.7484844633533004,-0.5050819938377121,-0.17646652900924528,-0.7648795133553798,-0.19686095539393034,-0.895885751620441,-0.20874244671312508,-1.0,-0.218857874017669,-0.501355856671161,0.03654713922490678,-0.7472457092033056,0.04151168202204455,-0.895836261864472,0.05479329197724586,-0.9866630916320258,0.07551300314294802,-0.45862389202775794,0.19926759808091274,-0.5211238775061159,0.1154212635408503,-0.45492493937504896,0.062185388625860004,-0.37789541211374467,0.039639435761018846,-0.4056094431101314,0.3206099740213633,-0.43818322873491405,0.19989865055608594,-0.3770076170078401,0.1577614923693999,-0.31532990498663893,0.13712774932439512
0,0.0,0.0,-0.13686084483471883,-0.2570920056411988,-0.3159594291340673,-0.4171895105491582,-0.477690693906046,-0.5607477659978124,-0.570658230065315,-0.7112135325740864,-0.49758264514948136,-0.16305718170942574,-0.7591783379976028,-0.16983429349648704,-0.893902209401016,-0.17508178219587694,-1.0,-0.17965489392036482,-0.48748434665534257,0.04875999019378689,-0.7381405396591553,0.07241205552180119,-0.8890515137913289,0.09323392990841331,-0.9837426734582418,0.11794083683719711,-0.44044558208290224,0.21005872195172415,-0.5156389573396616,0.15173025195048068,-0.45336082605127614,0.0979109500391255,-0.37746064526206785,0.07035033004621184,-0.38394178936898254,0.3289546026456907,-0.4214317139645933,0.2201583906666044,-0.35740015686743787,0.1790040390681905,-0.29216349062820396,0.15844296336269525
0,0.0,0.0,-0.16346775323606172,-0.23189929235781473,-0.36200824122891523,-0.36870960396559876,-0.525951769981258,-0.4842860520922737,-0.62379315478797,-0.6064883256555323,-0.49815667092886795,-0.09817155944019197,-0.7592157695608764,-0.04979637771277434,-0.8943417088507821,-0.021518496785833143,-1.0,-0.00043833528927501706,-0.4756682314200137,0.10484292620553153,-0.7207874270900843,0.19444855581440157,-0.8620804942985759,0.2453810583104167,-0.9523240309330717,0.2865681543500727,-0.42663883098912264,0.25053423481809745,-0.5307903172128707,0.20536774622970347,-0.48524263894484243,0.12820278152423323,-0.41789402007321647,0.08088818727995656,-0.37368477518347903,0.35156241789423903,-0.4406616191693962,0.24923170902594105,-0.3974321696939973,0.19232300187420084,-0.3440093447303428,0.154080546846263
0,0.0,0.0,-0.16498558825563187,-0.23266367373876448,-0.35745962041924917,-0.369101053768542,-0.5167503157629384,-0.4846904210260042,-0.6045203773224879,-0.62078184041433,-0.494800962125078,-0.10948636770648883,-0.7602339577984911,-0.05015138239832784,-0.8948462367972578,-0.021551969371651446,-1.0,-0.005798396633262463,-0.47370370889064145,0.09644905647495648,-0.7251908363538331,0.2020839040990975,-0.8673200457604613,0.2568393420927096,-0.9550032342177613,0.29486875378018346,-0.4238971930140896,0.2453438643081531,-0.5246264456603275,0.212233833506496,-0.47454508692124353,0.13898274004329214,-0.4034741363238104,0.09335050955341535,-0.37192738371477263,0.349774961465105,-0.42896406123218883,0.2619269985846468,-0.37659139706828443,0.20807289637986434,-0.31687653340872546,0.17374861156213156
0,0.0,0.0,-0.16239893967790067,-0.23844961321078678,-0.3525683854355921,-0.38222388928611895,-0.5143784261093464,-0.5040806164316063,-0.598716013494535,-0.6406793545857933,-0.4902335669393445,-0.13739580307981372,-0.7598640040530491,-0.08137920016531718,-0.8945907683731931,-0.05206817944032671,-1.0,-0.03272350920423313,-0.47372203706525556,0.06914321164201018,-0.7296569364835631,0.1665974227365809,-0.8746503615661891,0.22082366848697887,-0.9656697711390431,0.26245880637356733,-0.42575856833941766,0.2198403612666386,-0.532556585748948,0.17851671253263038,-0.48264690674991567,0.10246625606535585,-0.4102700686925834,0.05747745448025593,-0.3769828400951442,0.32388902564022415,-0.4335373315950719,0.22293484862495447,-0.3815833286664227,0.16886749490221412,-0.3229769159404737,0.13188450720245407
0,0.0,0.0,-0.16729024942089218,-0.23506337058742033,-0.36210231382418867,-0.3768683512486342,-0.5221758811477485,-0.4963223879387855,-0.6034683769747895,-0.6357404812687089,-0.4994427077015361,-0.14596318057153865,-0.7614722169374197,-0.08494888488752132,-0.8955110875635155,-0.05281209068965272,-1.0,-0.03157680862519987,-0.48403179270148544,0.05980361506346108,-0.7357085713559299,0.16560576800222185,-0.8764491700513941,0.22203998930446947,-0.9660576347752118,0.2649903871657081,-0.43552333872921845,0.21081873165745602,-0.5402798548906951,0.1786515573265569,-0.493262828442096,0.10112102690882577,-0.42362423783033276,0.05421302420003831,-0.3843235497095465,0.317347206783776,-0.43799964276410946,0.22711713437348302,-0.3869556327244451,0.17346431120804984,-0.3282521663081739,0.1336667678619561
0,0.0,0.0,-0.16678948345481373,-0.2430639382310722,-0.3553643845549791,-0.38442402775732043,-0.5155601099206623,-0.5037781959310529,-0.6047179077771571,-0.6319867209704255,-0.48881815242296967,-0.15415693065812078,-0.7566249162216646,-0.09383195351468093,-0.8933402651099511,-0.05805065135749229,-1.0,-0.03247069610318527,-0.47420607770968987,0.05675508313338382,-0.7372868282589882,0.17214214557951077,-0.8800417344664725,0.22979536733041478,-0.9711105281368831,0.27054824368361463,-0.42729522134475884,0.2109093991230402,-0.5484837973353042,0.18417049207188943,-0.5061605946801956,0.1048994093463939,-0.43548414508621,0.056939635149162476,-0.37804380092611556,0.3195373256996635,-0.44193583952210835,0.23497981911723564,-0.39682714339626257,0.17759895866470624,-0.3411495215592488,0.13453210072051547
0,0.0,0.0,-0.1667370537611227,-0.24064328691817505,-0.35516226151466257,-0.38054309169929856,-0.5132327377541037,-0.5002716473798827,-0.5988808343970605,-0.6308786275186249,-0.48730990894034193,-0.15573117645673742,-0.7547070604340352,-0.09814041976918937,-0.892129743541111,-0.06345466772286912,-1.0,-0.03787682568101404,-0.47320152692830214,0.05408040287196627,-0.7323256925712056,0.16492203882213696,-0.8764439705406787,0.22294095066429936,-0.9681771845147816,0.2661833251497085,-0.42511162385079115,0.20776326087459007,-0.5368080579577776,0.18251333988455365,-0.48963559935132983,0.10703338810925431,-0.4184287742730165,0.06283598136423367,-0.375220099184237,0.31621807225193843,-0.4331573547961046,0.22684727239027877,-0.38367324719393114,0.17148002781496352,-0.32710989006003893,0.1298053233381499
0,0.0,0.0,-0.16691841369181765,-0.24494158850791364,-0.359603875840265,-0.38330360820629167,-0.5185538707722567,-0.5076930210289998,-0.6043246285796853,-0.6445553415729804,-0.4923893610643249,-0.1628586155063803,-0.758554258960131,-0.1053912825943027,-0.8943502489793894,-0.07054926427614823,-1.0,-0.04619349440254651,-0.4786283165801511,0.04708783613295866,-0.7367031635155157,0.16092975309094595,-0.878969490589679,0.21811737507359394,-0.9687906653755826,0.25796615433055925,-0.4310379928098979,0.20257843012510432,-0.5507907171339658,0.1823974051797202,-0.5084819050535592,0.10720045374849307,-0.4375629996571007,0.06156271498599289,-0.38078146532296153,0.31147159866549634,-0.43937540571024364,0.22877464184277096,-0.39641702592016703,0.17201553614136939,-0.3443060386937047,0.128424410116176
0,0.0,0.0,-0.1637047053867909,-0.24155292192063502,-0.3610416172564464,-0.373240234623199,-0.5201235687341945,-0.4978778422389275,-0.6058390032792976,-0.6310178422948332,-0.5011994991711984,-0.15977389166470102,-0.7603321742940995,-0.09899260131451434,-0.894467080268287,-0.06555369943950265,-1.0,-0.04097326612324921,-0.4862767704842141,0.048033077235189355,-0.7352984750008117,0.1605073310611262,-0.8790616276161972,0.22012255813168408,-0.969954142298424,0.2616940149324047,-0.4378639647312625,0.20551225613570112,-0.5443298640997649,0.17630863886678344,-0.4958635179159398,0.10553872532060289,-0.42200116068773436,0.06438634602900946,-0.3871183873536212,0.3198728963072369,-0.43941362692124675,0.22912487628182565,-0.3890572390210401,0.17674534816439105,-0.3308424490038147,0.1381940877172876
0,0.0,0.0,-0.16403931935320448,-0.23699997624247063,-0.3483485199594281,-0.37212616831931317,-0.5067442489121299,-0.5017703640017354,-0.5977995819102895,-0.6397121443567414,-0.49577169485144373,-0.15044102321752714,-0.7565118638894757,-0.09469323143707582,-0.8916025266881598,-0.06315329192674206,-1.0,-0.04121695910901132,-0.4813598638586551,0.050524345795762725,-0.7226135080175241,0.16038793691113165,-0.8684389355513876,0.22849820523637351,-0.9604628694429587,0.27580479700903404,-0.4284432846774851,0.2064465092805257,-0.5199786909943768,0.18908146756465846,-0.46864594710460994,0.12250302480435889,-0.39502136358373124,0.07688428777602344,-0.3744484133073841,0.3208300238666856,-0.4138972557485195,0.24336806427289226,-0.3589792652416858,0.19242271793413085,-0.3008274683270397,0.1514065206498947
0,0.0,0.0,-0.16780432093131736,-0.2452013595232542,-0.35363766271519304,-0.3736500258586596,-0.5156089967854137,-0.49794208167280174,-0.6040655770537353,-0.6551828021322409,-0.5120758250264502,-0.1475018929214877,-0.7722586229334198,-0.08844570019503852,-0.8991508049986648,-0.0561667410314394,-1.0,-0.035980719242560986,-0.4981846122384135,0.05293145089051815,-0.7328418075372077,0.1714779829569462,-0.863960000202813,0.23683151984694378,-0.9428158136689213,0.2824198719573822,-0.4399924874678457,0.20469368474068667,-0.5232117384793756,0.1867852953802575,-0.46841652047228394,0.12234378327401052,-0.3983408205138606,0.07906221796314887,-0.3839708845013673,0.31461517075165885,-0.4145386088379152,0.24136333444880492,-0.35978289711633693,0.19538837002558823,-0.30617730420938416,0.15414570932162427
0,0.0,0.0,-0.17053244968948886,-0.24241824985247784,-0.3597658616236776,-0.37584498389695237,-0.521519816032923,-0.49943478948528475,-0.6020684015880521,-0.6532381089299026,-0.5100174274124242,-0.14973896992580382,-0.7701825887213242,-0.09167653147277197,-0.8974420810079315,-0.05396887033484303,-1.0,-0.030142584647658628,-0.49940197149323345,0.05166420037691993,-0.7378810036546539,0.17217758387167192,-0.8648091400860339,0.2337814012605073,-0.9441631507304967,0.28052396147464154,-0.4427348270248331,0.2006028347546347,-0.5243675708270494,0.20222256145910064,-0.4635371994057191,0.13734393192151037,-0.3929291836429199,0.09083194456765895,-0.3881572358696842,0.31015987867082473,-0.4117084856105809,0.250266196261332,-0.3500504656026156,0.20029794502202936,-0.29388850648282383,0.15044889719901614
0,0.0,0.0,-0.16915691807160366,-0.23847335520622176,-0.3606597616932092,-0.372240796489875,-0.523211835777792,-0.5021456121139125,-0.6034201716724891,-0.6560057628279423,-0.5098552547050426,-0.1392172393911698,-0.7688492764552707,-0.0859035972879728,-0.8969284054369262,-0.05219815258942919,-1.0,-0.029358734649591003,-0.492510964329673,0.06435991759874472,-0.7341182527931872,0.17395820559923564,-0.8619126828506369,0.23663537401773257,-0.9447907527052545,0.2857261068058224,-0.4332185379090569,0.2157220303619696,-0.5301329168725112,0.2062528778592437,-0.4730086069306388,0.13319975398078693,-0.39926271210631126,0.08275790403005599,-0.3740732184053418,0.32337970444124975,-0.41455242346351046,0.2550622259051218,-0.3584890793961475,0.2008047902972725,-0.302544618244187,0.1537953638014993
0,0.0,0.0,-0.16997821769917457,-0.23836375863916645,-0.3673035388365333,-0.36851145279398123,-0.53046704792299,-0.49964553145750307,-0.6118282371204943,-0.6531268753142708,-0.512381332308956,-0.13327931499837922,-0.7692166620139769,-0.07751816745012534,-0.8982831681967696,-0.04461204601727973,-1.0,-0.020729928821345497,-0.4921591644097729,0.06969993471951351,-0.7333952001809942,0.1825676891371942,-0.8635514641404025,0.2449395839488417,-0.9473761507908537,0.29366706437701484,-0.4325225369792424,0.2193925679655134,-0.5246610053109222,0.21380955451799027,-0.4705409753423155,0.13971052485553986,-0.39847277512339985,0.08884444969106926,-0.37126557374520386,0.3266074650282343,-0.4088891583616333,0.25972014017629375,-0.35421830420278216,0.20598789386554106,-0.2982456967261847,0.16007709396212275
0,0.0,0.0,-0.16559353540352004,-0.2353492360245334,-0.3605219796920209,-0.3667726395786963,-0.5226515766359058,-0.49856504642935984,-0.6078925112593997,-0.6509162693126833,-0.5051787373048469,-0.13723979135316494,-0.766674736391937,-0.07869325907764106,-0.8964717525843562,-0.047506294918952585,-1.0,-0.027484986578304952,-0.48478117357979056,0.06270048556994479,-0.7274953314684092,0.17575946957375854,-0.8609046339775249,0.23679133503473004,-0.946069101732929,0.2801959343515407,-0.42703749009503433,0.21216260460870187,-0.5251012892719223,0.2066938904358825,-0.46814445732519533,0.1377898835506649,-0.39457330527770695,0.09166895071886322,-0.3696956575990683,0.31928042224215364,-0.41671990196883524,0.25565742843095746,-0.3623693424382586,0.2048294639533904,-0.3062885200514898,0.16235419837233286
0,0.0,0.0,-0.16629160463717718,-0.24003072302983441,-0.3595534817082996,-0.3733053287017981,-0.520648927835501,-0.5014493850051269,-0.6035955519139277,-0.6519366664486819,-0.5049815931096296,-0.14902400525215068,-0.7667729662982724,-0.08295666847465799,-0.8971295680097521,-0.04952592586893644,-1.0,-0.029972692064884236,-0.48658602939887924,0.05284570567867421,-0.7297249587859189,0.17118579012853835,-0.8641798878703444,0.2306648578205028,-0.9499555054618007,0.27054730846511793,-0.43112920812117217,0.20524569661734654,-0.5200505382727827,0.19883288390002962,-0.4630310653941485,0.13013818952108747,-0.39063575899091,0.08428787154114804,-0.3760399690034206,0.3168280395090983,-0.41561360789156154,0.25063333123896986,-0.35978108345269066,0.19977000469735806,-0.30293044191496626,0.15710140950661497
0,0.0,0.0,-0.16853809334497466,-0.23608191795396602,-0.3631294810835739,-0.3657798498842947,-0.52589403977709,-0.49527023299785244,-0.6090827547011815,-0.644337203844007,-0.5093567106851922,-0.13667491155398054,-0.7699220973336318,-0.0733913328713153,-0.8987841274611813,-0.03790513497330715,-1.0,-0.014962747946334048,-0.4895144520130016,0.0666751630642575,-0.7321612109015122,0.1855585757924106,-0.8648698687940631,0.24652445557007552,-0.9483219297728355,0.28809825893595936,-0.43208049512439933,0.21830267761222483,-0.5265688904613565,0.20631007581872407,-0.47048590306033056,0.13638873935651835,-0.3970320096495405,0.09010387374437721,-0.37497096535773533,0.3270394471677301,-0.4162962173911114,0.25332981641651964,-0.3621616949002804,0.20078699467833844,-0.30573525859166506,0.1577275898531032
0,0.0,0.0,-0.16980374170513027,-0.24537286881922238,-0.36274429965708704,-0.3736291603041196,-0.5294560438888113,-0.4975398619993595,-0.6137768993864529,-0.653672021262546,-0.5088445558186135,-0.15154057677060948,-0.7687189687378296,-0.09038206506443701,-0.8965391822493691,-0.05287872644134635,-1.0,-0.0285273475952842,-0.4968765677815382,0.05095846436418059,-0.7353007756576085,0.1687843276909724,-0.8637611820139249,0.22889262355226123,-0.9453408855484139,0.27115589987970407,-0.4414242007030412,0.20300052025557924,-0.537183294943563,0.18871564382788275,-0.48477925424970325,0.12065456843892525,-0.4136206961298133,0.07437587263063246,-0.38753935144846663,0.31049996434582605,-0.42751168887281754,0.23479033025047796,-0.37505659308967254,0.1831662509825995,-0.3206595051706991,0.13756519545027424
0,0.0,0.0,-0.17104648503612147,-0.24452174436942622,-0.3628918214491947,-0.37226575145667484,-0.5276088300396833,-0.4984237830141087,-0.6129782694198206,-0.6497645857349605,-0.5109232049264524,-0.14544579362207027,-0.7702856792519355,-0.09001683985253567,-0.8976353138793225,-0.05509567828032393,-1.0,-0.030260396137483457,-0.49453542754514496,0.06101593230795079,-0.7335079546982934,0.16528406484934294,-0.8640367532221227,0.22646610454625105,-0.9478838597502067,0.27473143850695975,-0.4356943776785612,0.21516698353648783,-0.5243282621433412,0.1990577489415162,-0.468784751553836,0.1293087683911428,-0.3967340274910911,0.08086714421303495,-0.37680877793754447,0.32468287914382776,-0.41152713150995646,0.24776242952103794,-0.35680397503679606,0.19482720800845515,-0.30218731397775644,0.14791619023050953
0,0.0,0.0,-0.1676453655486295,-0.2413927999775557,-0.36188766347651286,-0.37141830096332973,-0.5243414154229213,-0.49246124284127785,-0.6088810343130059,-0.6305208835620303,-0.5095893226430029,-0.15084029052777448,-0.7692488100363071,-0.08894652211379625,-0.8987429397869282,-0.05484755676935116,-1.0,-0.03317324246888715,-0.4926314665709491,0.05355343611834416,-0.7333313929229169,0.1660788869301485,-0.8649330395537953,0.22498638472853572,-0.9483537001122321,0.2676352046630374,-0.43881575981725957,0.20726483355324068,-0.5362888095655649,0.19825306321279218,-0.48304681982669334,0.12770877704022335,-0.4114801405123335,0.08151404970974227,-0.38370067859374607,0.3175452225081584,-0.42870489058029165,0.24561518908441385,-0.37586408244628733,0.1939506059071627,-0.31974489137046597,0.14972963322985763
0,0.0,0.0,-0.16552206462824717,-0.24624983442919132,-0.3540229202981864,-0.37526154889504665,-0.512708950360547,-0.4926035148695832,-0.5990913474019953,-0.6247380272436831,-0.5085777864904817,-0.15516967696472944,-0.7658005414827727,-0.09239984952924908,-0.8975429821819318,-0.056763713236657645,-1.0,-0.0358707435056506,-0.4939015900095899,0.050019656566405814,-0.731586035890453,0.1608723064940845,-0.8667799789129018,0.21982250809310114,-0.9507110802634298,0.25895316862790807,-0.44098505359195933,0.20332561552603834,-0.5302150566119709,0.18569447019990357,-0.4802892853169158,0.1188148838885033,-0.40871564736861626,0.0746457844347545,-0.3844235221811901,0.31343629630022096,-0.42288596542351686,0.2346733354173179,-0.37338405539866804,0.18526001239794215,-0.31822995533561865,0.14446124583423844
0,0.0,0.0,-0.17331644739084495,-0.2462916254814411,-0.36220985718667986,-0.37560180135655613,-0.5230657145778657,-0.49272853539657113,-0.6079372805821602,-0.6258327226558505,-0.5109120965268074,-0.14938392583250962,-0.7699104647397662,-0.08596897474351546,-0.8977483043048502,-0.047857374143631344,-1.0,-0.02395190701796244,-0.4979076485224445,0.05659787313814377,-0.7354858294420396,0.17248308565390777,-0.8645826587477419,0.23500566651896793,-0.9448232301714442,0.27883917311428474,-0.4430352943181431,0.20699942908756264,-0.5325202801731483,0.19319272129247758,-0.4752694791915198,0.12605043627935514,-0.40335645386686664,0.08181132622107093,-0.38775925389413407,0.3166222860356522,-0.4241634428576298,0.24322233204949045,-0.36717700841882817,0.19575735369303657,-0.3103228637649545,0.1514679692559392
0,0.0,0.0,-0.16779170930012158,-0.24614475543838923,-0.3582573493150307,-0.378115881864799,-0.51663075774261,-0.501021082729327,-0.5973566127191797,-0.638307309434287,-0.5127077731618921,-0.1542150829354093,-0.7694940721652763,-0.09822811615748929,-0.8988824911026294,-0.062100742023533245,-1.0,-0.03763737230635365,-0.49461281331614004,0.04897592780504104,-0.7337805588053332,0.160274369339362,-0.8650010325317466,0.21839891005355172,-0.9476466120873637,0.26030231342236143,-0.4370490624314914,0.20068155576031863,-0.529814725217224,0.19589756267382893,-0.47323262155782114,0.12710953444479262,-0.40078705633467765,0.08071896436429755,-0.38015423098434836,0.31032434217974875,-0.4217796776550377,0.24877887749593877,-0.3659205582371227,0.19852002369522545,-0.30885971603892837,0.1524979423571661
0,0.0,0.0,-0.16448500766179538,-0.23987045749937205,-0.36963547891699805,-0.3421760763178878,-0.5454043556758816,-0.4412745299669759,-0.6495498800579228,-0.5568102319104927,-0.512728568466444,-0.14384114712838605,-0.7750130435955314,-0.05403989022307709,-0.8998277149643545,-0.005767840014295275,-1.0,0.031046075289572036,-0.49222441558791846,0.05202666709372677,-0.7190095549078477,0.19186054352388643,-0.8440702423959421,0.2758244226681254,-0.9227553636782012,0.3371379612038375,-0.4327173834252355,0.20673867124744819,-0.5137275940951074,0.22116880730542496,-0.45658674180676767,0.16274256030397688,-0.38599138911974484,0.11862402078209315,-0.377894666749831,0.3237519449497052,-0.4131113210823276,0.2690421744326984,-0.3586548365399366,0.2249969656255953,-0.30452602228916575,0.1809475424095967
0,0.0,0.0,-0.16344504455156064,-0.24284008247792183,-0.3667152514627743,-0.35243821076925647,-0.5423734866913796,-0.4503920490843805,-0.6483015503389419,-0.5693345615840292,-0.5128043867062361,-0.14698052571750275,-0.7732742623363433,-0.06336966309539886,-0.8995050225774541,-0.014628271363943656,-1.0,0.023551897290177187,-0.4946471135580322,0.048303515709119296,-0.7199258738447902,0.18056109416595711,-0.8450032999199271,0.2564848234326226,-0.9231641699068859,0.3144336574503485,-0.436366279911402,0.20265502491265197,-0.520646213714353,0.21530968422418492,-0.46518875055923237,0.1526834805142,-0.3960482956964944,0.10663358927524967,-0.3828167051393162,0.3188409472407999,-0.4168888274622654,0.2645371352468431,-0.36443795801842505,0.21632153287039355,-0.31252872768908607,0.1698973759772169
0,0.0,0.0,-0.16592744653207034,-0.24710005742377197,-0.368845188688706,-0.35572579827934936,-0.5457078808418323,-0.4516831626281841,-0.6546742497895146,-0.5735467823798991,-0.5173339922106973,-0.14958003407964593,-0.7784462076476005,-0.06449162072782448,-0.9017832517260542,-0.01279423106286172,-1.0,0.024974342402052062,-0.4972235706221372,0.04997162484861412,-0.723796286932814,0.17542967597818507,-0.8470081078325205,0.24884476356127563,-0.9216652199355722,0.3050245116480181,-0.43747359395679253,0.20440926596803358,-0.524901891848634,0.20541378736662286,-0.46751452930869547,0.14407694890673325,-0.39667335681145166,0.10286652692882367,-0.38117283187378176,0.31792376181372833,-0.42130465084147345,0.2542026319386663,-0.367419117664855,0.20765854438261974,-0.3127275260435274,0.16543181529517997
0,0.0,0.0,-0.1670765398189106,-0.2442521804103046,-0.37057919026659125,-0.35102420660968786,-0.5453391707338803,-0.4467477279775828,-0.6530172323224342,-0.5707531272088815,-0.5169045359762448,-0.14908148351108044,-0.7784081596975624,-0.058620405631539446,-0.9016197273657147,-0.005685203971427107,-1.0,0.032438042055843046,-0.4973678327179633,0.049331441697295086,-0.7249299041266634,0.1823774435850089,-0.8452768072590412,0.25422235184262215,-0.9173123989850387,0.3071254052155028,-0.43794918301326524,0.20421831754775385,-0.5255280513767452,0.21009304933018097,-0.4665542247051813,0.1484483933840926,-0.39547730330921443,0.10598239702672468,-0.38483411904027487,0.31932074241111313,-0.421254346322362,0.2610249714447566,-0.3662744715704081,0.2147341693849129,-0.31152803961005177,0.17085196743315467
0,0.0,0.0,-0.16528626881988578,-0.24480839422953396,-0.36871610405378513,-0.35054317479749547,-0.5460640608718506,-0.4475950513912714,-0.6552878305838731,-0.5666287561053637,-0.5138354656449707,-0.14503224706770415,-0.7758795208239396,-0.057582909935757765,-0.9003842275271818,-0.007196289383111621,-1.0,0.032104535748861636,-0.4933616633961985,0.05285836395986099,-0.7208519002721332,0.18079853160598877,-0.8449536760649593,0.2549021336550903,-0.9217648604782188,0.31214960019681587,-0.4342163597296637,0.2065260743214933,-0.5282704471431054,0.2110081690332429,-0.4745312818807669,0.1471769436614633,-0.40487031061470524,0.10378110618231831,-0.37949269539472746,0.3193605835959364,-0.4242216999549104,0.2593508519590482,-0.37409600314367975,0.21165995360049572,-0.32129158721402296,0.1677431082965773
0,0.0,0.0,-0.16243365524829625,-0.24242022121156168,-0.36828566297223647,-0.3476498637458923,-0.5467787543695319,-0.4441730391416685,-0.6553636464198545,-0.5640705551908,-0.5096078178186473,-0.14523901355306718,-0.7724935994848463,-0.05608163553719112,-0.8996466099666757,-0.0032621912621559317,-1.0,0.03814147630558101,-0.489113130656312,0.054722669579477634,-0.7198954971582007,0.18588938244229442,-0.8448772535344261,0.26069854467406056,-0.9231580669624061,0.3178171751257496,-0.43131354511779596,0.20885342557421674,-0.5282979109105492,0.21294125910656506,-0.47498404865863625,0.14888079837041854,-0.40394137981941863,0.10546244589477456,-0.3763158016490133,0.3220896530577996,-0.42284661097612114,0.2585345459577387,-0.3728738029133437,0.2104064994828695,-0.3181921420558955,0.16829622008939482
0,0.0,0.0,-0.16592215225070017,-0.2438373972969421,-0.3682331059928467,-0.34761671890599877,-0.5456544792126726,-0.4424084159230431,-0.6548224557929063,-0.5636439821568077,-0.5100835920146244,-0.1463737491015415,-0.7746555987616837,-0.05644132659745348,-0.9000072526485268,-0.004775009637009133,-1.0,0.035533366270698606,-0.4905402196043282,0.054774055892766446,-0.7232435437279159,0.18843198367692932,-0.8466655948398034,0.26106180870573553,-0.922523686919513,0.31535962131951667,-0.43188851211915474,0.21021172912573513,-0.5228327419769672,0.21353054947616384,-0.46861458272850925,0.15144012236433826,-0.39884955386778925,0.10852729102467976,-0.37712682345942533,0.3239146023693522,-0.41519463404623796,0.2580683094684165,-0.3644474749988,0.21169328172074747,-0.3116408572295176,0.16901605665115033
0,0.0,0.0,-0.1657245448849264,-0.2414815580557847,-0.3684979567553655,-0.3464304927626735,-0.5457621397423212,-0.4396262877082538,-0.6542657083001935,-0.5590104240286413,-0.5068409138377346,-0.14372353644823535,-0.7707234794863302,-0.054521192993263724,-0.8981386115219167,-0.0034586424923154172,-1.0,0.0371948582386957,-0.48606753994189883,0.0573408072978749,-0.7192399383123664,0.18494454653049255,-0.8464673070309978,0.26179628313020437,-0.9266391843055184,0.32214763259993123,-0.42673053432376723,0.2134297185027036,-0.5168303442397801,0.22064447121419575,-0.4618188569222428,0.1585372182759108,-0.3909932679466921,0.11506768973061238,-0.36954816551019937,0.32894782922398896,-0.41057149668460613,0.27149647363613155,-0.3600317298908652,0.22500880799829537,-0.30544028388125766,0.18220678859327302
0,0.0,0.0,-0.16361345995444598,-0.24089711966141691,-0.3680275476853901,-0.35047954739597764,-0.54562190452148,-0.4459096213741426,-0.6528405864962545,-0.5670314759224733,-0.50845810033155,-0.1459603528093809,-0.7708197671240711,-0.05705575055088946,-0.8987572430787715,-0.0057783494411169384,-1.0,0.0336287172993141,-0.4887607806932819,0.054561621737698573,-0.7200400964750341,0.18958728076452916,-0.846798964392051,0.262530806682479,-0.9270873321068058,0.3156466299087561,-0.43158644264793866,0.20937896487440522,-0.5223993978367155,0.21561691984464829,-0.4690194383439288,0.1537498450516419,-0.3991398088634989,0.11037757478884633,-0.37790127306729504,0.3244852949927115,-0.4186667248019215,0.26121539122446225,-0.368094318974452,0.21383347345825462,-0.31470130011282665,0.1710375005042075
0,0.0,0.0,-0.162708200729766,-0.24274088685265827,-0.3671466653222503,-0.35371846660910883,-0.5440869837388639,-0.452027652964123,-0.653854798831198,-0.570867127549402,-0.5102177744447456,-0.15170016154002894,-0.7732986305858924,-0.06633833498234404,-0.8993563606648979,-0.014288415122163334,-1.0,0.025112017191724276,-0.4915910957623576,0.047159815394827775,-0.7236678199238304,0.17796291511481105,-0.8489501998769019,0.25358465516770545,-0.9252964543119004,0.30906073610997326,-0.43362007213634063,0.20246952481183422,-0.5173833036091278,0.2122446921811685,-0.4573836817262306,0.15505553069785713,-0.38669952084160464,0.11383950609503764,-0.3786731450730291,0.3197673319427027,-0.41288392015007047,0.26569427551712765,-0.35712593190110975,0.2225198143865155,-0.3035742569473766,0.18116409652069246
0,0.0,0.0,-0.16077466812539806,-0.24247878117235455,-0.36567373662001146,-0.35519768994338724,-0.5442532837097714,-0.45201222765052346,-0.6521971481328391,-0.5715775946531348,-0.5061436477822681,-0.1536374924557365,-0.7707444827294239,-0.0689175509495866,-0.8985569236839613,-0.018889542806161543,-1.0,0.019326661708759522,-0.4886933022789828,0.04485098541532761,-0.723685588047968,0.17623733220661209,-0.8506978261259461,0.24863348205664443,-0.9294303231217964,0.301758444257121,-0.4329879621291528,0.19823029409176243,-0.5254659299600378,0.19948179720936285,-0.4695459927917091,0.13869328142407333,-0.3987658898769018,0.09743267722397797,-0.3801261888862519,0.3124307356319058,-0.4223308948382848,0.24582787108496,-0.3702805861230598,0.19967679061295499,-0.3163135026779789,0.15919887116545994
0,0.0,0.0,-0.16178189665035503,-0.24567251138796234,-0.36671309906418253,-0.3573147595353768,-0.5443347948195245,-0.4580594641604148,-0.6501376350224791,-0.5788286514494385,-0.5073840725515737,-0.1602803855437556,-0.7708389722147038,-0.07555144982653132,-0.8994250779201208,-0.02640763520180475,-1.0,0.013676985509337674,-0.4900947772519075,0.04045753407160251,-0.7274131274941071,0.17407608250529824,-0.8541742019250341,0.24813545941489307,-0.9316427578096562,0.301935237869121,-0.4338603653397376,0.19749642581000904,-0.5196740636555556,0.21013604940661576,-0.4652421362314588,0.15175203736432472,-0.3943869198436574,0.10767548190085559,-0.37829480646834795,0.31548701006226376,-0.41280355446417455,0.2614831569737682,-0.3602982761566056,0.21797603895329637,-0.3064754265720904,0.17718942666877943
0,0.0,0.0,-0.16660089885007448,-0.24803345161776275,-0.36730955927891135,-0.36007419279246106,-0.5427995748455886,-0.4595540481730077,-0.6489456923823712,-0.5833574644728252,-0.5081457241852602,-0.1560053060609611,-0.7730231993706376,-0.07644284686072009,-0.8998538531710828,-0.027006092764005826,-1.0,0.010692884522036055,-0.4904647824849773,0.046339947776308524,-0.727038209497347,0.17255264215054483,-0.8537724084830022,0.243538992015801,-0.9320271831009491,0.2969320673551713,-0.43407554023065464,0.2024693269504377,-0.5265577138744288,0.20817208710643925,-0.4691269270040005,0.1435130475536883,-0.39718356125403814,0.10023350015901444,-0.38025710125035567,0.3171967845605343,-0.4202262189712602,0.2590807709689838,-0.36620775655725357,0.21089248949667744,-0.3110412516947592,0.1666877291063388
0,0.0,0.0,-0.1669864977680035,-0.25030538823876286,-0.3715690544929553,-0.3627431777833554,-0.5460696690280573,-0.466629470205175,-0.6506537083215528,-0.5924634150110274,-0.5115556821423157,-0.15919215466489148,-0.7732806067923356,-0.08183172805266084,-0.8995039868565078,-0.03484850446420182,-1.0,0.002576954703981177,-0.49413612819081115,0.040792769074706005,-0.7284261219389658,0.16492280411761487,-0.8561524297627932,0.23619237976473517,-0.9361075601390357,0.2907818064199812,-0.4379290313231235,0.19717451669309535,-0.5302072296724192,0.20246561589447118,-0.4747186565172669,0.13917768813690415,-0.40396610054821624,0.0967369710414689,-0.38454152925065976,0.311252737009463,-0.42415910173886495,0.2546603811328745,-0.3732023856407181,0.20748045619678154,-0.3199930006059738,0.1640401538029136
0,0.0,0.0,-0.16413566156834233,-0.2445388981556924,-0.3707492971239829,-0.3596086888636122,-0.5436225969000065,-0.46769015699141,-0.6450912195124994,-0.5939884999233869,-0.5090812018010424,-0.15413479044491954,-0.7716644133191652,-0.07807469665049925,-0.8990240091178971,-0.03312098573748498,-1.0,-0.0003748533487626825,-0.4894900726234183,0.0436950519150058,-0.7235619758576147,0.1637393939683747,-0.8527084141998523,0.22647400216346308,-0.9331189274745051,0.273472254303173,-0.43323296355980534,0.19782131824051363,-0.5208151719346071,0.20892720630718306,-0.463889647165907,0.14183531775526256,-0.39196749358248156,0.09523063044595075,-0.380809213367233,0.3123896412406045,-0.41471919991367767,0.2577531543919694,-0.35832404169666565,0.21008045729197874,-0.3013403034295443,0.1672904173720722
0,0.0,0.0,-0.1588621625115203,-0.24902444572401278,-0.36184103396582434,-0.38305015889216987,-0.5358533508369329,-0.49535955963450606,-0.6361075531277331,-0.6252392195901539,-0.5008655972012147,-0.1849658461574619,-0.7674343866829392,-0.12148347202473782,-0.8970345374332493,-0.077176226776814,-1.0,-0.044861017614955506,-0.4897162855660775,0.023859636016901494,-0.7370571709639459,0.13556763031592095,-0.8687087346206984,0.1927174002454309,-0.9526995720907121,0.235841347889076,-0.4433645521893209,0.18483826237604647,-0.553366323253655,0.16984402043354985,-0.5017511293682756,0.0961016439841729,-0.4294218272347726,0.051377233345700005,-0.39413735737056543,0.3021687564106653,-0.44595798632503314,0.21991226096926741,-0.39676814333702093,0.16579071727266165,-0.3415816527807389,0.1251827721605474
0,0.0,0.0,-0.1563547134264642,-0.2610872552227335,-0.3641051154700745,-0.4110602451031078,-0.5334292449868617,-0.5381346212543014,-0.6201430220542237,-0.6741841897451061,-0.5103331579626806,-0.21881636620541906,-0.7702411681467494,-0.18059647710128265,-0.8999645459802995,-0.15397011460289114,-1.0,-0.13737883521423366,-0.5039133073585843,-0.0124716922135223,-0.7458873026329013,0.06478781774188769,-0.8840311655545239,0.10286100055760822,-0.9729056485858073,0.13486120611218183,-0.46293480128032316,0.14629144944776892,-0.5552650669741144,0.1207943938305447,-0.5024056308691581,0.04364035492146758,-0.4266179496801575,-0.0015855883036132226,-0.41607353880640346,0.26087714197915485,-0.45152776571917475,0.1777823272383225,-0.39479408176886344,0.1246939215730561,-0.3292482815368271,0.08720632063736837
0,0.0,0.0,-0.15091612362226003,-0.2508457193774859,-0.3602772626603433,-0.3939640578857803,-0.5292387657162431,-0.5181338391559892,-0.6168599383690209,-0.6677741635406186,-0.4966007635003068,-0.21303019788722638,-0.7636554142399149,-0.1701963038377382,-0.8968379890479593,-0.15025388748165672,-1.0,-0.13901404974667803,-0.49224422315600863,-0.013252195437013245,-0.7438081223797847,0.06458105031177003,-0.8838925751594597,0.09906418500118956,-0.9724706477311696,0.12543669414303735,-0.4521655061208877,0.14702167424767834,-0.5567317646745187,0.13281762796264335,-0.5050662377514589,0.06886973114303291,-0.43177897348753064,0.02757338016716868,-0.4058974360010066,0.26399935695032883,-0.4491839287668997,0.18960291278881192,-0.39998154059675173,0.13903626565868363,-0.34446518827177575,0.10147743893350697
0,0.0,0.0,-0.1500074240972035,-0.2635853898622031,-0.3526616096494653,-0.4053712837538501,-0.5203472859159414,-0.5320601647219039,-0.6083234446516359,-0.6788653147392402,-0.486213228972509,-0.2271268015573207,-0.7589144796597943,-0.19258775707706619,-0.8938910401463619,-0.16974035079769598,-1.0,-0.15393248562415618,-0.48877909406594133,-0.025452718210804713,-0.7467357235824525,0.05741861510445725,-0.8869641753931838,0.09373741999877816,-0.9769484816204033,0.11845844993751216,-0.45149677486698325,0.1357179587495312,-0.555005884659064,0.11902688898769703,-0.5043593813279302,0.05326658254038446,-0.4309745068234938,0.012767626566696916,-0.406053208322595,0.2551793698296827,-0.4445258105718335,0.17884407413416215,-0.3944849679226405,0.12723324733248345,-0.3385622982901111,0.08957587973528947
0,0.0,0.0,-0.15051353000804757,-0.26411931301123487,-0.35189933582407673,-0.4010090202732157,-0.5201388216472094,-0.520824653297436,-0.6047070470306944,-0.671229904670606,-0.4866071984600729,-0.2264443747139857,-0.7611550096044556,-0.18684613465362288,-0.8960635593577851,-0.16188097867814888,-1.0,-0.14488324188241702,-0.48396130254175557,-0.025780359501138835,-0.7418723726360001,0.05866291354302559,-0.8822123313896749,0.0935489236621562,-0.9696140820884639,0.11553591495848248,-0.443895395204964,0.133770920979096,-0.5458380223941913,0.11797730688736491,-0.4961998016030059,0.05404590451632396,-0.4227716196675786,0.014748393799953314,-0.39838622647551236,0.2529732429230169,-0.43741474815273435,0.17446319711653394,-0.38836452655317566,0.1233562841183166,-0.3315961877885003,0.08300993712607209
0,0.0,0.0,-0.14755572504158826,-0.2580671940303572,-0.3530958715518502,-0.39367401911080696,-0.5196539387862771,-0.5134665989081616,-0.603953490626785,-0.6562623966958842,-0.48567598399972856,-0.22408620950143368,-0.7620006075643376,-0.1795429371049721,-0.895707784175696,-0.15714889931479348,-1.0,-0.13870382773611994,-0.4831558442922481,-0.023828115847653243,-0.7403331019956712,0.0682714067457416,-0.8797949712740026,0.10732317009620038,-0.9688457651069015,0.13539817682222846,-0.4443628209406098,0.13569084993564828,-0.5430554669075379,0.1279601592917351,-0.49151207574517525,0.05926216481960106,-0.4159517147937877,0.016197406702113306,-0.40167314492914036,0.2561453274505162,-0.4344396067313604,0.1790345463344561,-0.38210949246563664,0.12654910727631008,-0.32269321475056334,0.08498265775464581
0,0.0,0.0,-0.14942758537653905,-0.2520743010875625,-0.3564108920157393,-0.3860513964083828,-0.5224786185558458,-0.5068866816342678,-0.6031802273874723,-0.6553459934011698,-0.48803013486017705,-0.21438346670282094,-0.7609485236609849,-0.1651383052884737,-0.8953076671688469,-0.1411172278842564,-1.0,-0.12115338890704472,-0.4831027654987014,-0.018136968726887148,-0.7359302357346587,0.07442331060537842,-0.8767158020836601,0.12086098444185654,-0.9671533666478813,0.1580265025694157,-0.4411877489611547,0.13957992911468226,-0.5368606687664478,0.13866467278523853,-0.48717356177980226,0.07041423291381556,-0.41305176166101926,0.02657217989046468,-0.3961325715303276,0.2600072645815227,-0.4318820021510446,0.187724071362878,-0.3807324681263956,0.1327716604425324,-0.32154171013105587,0.08826426078835886
0,0.0,0.0,-0.1543868773420315,-0.2585273437889478,-0.357368664196431,-0.38763672246971465,-0.526265347869258,-0.5020771673538522,-0.6148020570145653,-0.6437906498916776,-0.48852232724523065,-0.22232181676834878,-0.7611773700198013,-0.15901083950111727,-0.8940498111267765,-0.12666385138622682,-1.0,-0.10210444059293311,-0.4867400996278935,-0.021933404752694265,-0.7361019028119938,0.07941729536283429,-0.8720279798456,0.12921955934381876,-0.9585971483753841,0.16603883495732313,-0.4455194388802986,0.13952960913963708,-0.5495779244682348,0.13393577514765367,-0.5003360308795912,0.06277840382461856,-0.42560453581762864,0.017762452303304605,-0.40052081009577156,0.25851143104236446,-0.4392236311940996,0.18152193738293934,-0.3912749000493194,0.12620479886137248,-0.33466681478278043,0.08182676719359679
0,0.0,0.0,-0.15163497275383386,-0.2558882623289105,-0.35581493534409336,-0.38123340206386264,-0.5273246438693288,-0.49782087450540785,-0.616406182827534,-0.637840739304724,-0.49508733535901833,-0.21545540599951007,-0.7627758481677176,-0.1535774483831562,-0.896043384591924,-0.12100757279568863,-1.0,-0.0977309191667329,-0.48925808340782295,-0.013673170921632597,-0.73433953800755,0.08663210132102132,-0.8722901866755783,0.13967452227956076,-0.958103848531108,0.17552038636182973,-0.44620545020659713,0.14802945895392242,-0.5467094515563328,0.14102973311897626,-0.4947030581570593,0.07386659517826406,-0.41762759625383467,0.029620978980138445,-0.3996955388965587,0.26933411148621794,-0.43431719112224354,0.1969332448650832,-0.3828812313742158,0.1428511462208213,-0.3239398004921993,0.09889591786079878
0,0.0,0.0,-0.15215409398499627,-0.2588118568028842,-0.3517514184251601,-0.38492920138683784,-0.5231680614806086,-0.4927923878100036,-0.6160709798271758,-0.6243847984469658,-0.4932012707006975,-0.21936767322207526,-0.7640299193347343,-0.1524099962055187,-0.8959841572897592,-0.11637203537377643,-1.0,-0.0898226805857718,-0.4896524795783821,-0.02006029120391182,-0.7356590132947011,0.08890619822009793,-0.86584115840808,0.14530060000861017,-0.9470308434260862,0.1855026786635016,-0.44555980613104074,0.1414132089998288,-0.5475186194896172,0.1509656904804574,-0.49608707884011016,0.08252786540904808,-0.42059151858344707,0.03400355820223684,-0.3994129066427451,0.2639875693193662,-0.4339512964811442,0.20474440314010847,-0.38216233371611874,0.15285392048008697,-0.3245977499426823,0.10540728600477163
0,0.0,0.0,-0.16230527913699141,-0.2674326952625794,-0.35805157703911916,-0.39375491622728565,-0.5285778555200095,-0.49983990166135756,-0.6248815372984825,-0.6393034775775732,-0.5017508112656066,-0.2166613837571274,-0.7703795116013902,-0.15083035657826957,-0.898077168607515,-0.11451501883521713,-1.0,-0.08906240371444256,-0.49574541182327236,-0.018574025242775537,-0.7358643236056643,0.09129048927260579,-0.8599941035479806,0.14670263878310763,-0.9367422263697873,0.18825067493029177,-0.446399277604075,0.14141073420091194,-0.548361781163494,0.1443728555381338,-0.4983867323385353,0.07432369024455374,-0.42557602173954195,0.027691575283071986,-0.39678671558358963,0.25807308458951794,-0.4380967187291696,0.19240779443292766,-0.39166115216833564,0.13994870408953586,-0.3370726532302206,0.09255979723293684
0,0.0,0.0,-0.15805416565175304,-0.2632870285364797,-0.3572578850640782,-0.38372689920380965,-0.5289452696735386,-0.48287419125715886,-0.625749627987569,-0.6109266912639277,-0.5002323980885496,-0.20862318748293365,-0.7699270956917555,-0.13340963946156648,-0.898237715517263,-0.09372236355524652,-1.0,-0.06406144816048515,-0.49287508073765307,-0.008161961261369581,-0.7355602568883847,0.1131996799474695,-0.862542773031152,0.16918801461636065,-0.9414774982995079,0.20762480328893185,-0.44356436795291027,0.15169563361345784,-0.5373791893453274,0.1568215281956793,-0.4851858377457215,0.09181323958122015,-0.41440444968884727,0.04634644633489412,-0.39514393789962066,0.26846687357032556,-0.4327480043597581,0.203800939680487,-0.38167638092348133,0.15408830605910703,-0.32706749311805833,0.10792376700905816
0,0.0,0.0,-0.16172173925528172,-0.2613224041623694,-0.36452617792486136,-0.3792126003721757,-0.5385232936829839,-0.4707884764327288,-0.6383457006370696,-0.5988203801679656,-0.5061509489044108,-0.19851576402498505,-0.772996066072749,-0.11924896447261685,-0.8980491086847108,-0.07399743481142754,-1.0,-0.03770751426367682,-0.4992470342001214,-0.0043704320540093435,-0.7325968386603271,0.1213413559286884,-0.8578579638496653,0.18366403208400037,-0.9358087682229289,0.2299459045121316,-0.4480200349522896,0.15297828283915965,-0.5361086583888287,0.1560852638052371,-0.4820392930097814,0.09110228131089432,-0.4128541790798343,0.047239431159862455,-0.39881822655815663,0.271470293345585,-0.43180036196597454,0.21006609189213765,-0.3836298933803618,0.16129321078495887,-0.3341036476566731,0.11610270006835717
0,0.0,0.0,-0.1603311721226624,-0.25908720569190385,-0.3604317535974903,-0.37680297670187746,-0.5343751776629075,-0.4693881147584646,-0.6382821536383522,-0.5897011619042138,-0.5058485509029184,-0.18871920314620286,-0.7744036774068738,-0.10410610778068698,-0.8996036181850748,-0.055882358505153384,-1.0,-0.01750129609913737,-0.4946710835428615,0.00832689556801302,-0.7284569007583835,0.13639074996920925,-0.8513169432590847,0.20314769635864593,-0.9261134380215698,0.25064282235879787,-0.4424262657240696,0.16557351602747183,-0.5290814577523455,0.16834284204297684,-0.4742879519582572,0.10400474969181864,-0.4038488593580847,0.059404203612669126,-0.392562267768755,0.28525033705547187,-0.4270371606831376,0.22435284403529054,-0.3766378964353316,0.17702737833320506,-0.32455198579712313,0.1336588607330898
0,0.0,0.0,-0.15995652708012154,-0.2559255849153787,-0.3584807545628594,-0.36560899414660003,-0.532782831712085,-0.4532093371584447,-0.6423321408497324,-0.5633785876712443,-0.5076741197879204,-0.17531740642914162,-0.7750849136012254,-0.09177383811847496,-0.9002120519447279,-0.04263434992659057,-1.0,-0.005281845217287575,-0.49467352058367314,0.02263032889874791,-0.7293788025473883,0.14860917070843163,-0.8522354228853363,0.21593926746984526,-0.9227461013212118,0.2629730484486456,-0.44053342212773994,0.17862369459780045,-0.5211131611243236,0.1847142878021054,-0.4637659177206065,0.1279551888441362,-0.39465025550116506,0.08676513049973318,-0.39037722218074794,0.2962194043427891,-0.4207193926904982,0.24307073809560487,-0.36604881875394746,0.20091650205337067,-0.31247790508399326,0.15868682236497267
0,0.0,0.0,-0.16365883052589708,-0.25398213533194963,-0.3625667069698199,-0.36602286646003096,-0.5339584260502779,-0.45773702389438736,-0.6423699041782686,-0.5639051786269884,-0.5133329263633821,-0.17014895100213068,-0.777661878862112,-0.0878964510907451,-0.9020686545179573,-0.037673536582003786,-1.0,0.0004972253838973806,-0.49714326786368346,0.02824122027970651,-0.7275550492499281,0.15075263184841814,-0.8516801294952129,0.21868838835960916,-0.9268842380537909,0.2689571854483299,-0.4412600577372208,0.1832908640497186,-0.5256599805442107,0.1879683272353481,-0.4691034977098094,0.12901630111575407,-0.400762477895624,0.08894288898778696,-0.387525058190139,0.2993556746708466,-0.42176842884655524,0.24463193506334946,-0.3701757322505307,0.20201450125832485,-0.3179146859701704,0.1599677443493535
0,0.0,0.0,-0.16486966385616336,-0.2521115334716023,-0.36561173158688864,-0.3653056162966374,-0.538889783673917,-0.45007840622427836,-0.6426993281866177,-0.5660836510918079,-0.5156933985615151,-0.1600150982622177,-0.7774543816085776,-0.07420400637526098,-0.9025807356845649,-0.01838727240209597,-1.0,0.021216220355579886,-0.4991021079268841,0.040273626359510574,-0.7269740137959383,0.1636882841239994,-0.8504890631469008,0.23076429023840037,-0.9252798069635794,0.2800237540722325,-0.4423836282665555,0.1957649769721858,-0.5272121473819633,0.19838326069106169,-0.4733368444039101,0.13708115414752622,-0.40389373115805055,0.0942924023528784,-0.3874063892920911,0.3116789208299697,-0.42153043811639296,0.2520844593626518,-0.37317687001562194,0.203153244397191,-0.3214117665658469,0.15669209722569433
0,0.0,0.0,-0.1649113497426029,-0.24956248197905656,-0.3649207117825206,-0.3607858763793766,-0.5384435647973138,-0.446096678403308,-0.643474638509217,-0.5640141280262893,-0.515070130726333,-0.1595242431597121,-0.7761731953782992,-0.07586595919015994,-0.9011927160182536,-0.022756247489852218,-1.0,0.015062263465897983,-0.49848751918136436,0.04074591856362706,-0.7249615585986993,0.16175402144851211,-0.8490450719283953,0.22941678818306013,-0.9226315907482591,0.28046940796111686,-0.44209460302000525,0.19567391149568028,-0.5279382152568994,0.19672517417131197,-0.4736792934885439,0.1354944828869384,-0.4052140661896222,0.09425489373101285,-0.3895139645839537,0.3110771813651349,-0.4238421654477002,0.25151061234428235,-0.37536292655794373,0.2069193735615206,-0.324544947822362,0.16382350430594833
0,0.0,0.0,-0.1671007351082901,-0.2469287164617176,-0.36792673795991504,-0.36241992106462767,-0.5381735507454614,-0.45395968044794605,-0.639928221245787,-0.5717248237023413,-0.5173833388576022,-0.15517677791573142,-0.7769585632597018,-0.07290322504454187,-0.9012195774839724,-0.019296494201879615,-1.0,0.017741366591268924,-0.4993837356601921,0.042481299496989734,-0.7237382031928437,0.1605830163767672,-0.8488922200711253,0.2273458394382409,-0.9243980843252741,0.2790498467507458,-0.44201446597378424,0.19497788849059916,-0.5246791134611342,0.19953009598056298,-0.4660826294155114,0.13905667270006056,-0.3962119130529944,0.09940790597668155,-0.3878953952791514,0.30945523885705106,-0.42051469389908147,0.25584968897447785,-0.36878824834488444,0.21166977521605665,-0.315580878839006,0.16882533049168091
0,0.0,0.0,-0.15938960543842007,-0.24399289447136843,-0.3675524521055365,-0.35854267631642117,-0.5450867285543725,-0.45688145110301215,-0.6504196403777274,-0.5718236529853732,-0.514554057085839,-0.15572250784840075,-0.7733789973501352,-0.08109896437194752,-0.9000488907122943,-0.029918841025367474,-1.0,0.006819009054097092,-0.4964225255769222,0.044367193763325805,-0.724897276553952,0.16216811972556877,-0.8513102632450097,0.22881029854516302,-0.9313962112737707,0.28055306711265143,-0.44391962704211385,0.19934565282534583,-0.5351775833044395,0.20202297333975536,-0.4805213754194835,0.13273445969585387,-0.41137210126907975,0.08804113173860315,-0.3902886924980114,0.31599755879828867,-0.4327155545026522,0.25770504290145296,-0.38054859575990246,0.20692439962283748,-0.32426818860009005,0.16624313019794756
0,0.0,0.0,-0.1648947990797791,-0.24625216237517478,-0.36526684690649963,-0.36574521664766135,-0.5399674369418568,-0.4670503615280305,-0.6514893053996428,-0.5885915718192504,-0.5114782117963297,-0.16214762379788897,-0.7748615715096706,-0.08067116102860142,-0.9007179686993174,-0.02965774084467161,-1.0,0.0068308675075536476,-0.4949862867998149,0.04010122666542572,-0.7309019359777229,0.16875744741432874,-0.855031193611378,0.2328692463270925,-0.9293707584368864,0.27793834078263735,-0.440231486785381,0.1970557979063338,-0.531796897537579,0.1987695289122846,-0.4774378469339083,0.12696910965847438,-0.408344968865544,0.07807956436409656,-0.3862752842366128,0.31277572563424905,-0.42710845998661906,0.2531678192432806,-0.3761139695203939,0.19856544289328115,-0.32209427354349135,0.15603509964031564
0,0.0,0.0,-0.158713740939891,-0.24858908136787553,-0.37531905934052834,-0.3677371115709835,-0.5558150941827885,-0.4671918778764351,-0.6556844905989729,-0.5953106216667856,-0.5073996281463858,-0.17277803350446547,-0.7715699797605614,-0.09156777624167504,-0.8999412264268569,-0.043299342159432826,-1.0,-0.007196920092249808,-0.4924915682075354,0.028039777828835984,-0.7344010859192006,0.15011766477184954,-0.8643149918485484,0.21094145148376806,-0.9456952180503484,0.2564231399281543,-0.44318097163420334,0.185274377309872,-0.5534137683074387,0.19249227396091537,-0.5085011915469565,0.11456004510548269,-0.43976630153077906,0.06141995227538811,-0.3940734752002183,0.3027682000073712,-0.443092752461707,0.23758226927941795,-0.39877967398898867,0.1765059796915544,-0.3478801520976951,0.12716127170485708
0,0.0,0.0,-0.15302547670951414,-0.24808176883660327,-0.371681708699792,-0.376550010649227,-0.5516914261194217,-0.478517925154727,-0.6512444717983412,-0.6090251807236463,-0.5008672072715428,-0.18369348862411988,-0.7640736190458293,-0.10933604418802777,-0.8968095777268286,-0.06104179978200406,-1.0,-0.02504721679320454,-0.4885828149665489,0.02074817866897191,-0.7356583884587437,0.13139873681375128,-0.8704227899721867,0.1893328807411862,-0.95653598264176,0.2338762090004761,-0.44286337354982586,0.17794016543887345,-0.5555795685183793,0.18287678687764664,-0.5102786573830465,0.10410696052268911,-0.4389245298679496,0.05035342122077727,-0.39175667612568593,0.295365315467689,-0.4401237424515773,0.22901984827983662,-0.39572057681224787,0.16936107770177153,-0.34223835788919793,0.12374910734420808
0,0.0,0.0,-0.153870714442771,-0.25289263486610486,-0.3684001970844028,-0.37760403082091404,-0.5460956442024174,-0.4807922430791623,-0.6431496733205946,-0.6105724797969787,-0.4939871737659636,-0.1941021527908053,-0.7604706010188468,-0.11133890820516384,-0.8952283409418438,-0.06024204059127683,-1.0,-0.0205145335967687,-0.4836697698470706,0.009000095865066081,-0.731959109907625,0.1302337749359899,-0.8652355672387141,0.19213386778927874,-0.9509363772886801,0.23605424112367243,-0.4387232269244223,0.1671996987435377,-0.5511518866815864,0.17455394693405998,-0.5049354761176892,0.09867408968048981,-0.4317246834041429,0.04494614922627837,-0.3888844160606859,0.28736272053640344,-0.43190243731517186,0.22359434155955338,-0.3853269756618873,0.1666280516143815,-0.33067975418386053,0.12069116547314332
0,0.0,0.0,-0.15298784534227236,-0.25178168723893973,-0.36370346668467984,-0.3752972096922686,-0.5410577695034211,-0.47642071804742375,-0.636616312633227,-0.6068315740889014,-0.4897047652420205,-0.19415602069248078,-0.7626998878465107,-0.11207769272693016,-0.8962812424246321,-0.062493145657466574,-1.0,-0.02316372593076449,-0.4794608306662966,0.008627856106965152,-0.733575129828734,0.1298897050990614,-0.8675303620987773,0.19288947073822876,-0.9521530809220365,0.23823569002279693,-0.43527001912294067,0.16710447731299757,-0.5619032181070694,0.1806852310162571,-0.5212544264202713,0.10593266725896695,-0.44974167780952445,0.053611194102315046,-0.3880339894880281,0.28774718956001527,-0.43714137122588975,0.22756819757865104,-0.3965736780090306,0.16584597829643927,-0.3453339759683437,0.11529669325407021
0,0.0,0.0,-0.1536361513978681,-0.25051376492016475,-0.3657401396636763,-0.3740868617833962,-0.5409511669669498,-0.4764243419464849,-0.6349598533423041,-0.6049765897357344,-0.49335577986766527,-0.1963085367427373,-0.7621889508281018,-0.11426001794803345,-0.8958728388725641,-0.06474137396037839,-1.0,-0.026090451390086027,-0.4821641663867417,0.005664367834208242,-0.7291354111153688,0.1278108817094566,-0.863638486021319,0.1914602035358217,-0.9498690345199197,0.23742155123414893,-0.4377024941067997,0.16445146692173496,-0.5559823987123124,0.18208309486353288,-0.5131929866729449,0.10579311689962005,-0.44102356984612173,0.052174598311781575,-0.39068948227508565,0.2854901674919938,-0.4357999237553354,0.22802060379075864,-0.39240587379439357,0.16696497966316406,-0.3396487032004043,0.11580343061587761
0,0.0,0.0,-0.15840499329110896,-0.25696573647570187,-0.36397377517355095,-0.3761167011449566,-0.5370782754980544,-0.47576605683825085,-0.6310991100538772,-0.6081089169865745,-0.49198671684711753,-0.20370457957125507,-0.7656123263827901,-0.11678631853308336,-0.8970039507586827,-0.07153991667512188,-1.0,-0.03411044736341661,-0.48084742606040615,-0.0025954390531053324,-0.7330051730191305,0.12507739707195226,-0.8664636303922086,0.1896393605544682,-0.9507620189434669,0.23755420738823863,-0.4317927448205536,0.1567656963224444,-0.5431624948949824,0.16977154445010742,-0.49745450720315293,0.09863257159241422,-0.4264156231104566,0.050301669500225396,-0.38113782085563336,0.2761027083431051,-0.429375110514678,0.21161414328825348,-0.38432299861229874,0.15586685996227634,-0.33087383183164204,0.10776714329198228
0,0.0,0.0,-0.16156561457131607,-0.24910644578395,-0.36829907558105307,-0.3630203914192631,-0.5416133013859207,-0.4601946503801639,-0.6355412720955205,-0.5916406222618718,-0.4946750895213873,-0.19034640254306248,-0.7633855939661917,-0.1038515454770795,-0.8955125131759647,-0.05842264482285265,-1.0,-0.02250474783812647,-0.4842627947074138,0.00811025352425632,-0.7273741704523922,0.13581086866132003,-0.8590594257607792,0.19956843071563513,-0.9429471576087004,0.24636625515970142,-0.43562040842586164,0.16493315537909828,-0.5382889116489635,0.18024299910485936,-0.49487327204123993,0.10852006178218022,-0.426069182491248,0.058883443588224366,-0.38468300998830135,0.28142484054849504,-0.4302874437315406,0.222804403713218,-0.3897525774222468,0.1692580251473116,-0.3399804531506774,0.12263182871797486
0,0.0,0.0,-0.15922060617361644,-0.2503507913199543,-0.3686952738347746,-0.36237481450403625,-0.5451858455896635,-0.45153427499242477,-0.6440621867934643,-0.5773601690635465,-0.4995219836996636,-0.1853300856971929,-0.7705088610742061,-0.09824992813245383,-0.8992897738308898,-0.048938108446184805,-1.0,-0.010044946351847966,-0.48826014497820663,0.015153563464870366,-0.7358669556907442,0.14427137962380254,-0.8654074307158007,0.20534034139026797,-0.9456473517780419,0.2490076451530196,-0.43971769650917963,0.1716583533397043,-0.543690612156104,0.17434619956646388,-0.4952231390190274,0.10429437723857694,-0.42631070865285253,0.05806450986333512,-0.39086000202006077,0.28739909408044506,-0.4369140852621029,0.2170219254286802,-0.39283635953973695,0.16286390229121506,-0.343401782315145,0.11737329945846833
0,0.0,0.0,-0.15820203985360157,-0.25612995571292385,-0.3621434271637972,-0.3687996707095417,-0.5359783972695586,-0.46461066374578014,-0.6340975755493857,-0.5897947392327575,-0.4989020894981657,-0.19017224416486664,-0.7698958398088699,-0.10183974796944198,-0.8982041275909077,-0.051310278915283294,-1.0,-0.009832795201044919,-0.4867005977485709,0.0072380081818677975,-0.7259961527651672,0.1432413493398382,-0.8503929975773102,0.21210807863862405,-0.9260758097691902,0.25927965669271086,-0.4346186537674465,0.1638967179037872,-0.5281996787452874,0.17193071241554805,-0.4775038522450132,0.10751769298995989,-0.4075208742112979,0.06228987035890695,-0.3838302118936624,0.28229029646745313,-0.4217089268086581,0.22180389648052826,-0.37474981931732937,0.1745984632268811,-0.32452037737651585,0.13054156353234644
0,0.0,0.0,-0.16013960359136775,-0.2523954485404458,-0.3547671874969509,-0.36196553426571515,-0.5282579212451533,-0.4509855576435601,-0.6341499967801799,-0.5616008164683063,-0.5029932617947862,-0.17608161560812643,-0.7717806190250385,-0.0842917664323028,-0.8996004496039621,-0.03056487351961456,-1.0,0.011662383330308654,-0.4885911043202179,0.021186611012565103,-0.7258569111973633,0.15862765415620225,-0.8502645130949106,0.23036524467705205,-0.9247629529457451,0.2797032301624936,-0.43458789230580097,0.1765191208525303,-0.52083769960445,0.19574320276475216,-0.46877145327065417,0.1342454205377685,-0.40008820355507163,0.08872321451221678,-0.38135626625765195,0.29563197261786983,-0.4140068026016146,0.2454652249678506,-0.36403539070076946,0.19781676687136918,-0.31131717959375627,0.1508932561357086
0,0.0,0.0,-0.16576378475741713,-0.25037604127957014,-0.36034770021582346,-0.364151814974648,-0.5319562575468618,-0.44673587214810623,-0.6409003850250016,-0.5629476652931856,-0.5193360260490953,-0.1660184046583762,-0.7791383569113048,-0.07096828950516336,-0.902414003004437,-0.01563479096737848,-1.0,0.024460446219429794,-0.5034059305023935,0.02903503924124827,-0.7288605623167608,0.1654385019940359,-0.8468848676161446,0.24032789904126264,-0.9143529121372518,0.2951186756494803,-0.4451986142292424,0.18466541913297252,-0.5320855141326698,0.19586596948571258,-0.4822606042472858,0.1281880776762002,-0.4165416115687759,0.07954827937876638,-0.3910930532566333,0.3031345306049033,-0.42417495268216177,0.248888811888647,-0.3759986482564279,0.20070180096860682,-0.3265979102091095,0.15485873364753325
0,0.0,0.0,-0.15997474459314004,-0.25735772847871335,-0.356236407612315,-0.3704569726089911,-0.5255753602671447,-0.45079706256031876,-0.6292514304850901,-0.5641995596367586,-0.5225730973301889,-0.16396914224962947,-0.7805811153145774,-0.06984671523480701,-0.903944335453394,-0.016091604330522594,-1.0,0.023457242265115363,-0.5076475867735875,0.03061581407303283,-0.7296094472304122,0.16435467312692087,-0.844708730736557,0.24090664794909034,-0.9107563604513885,0.2983958056277909,-0.45016998718521223,0.18424771377545118,-0.5389383737316342,0.2059279486280106,-0.4845748958865834,0.1377698899797136,-0.4146592239094966,0.0859941510185959,-0.39443609203726915,0.30376679143200724,-0.429664563649277,0.25986465868028746,-0.37996085725376444,0.21035685212079694,-0.32706280813207644,0.16076559223116102
0,0.0,0.0,-0.16726120402002917,-0.2626902984216164,-0.3636108044620717,-0.37308453751843956,-0.531760792432244,-0.44400378403398144,-0.6439932360002636,-0.5419772747390386,-0.5354652774717786,-0.15306776205039738,-0.7886283227768508,-0.05640058975401829,-0.9061393650668621,-0.000923391639328217,-1.0,0.0396103037716727,-0.5193696799207942,0.041645040922861316,-0.7295568967957764,0.17772422955484957,-0.8399268617669458,0.2421407400157304,-0.9028354518438392,0.2915431675842741,-0.459009385605307,0.1941263244996313,-0.5394195227921367,0.2055878062390547,-0.479503864167842,0.1395510710056195,-0.41100325643732266,0.0930742117538241,-0.4033439411587395,0.31428149172983466,-0.4337743360295485,0.25813631647064744,-0.38396285532348146,0.21097451743233173,-0.3311025834298774,0.1641121967635279
0,0.0,0.0,-0.1643080629003897,-0.25912902995431286,-0.35909293576972295,-0.3686461206472247,-0.5306167473156157,-0.43575582573650473,-0.6365963183931719,-0.5480882628274293,-0.5345380812949126,-0.14145291639081317,-0.7887154523643621,-0.047560361250673144,-0.9072548345940562,0.00942347743341395,-1.0,0.05122324542694402,-0.5205325725888795,0.05556033808862956,-0.7252103403083254,0.17954289706980847,-0.8353328289154952,0.244269806925065,-0.8950648440711924,0.29797640945860654,-0.46085962064432945,0.20588759846281238,-0.5301682722466603,0.19901426202833877,-0.4692865511524082,0.1317159793008537,-0.40087755192640645,0.08694703033648658,-0.4047736006747875,0.3255450318381591,-0.4215058609621127,0.25466184381447976,-0.36920934434045116,0.2028228740621785,-0.3150842808861026,0.15667713462358784
0,0.0,0.0,-0.17455187774034805,-0.25943602394551146,-0.3746214104680523,-0.36409809346206873,-0.544100062446287,-0.4361600622465349,-0.6498547755239091,-0.5574230467224736,-0.54490487285546,-0.12076588730086031,-0.7941055080668903,-0.024118249392302032,-0.9101999565301552,0.03012888285828022,-1.0,0.06898350476337232,-0.5240258403020631,0.07757379291517626,-0.7330269517793863,0.19956102115136115,-0.8371669075580933,0.253153727729433,-0.892161968451546,0.2957627364505112,-0.45909159438734864,0.2239598745747541,-0.5332519106043117,0.21414729428752022,-0.4756009087765807,0.13832827532677291,-0.4087122320053153,0.08698724963818726,-0.3987390891402911,0.33269650486277275,-0.4243939071828449,0.26215531480680887,-0.37615978639850434,0.2031048122640132,-0.32409204382939844,0.15034288385799152
0,0.0,0.0,-0.17430686062614434,-0.2625892735024379,-0.3705165169119271,-0.36608820890172383,-0.5409981279445877,-0.43995805001704535,-0.6477060015372508,-0.5574868415275465,-0.5424325011969399,-0.123268000733586,-0.7933618189843648,-0.02549988417941317,-0.9106456686652133,0.02885717951056351,-1.0,0.06907893529345276,-0.5260888076696064,0.07215038570233828,-0.7295929441497827,0.19602154019784798,-0.831913508170059,0.2552448324210307,-0.8872630200908077,0.30390177842165456,-0.4638861685048189,0.2183081003044897,-0.5362872167490632,0.21238907002623758,-0.47541092472024166,0.13653547659182275,-0.407688560992494,0.08350199502688949,-0.4076652967626632,0.3315574176685819,-0.43144143499490306,0.2683637604510858,-0.38267283976013244,0.20981055432319232,-0.3281213671987422,0.15589951549857747
0,0.0,0.0,-0.15813998877513127,-0.2711028373439605,-0.35550981214569255,-0.3718332229674755,-0.5290233042215842,-0.4367928603104746,-0.6363792948042318,-0.5530734627998957,-0.5438449381730865,-0.13037846075081633,-0.7956784015017768,-0.021878254641074606,-0.911370792026257,0.03659951374926239,-1.0,0.07833448907017466,-0.5267974632277387,0.06961610708572843,-0.7300952671674993,0.20121464136304038,-0.8350929296546851,0.2677908520925246,-0.8889557627202159,0.3227083901687456,-0.46341747978862635,0.21613953449243523,-0.5364068161633303,0.21926538401910392,-0.47384809892306157,0.14505568568444657,-0.4069657641503652,0.09721668924059076,-0.40277271082983507,0.33443032589375316,-0.4345595200467262,0.28020887389569044,-0.3819335857927293,0.22769533254574975,-0.3260348932375574,0.18101526173533586
0,0.0,0.0,-0.16951004032116845,-0.2716367586813452,-0.36356156661304057,-0.37291294151016463,-0.538202011893181,-0.43440535368494854,-0.6425410642580459,-0.5527299120672899,-0.5405583758076641,-0.12585273945801229,-0.7952732054740398,-0.02088308782831481,-0.9130691097111566,0.035736904916382664,-1.0,0.0795750358597483,-0.524327771142911,0.08193908649390028,-0.7411994386196458,0.21530463358824578,-0.8365519470196691,0.2745828861624201,-0.8751584004724258,0.3191208929316337,-0.46071036531567605,0.22889360095480588,-0.5390014307387404,0.22713161263871587,-0.4803777984283637,0.1523532820203159,-0.4141210613188364,0.10021080348271816,-0.3974931493312001,0.3458893176743964,-0.4299835681954479,0.2884266682860023,-0.37877348875368055,0.23604590143867046,-0.32217040679225456,0.18712435061030872
0,0.0,0.0,-0.16579734439123203,-0.27838669722783904,-0.3637529268097344,-0.3811068851437231,-0.5359495348680217,-0.44842385987800853,-0.6411043252059746,-0.5686298259847231,-0.5468093811798119,-0.12452737330788236,-0.7955903257581275,-0.02631790216730911,-0.9120632348176697,0.027979296926889097,-1.0,0.06852212954881944,-0.5271357030743207,0.07690575630312083,-0.7315429093232788,0.1951882364811454,-0.8315737592347092,0.24973262200293112,-0.8800466886188991,0.29765968942486815,-0.46172343816576833,0.22135922048201837,-0.5334127285040842,0.22502385121583734,-0.4679530394179602,0.1461127296896886,-0.4000264220417899,0.0944151497987013,-0.4007805632492143,0.3392851482719331,-0.426395619748105,0.28802096729352883,-0.3727692308064554,0.23000087347592363,-0.3156863935921225,0.17893045413731187
0,0.0,0.0,-0.16435437657508253,-0.27786835236907187,-0.3639896975771177,-0.38435204708346743,-0.5467240443833475,-0.46678670549688667,-0.6588704739349686,-0.5914541022317193,-0.5488549563853445,-0.12805209378384508,-0.7971353483871285,-0.0382800392616818,-0.9125335191030874,0.014625348305726982,-1.0,0.052565510921928967,-0.5284094968891037,0.07822127336363012,-0.7306417287119087,0.17806601747078513,-0.828250844239719,0.22786729213885015,-0.8772720708527235,0.2717350964040709,-0.46320312734751806,0.22830746354843076,-0.542723408848189,0.22434149904895842,-0.48322700714896655,0.14522018569806713,-0.4102938204456404,0.09092896166076873,-0.4011639820398005,0.3423209032478118,-0.432107228167272,0.2815738318699979,-0.3806280763635088,0.21667427587029575,-0.3211712699919975,0.16369994821453712
0,0.0,0.0,-0.154521479038301,-0.26801038563759766,-0.35198467612361545,-0.3901967269598699,-0.5282373708121461,-0.4763275861980827,-0.6401052468531507,-0.6028798213645795,-0.532670436972788,-0.16018726455821933,-0.7848832638179947,-0.0811926204513632,-0.905778506187879,-0.03055757623470028,-1.0,0.00560219163740445,-0.5170693853221843,0.040332221803602256,-0.7240062305646309,0.1324194353946987,-0.8375741694327109,0.1843842256499075,-0.8991203698260318,0.23072412677266668,-0.46195884494288053,0.19457396955161713,-0.5360620766265388,0.19466066989305084,-0.4708209898663864,0.12260225758282925,-0.39749090438782453,0.07443224312084422,-0.410823944630381,0.31657832194965346,-0.43990015146999506,0.2662966225207204,-0.37923925562440347,0.21380099715616746,-0.31590905256872764,0.1702694509608862
0,0.0,0.0,-0.1585160370289606,-0.2642852541193814,-0.3663130431142176,-0.3887851861396042,-0.540605469150899,-0.4802550755693281,-0.6406277022977571,-0.6153444074998461,-0.5298489141831015,-0.16392657696316756,-0.7848504068930071,-0.09053016300310877,-0.9042905705647362,-0.04591510636650428,-1.0,-0.014734438880286698,-0.5126971794590923,0.0357014750900351,-0.7330514425024199,0.12416785741358592,-0.8547003900555645,0.17290234628796883,-0.9236000789337682,0.21627364735993576,-0.45774879023432397,0.18988834855070977,-0.541790186971823,0.18034638592475158,-0.4766027629664058,0.11173965025674813,-0.4031889730094881,0.06834883929357123,-0.4074388776447334,0.3087104957727553,-0.44389575133505577,0.2507441702514398,-0.384852114008488,0.20175158177459127,-0.32420155262152983,0.16058997911019043
0,0.0,0.0,-0.15299744765704512,-0.25664221128780484,-0.3550466818118423,-0.3861476943320258,-0.531420411180539,-0.49750722662341335,-0.6392745889190825,-0.6159882715022797,-0.5133409425167801,-0.17042449728765274,-0.7743629409724438,-0.09277606026733526,-0.901082478858899,-0.049099564145863736,-1.0,-0.018791050656912164,-0.49853637749465396,0.03073017664718016,-0.7335624559581574,0.1307826710673608,-0.8609580983926786,0.18232011512176793,-0.9380045370467883,0.22060038002544619,-0.44850179460978673,0.1893375334291055,-0.5457225993154988,0.18295525287794254,-0.4920963571474752,0.11371446207044336,-0.41968800992473904,0.06551393094564367,-0.40032261094478166,0.30304955578985804,-0.44787966863862977,0.2468740203040773,-0.3964404228992778,0.19506251552773562,-0.33940712614803586,0.15251784139365976
0,0.0,0.0,-0.15650067072700483,-0.25283707338251016,-0.3617665440336307,-0.3878171208122379,-0.5389651498619074,-0.507664894107017,-0.6444117247357046,-0.634419883719033,-0.5041027494790807,-0.16953619458166894,-0.7707099693736635,-0.09867900678692426,-0.8987268601210157,-0.05773248364783067,-1.0,-0.02804558045273389,-0.490792388178301,0.040003036183586145,-0.7378157172360473,0.13016471701319798,-0.8725665307781963,0.17486775728083614,-0.9575265683798505,0.20968131118540775,-0.4451002573966185,0.20066964265355555,-0.5516417230402656,0.17940075099940198,-0.5027549109712129,0.10170059723433672,-0.4312517741051036,0.05361397560574447,-0.395821457406631,0.31599151611665227,-0.4521390146449241,0.2376952731708894,-0.40891738064104616,0.17892606862565366,-0.35458651709510197,0.13897127087287542
0,0.0,0.0,-0.15638647693092755,-0.25244495730216304,-0.3595989171622648,-0.3856760298327552,-0.5318820243504737,-0.500457802523568,-0.635534879121084,-0.6292752047749269,-0.4967621465608472,-0.18559160286005996,-0.765187532855792,-0.10636258365180906,-0.8969992959690275,-0.05985175223459917,-1.0,-0.026782562243106718,-0.48670690627227964,0.024234148460960732,-0.7380569069410482,0.1334945268380903,-0.8682582549354111,0.1810204679678067,-0.9471624147168008,0.2117345791074249,-0.4439588103376228,0.18666609112033336,-0.5530526045295496,0.17613805167838634,-0.5062981792064837,0.1008458504527969,-0.4338239257853269,0.049838056663752454,-0.3966326891672858,0.30535367524838675,-0.4429842320570391,0.22824100475798478,-0.3987107356819677,0.1709534735639815,-0.3461262691911264,0.12934350023771685
0,0.0,0.0,-0.15845676647996335,-0.24975804427845583,-0.36354662486246164,-0.38789967397190406,-0.5360812215335005,-0.49898879475266467,-0.6312586675824037,-0.6364600806078814,-0.49665082075972977,-0.19099353734896182,-0.7663261439176812,-0.11484621613356484,-0.8971227436346291,-0.06611939191543792,-1.0,-0.031884511481086,-0.4877756227705581,0.017958671951119155,-0.7416646431724596,0.1277237671332387,-0.8739360399727311,0.177859552907685,-0.9573424392265951,0.21505540648866014,-0.4427672866517453,0.17951458490598626,-0.5616170749722383,0.16759774493000404,-0.5162752941009132,0.08976856983493367,-0.44578434191396477,0.040117609885895245,-0.3922757045569767,0.2974642146319459,-0.4467521648001414,0.2167098288987484,-0.4056216225003073,0.15703622274759696,-0.3558123728119593,0.11337121585417025
0,0.0,0.0,-0.1554690459586427,-0.25898235034684614,-0.366626581987994,-0.3883369491949241,-0.5418746762264691,-0.5072539961999765,-0.6385253242193291,-0.6410497572477398,-0.4962778392044774,-0.2052203159512941,-0.7661240864811829,-0.12580483020209143,-0.8975872089989614,-0.07980272218501046,-1.0,-0.040575326757338624,-0.4865847701794307,0.002627979767656112,-0.7431985141954778,0.1122041382423944,-0.8770637792188989,0.16844075733396124,-0.9588594215222607,0.20965134637610222,-0.44168418872700227,0.16802150448954142,-0.5598652636049727,0.16513354337853556,-0.515726996894307,0.09152356463398609,-0.44337538458950965,0.04034128275767459,-0.39409037887670834,0.2924399026174326,-0.4425786218131642,0.220434999648934,-0.3986207006953133,0.16110677077132898,-0.34657742058993474,0.11397152505197854
0,0.0,0.0,-0.15344660263309415,-0.2589898944687119,-0.3634066647270774,-0.3909357433068912,-0.5393080142336012,-0.5027342104888375,-0.6344658228775231,-0.6380630827668851,-0.4921367288352495,-0.2067935130912102,-0.7625570432521622,-0.12644100969862446,-0.8962676470408718,-0.07960806733494333,-1.0,-0.040643482471470746,-0.4842384636825476,0.0011871506959124174,-0.7396626335417374,0.11720870048198115,-0.873923782280428,0.1751467407779652,-0.9573419217802988,0.21745793091942633,-0.44131304767117047,0.16555899843951227,-0.5577024412375664,0.17190165875571958,-0.512987652412042,0.09749121589866393,-0.4406388030428493,0.04561140804007219,-0.3949435721944282,0.29137479578363135,-0.440607064309591,0.22630225446732843,-0.3968898075941023,0.16519868243566294,-0.34522016711663783,0.11522075713155094
0,0.0,0.0,-0.1538120335799088,-0.25705234394423054,-0.36129870177390827,-0.38652042760168165,-0.5369215760692024,-0.4970537181371717,-0.6323106912007539,-0.6314485680848568,-0.4883595083885738,-0.2024889561439333,-0.7613646874290415,-0.1210393614800302,-0.8955971142761368,-0.07373500559333118,-1.0,-0.03440788038666862,-0.47901621608655465,0.005432534343134758,-0.7368196906398962,0.12076228677902388,-0.871966179404141,0.17786630525663358,-0.9563591083276702,0.2193581909115839,-0.4355474034563392,0.1691777874314606,-0.5584616438559448,0.17480466030296077,-0.5153156445971144,0.10120748056970462,-0.4428887649766194,0.0505259845452082,-0.3889437639998447,0.2932871284673215,-0.4392477635314807,0.22736083196405307,-0.39751722365864234,0.16685731222090516,-0.3462455971447686,0.11739775018595311
0,0.0,0.0,-0.1536548031775675,-0.2616664694964245,-0.36291221719711486,-0.39296578256065695,-0.5381691126154073,-0.5076815049157655,-0.634399371572577,-0.6385779077873944,-0.4924090795791818,-0.20999253431113704,-0.7630140896047363,-0.13211537692891245,-0.8967417098616789,-0.08461013618404681,-1.0,-0.04415582380974283,-0.4826691374206959,-0.002559463900471943,-0.7396756271670734,0.10781623679871583,-0.8738379927440012,0.16516023915110076,-0.9567759311172201,0.20680620963742702,-0.4400046437106944,0.16155915398500476,-0.5619482455229468,0.16403466152430607,-0.5199780990391817,0.0898877374905524,-0.4481104496144334,0.03900295192976106,-0.3943924381429415,0.28597424628578466,-0.4484848387465436,0.22264222719756277,-0.4078156141558459,0.16380307854720144,-0.3561015084628213,0.11641192204430928
0,0.0,0.0,-0.15067852953696922,-0.26080327068577,-0.3615024442441225,-0.3909200745988032,-0.5377228943598772,-0.5043264342388804,-0.6329468970093601,-0.6365004319025618,-0.490137323789962,-0.20990684760787653,-0.7611997320081647,-0.13009117409017132,-0.8955710865162704,-0.08420377951784697,-1.0,-0.04484117719378269,-0.4816029932429375,-0.00282829099940691,-0.7393196723707707,0.11202715479732217,-0.8743325733823878,0.17036904141659234,-0.9581220708416314,0.213085145875741,-0.4391111497338303,0.16128487107598402,-0.5595386792071254,0.16909475866117815,-0.5167629053166264,0.09616930260050595,-0.444431540540573,0.04548292393028528,-0.39382885926063566,0.28502545562015963,-0.4458594020001674,0.22182291314173172,-0.40299953025340285,0.16420566971728304,-0.3503204328556709,0.11669698861595353
0,0.0,0.0,-0.15163126500309185,-0.2582663098292674,-0.3649882241860949,-0.3879411511850352,-0.5406226388586981,-0.5018406854744859,-0.6350248561685204,-0.6317541684144583,-0.4921514377556348,-0.20472911733866905,-0.7620111354756292,-0.12624898664695494,-0.8958310513439864,-0.08114412963170614,-1.0,-0.041184345231896215,-0.48320008179714885,0.0005495745939173955,-0.7360291578078884,0.11073888127421426,-0.8742415765761403,0.17052089466829767,-0.9609373681667503,0.21676743698639014,-0.4407019098016689,0.16345310977442978,-0.5546715388158525,0.1687896947574438,-0.5090043264021765,0.09412163871082022,-0.4355909858982794,0.04321130094710754,-0.3968018433115304,0.2885827775264331,-0.4429663089006621,0.22517560875321355,-0.39866943837051133,0.16521606199648747,-0.3457607020016637,0.11629293963396375
0,0.0,0.0,-0.1520707546743677,-0.26244836789860987,-0.3620447466501243,-0.39207392662946644,-0.5392624802882062,-0.5033792363417722,-0.6351093270536653,-0.6364905328181918,-0.4858459533983584,-0.20835870395520717,-0.7601010207471962,-0.12729116038348537,-0.895472837123117,-0.08057769734127929,-1.0,-0.04186980730372775,-0.47793232694023774,0.001034699783483951,-0.738774641624282,0.1141086755983301,-0.8745920373889189,0.16982928658112426,-0.9597302232112833,0.21031126315081541,-0.4367866488796273,0.16386360191561997,-0.5682152031004857,0.1657093585724596,-0.5306381752826402,0.08932687298427774,-0.4605138768016655,0.03727428678689983,-0.39213214605849445,0.2848495981353722,-0.45061757765016347,0.21611814930472953,-0.41268059315560346,0.1554119476306198,-0.3623683663728593,0.10650642270718337
0,0.0,0.0,-0.15154251728330392,-0.25928887742896123,-0.36540259857866847,-0.3880974626778505,-0.542647008883748,-0.5013944748523207,-0.6360488253023182,-0.6357208549947504,-0.4899143119971318,-0.20777489977321564,-0.7619776028536022,-0.12478398687477654,-0.896014679926925,-0.07706280451076376,-1.0,-0.03585635060807238,-0.4815770142701143,-0.00027047032084091024,-0.7401971287872482,0.11404270886644786,-0.877178024867442,0.17405446330624322,-0.9630701827407679,0.21885817247611872,-0.4398993409640023,0.16478173896588777,-0.5616386334196535,0.1726331918573207,-0.5178534954432262,0.09902419316950245,-0.44485856455790973,0.04829518048935293,-0.39530018749603685,0.29085837362589806,-0.44597891273134854,0.22950568743988922,-0.4034006734310292,0.1691803877763042,-0.3506966263635836,0.12048971957336613
0,0.0,0.0,-0.15332821829217003,-0.25987378016852475,-0.3606030130281776,-0.3900273472307484,-0.5351607823057386,-0.5018558333236811,-0.6308822806959385,-0.6327433062789992,-0.48850353892417187,-0.20522345287645177,-0.7616435418078729,-0.12335969536614814,-0.8957816686883194,-0.0779390085260893,-1.0,-0.04139828343904907,-0.48032153665315747,0.0051315498854308,-0.7393649547254952,0.11741855242204921,-0.874738240231463,0.17253718156971587,-0.9583844404761381,0.21189550617938777,-0.43838086181121183,0.1690483826711139,-0.5594909109499558,0.1692818346409173,-0.5175761974049088,0.093640001485785,-0.4453884149509911,0.04145120454426541,-0.3929717577036155,0.29215944869388716,-0.443201674942995,0.2238313122796535,-0.40345253296385747,0.16528439402538694,-0.35297119054912934,0.11680985986091934
0,0.0,0.0,-0.15493150065081698,-0.25638443421174734,-0.36202045636000174,-0.3949435750514196,-0.5358097175151627,-0.5098769256186757,-0.6336848807188463,-0.6436654396153613,-0.49346081508397094,-0.20288549007253132,-0.7653999300587748,-0.1271793578892094,-0.8971752115592209,-0.08304426724180555,-1.0,-0.05078380220357811,-0.48480656236880404,0.007269412460745462,-0.7393466738412526,0.11301311333045591,-0.8723721472505517,0.16768433713108927,-0.9555945138989955,0.20646166222983053,-0.4439387917388645,0.17191057711699312,-0.5627457794286296,0.16791807387339638,-0.518113848372578,0.0925281855046661,-0.4458951882494746,0.04182988699827384,-0.39971100549451155,0.29617202145223837,-0.4549054400029247,0.2273521332922729,-0.4116249867773926,0.1702058970980984,-0.358183577836283,0.12556058111748739
0,0.0,0.0,-0.14824395140580263,-0.2541337629408762,-0.35959226151169343,-0.3925628160235047,-0.532909080020354,-0.5047791459487715,-0.6271117975101641,-0.6400053780264785,-0.5010787781726688,-0.19664936258884552,-0.7662365038703149,-0.13227882766954963,-0.8982569403709331,-0.08963417125048237,-1.0,-0.05932685035244714,-0.48996062063060136,0.00728095944626951,-0.7307879324383441,0.11138265649918239,-0.8659918552247964,0.16891088221447775,-0.9534717421593252,0.21449481254444508,-0.444292014146272,0.1639675398820721,-0.5397690383525471,0.1677525838125369,-0.4856625621536854,0.09341683552321337,-0.412465876699621,0.04430565751727929,-0.3949311703830971,0.2827043303028392,-0.4335066120773183,0.2240784874578156,-0.380820791545552,0.170208985508281,-0.32340599618223576,0.1252501119430659
0,0.0,0.0,-0.15656645180631396,-0.25092717872319165,-0.36323449465151597,-0.38472278595334436,-0.5298798285602697,-0.5034611819117588,-0.6218884447384362,-0.6387513429186756,-0.505528037514335,-0.192356914092818,-0.7638827981597959,-0.13793489215743457,-0.8953965633623717,-0.10465559075184137,-1.0,-0.08041547321000411,-0.4965883844028941,0.008620557519518478,-0.7380346617835553,0.09710717849626152,-0.8768227315498351,0.15097720287930522,-0.9679180535447579,0.1993111277570765,-0.4496813323903126,0.16458086704423325,-0.5518259613227477,0.1661409120560207,-0.5009253374042738,0.09564447456023831,-0.4255729935645406,0.04997001138432745,-0.39610751152615875,0.274236882792387,-0.44106276548584045,0.21103545225679013,-0.39140806752484736,0.15704977313955626,-0.33017077685543733,0.11320010677659108
0,0.0,0.0,-0.15539906946877816,-0.24037505585537058,-0.36249113669307376,-0.3661223528306011,-0.5276747441315578,-0.4895311782062266,-0.6125026385060162,-0.6307641607062923,-0.49595007838016564,-0.1853164203040862,-0.7566447404924435,-0.133572873808427,-0.8923317758660964,-0.10173111663944077,-1.0,-0.08004195545431766,-0.4859224720545437,0.013145436821084511,-0.7271702835014243,0.12318451534124644,-0.8674949683270677,0.19359634343051,-0.9600204880362387,0.2458317528624705,-0.4389538069421191,0.17088850665792069,-0.5312311244389534,0.18255638010993955,-0.4689921983153448,0.12410959677704392,-0.3914050160541614,0.08240826835220387,-0.38551628528366233,0.2871654181851857,-0.424587104660969,0.23533301648224603,-0.3645693612633552,0.1881803223627429,-0.3013121544643127,0.15003576915733077
0,0.0,0.0,-0.1521726447756815,-0.23779399862453673,-0.360574334782593,-0.36901315735714174,-0.5328282113257372,-0.485537967100241,-0.6170302041322049,-0.6266732697012121,-0.49001230847700034,-0.194027357618742,-0.7550938034410146,-0.13855787673165754,-0.8924544684218297,-0.10487422910490178,-1.0,-0.07984756263840385,-0.48075254070187395,0.0018737314068739339,-0.7330004957976918,0.13788249727729343,-0.8728277970524647,0.21642110840144296,-0.964326700463511,0.275044007033524,-0.43181831570549883,0.1611085952772467,-0.5517964162321389,0.18281195395029518,-0.4960692497682065,0.11726195012111792,-0.42116370122383545,0.07206112545125856,-0.37450132804989217,0.2838670775700098,-0.4262001620226569,0.23704830673401203,-0.37298048905909986,0.1818427825329466,-0.3163939906051183,0.1405978875483707
0,0.0,0.0,-0.1499350593187485,-0.23693950179221113,-0.3567458046767041,-0.36342441159300853,-0.528138102908725,-0.4782450974886654,-0.6154561891006189,-0.6191175326116338,-0.48091711806744913,-0.19337029044636178,-0.7542815437193523,-0.13542258209493419,-0.8902676733360045,-0.09846462642360754,-1.0,-0.06859010738460322,-0.472648985731829,0.0030723361365052578,-0.730099197725731,0.1407126339192771,-0.8703244831153326,0.2192241389739607,-0.9650625815821258,0.28001919781240275,-0.4247853653154828,0.1636339046512262,-0.558315973385245,0.17789990883205906,-0.5052305552179969,0.10874192033377325,-0.43290164136601317,0.0663675164058055,-0.3706783028426016,0.28810929174481426,-0.4376861074611633,0.23202556963712126,-0.3878478136396557,0.17929045015367098,-0.33426168503417486,0.1407249124298432
0,0.0,0.0,-0.15194551527571473,-0.2371053659962497,-0.36185326427033115,-0.3629411413086105,-0.5328672928222229,-0.47781556640265305,-0.6194161432867258,-0.6208106713878837,-0.4764345136721456,-0.1951282043308459,-0.7517368543440276,-0.13560127276603404,-0.889555516626707,-0.10177791967227899,-1.0,-0.07238226240416507,-0.46535741347516335,0.003135787854821194,-0.7279419411927914,0.1411479426391479,-0.8713884710948117,0.21775922553244126,-0.9704295084357548,0.28008264202954286,-0.41833234341187403,0.16357044111798585,-0.5664696843895433,0.17566545008256257,-0.5203908272115415,0.0991731996300147,-0.4495445843003639,0.05463709963032567,-0.36362112924297096,0.2868866676410396,-0.44268734825091416,0.22560206401215685,-0.4022778213711777,0.16193041940536299,-0.3507860114595934,0.11928467204230299
0,0.0,0.0,-0.1529561451782366,-0.23835887571275696,-0.3572775743844459,-0.36398955433553093,-0.5272310638795912,-0.4797428290017093,-0.611237875627912,-0.6275849649234534,-0.4679621128358463,-0.1902473819606044,-0.7518235813524701,-0.13698465445099395,-0.8898530369994772,-0.1037976704169513,-1.0,-0.0769752376583173,-0.45837797758280185,0.008633066021173698,-0.7246577441885343,0.1406734012831386,-0.8689506413177875,0.2087293466898867,-0.9710867911038138,0.26333517443702975,-0.4148276589444272,0.16490235946325624,-0.5709166986093127,0.16813368089615136,-0.5306106126046185,0.08775977922852725,-0.4636522869425505,0.045043993659091314,-0.36410022177083323,0.28318790626267015,-0.449174806591889,0.2124058530329752,-0.41443344812564575,0.1476702660411609,-0.36653021036538025,0.10495900777589644
0,0.0,0.0,-0.15368544516120008,-0.23894138331636863,-0.3595102979530309,-0.3676145524576933,-0.5308042762010393,-0.4847428513102164,-0.6082395280013974,-0.6392295471684729,-0.46595358906862266,-0.193042473113893,-0.7488730122547065,-0.13681905138378092,-0.8886376423647818,-0.10620617952111784,-1.0,-0.08177785740701488,-0.4568116383162346,0.010204457131838875,-0.7253391869703183,0.14375506505499608,-0.8713902715310732,0.2113590107650995,-0.9728252462572085,0.2654510923201653,-0.4135597527045958,0.1693256522941629,-0.5760031743647732,0.16642220083851586,-0.5360771784919136,0.08532187649183405,-0.4669907857834948,0.044536351089006596,-0.3625957458783128,0.28798002401420936,-0.4521391745152991,0.2122944692888034,-0.41786039755155635,0.146533133764408,-0.3685556723537372,0.10589513706432202
0,0.0,0.0,-0.15296434178244014,-0.23595995334715714,-0.3533687849291434,-0.3627885640622341,-0.5228267106289278,-0.47774953691160943,-0.6054047443557862,-0.6257510064169056,-0.4613933899255273,-0.1892495021820376,-0.7450317783812201,-0.13364712845695031,-0.8871934127713309,-0.10186660750020492,-1.0,-0.076331154861959,-0.452320083535319,0.017040039739847527,-0.7253254621748876,0.14971013152138238,-0.8751058758156101,0.21690033139582923,-0.9792351725302584,0.2703218196847213,-0.4094573726601568,0.1770276556024725,-0.5753424319325081,0.17507670955905952,-0.5341171133833286,0.09288712033253482,-0.46455081825175615,0.05099025366413443,-0.3578599275715602,0.2957208229624687,-0.4468866337893386,0.22014269080772425,-0.4113409992965204,0.1557323380375718,-0.36195752326469827,0.11722678937123673
0,0.0,0.0,-0.14923260376071604,-0.23697877919230956,-0.35187695266660207,-0.36871408559304636,-0.5219828059993628,-0.4830760592070481,-0.6053743787276139,-0.630528407568078,-0.45321137658330446,-0.2010231732088875,-0.743448374308334,-0.14099867754789255,-0.8865056150725241,-0.10926146023080929,-1.0,-0.08182870447874693,-0.44708974790113604,0.004369628712220408,-0.723344391060374,0.13850680996688236,-0.8704171693710488,0.20416916215464476,-0.9734736229030347,0.25861525201965074,-0.40907753861561785,0.16310014001953707,-0.5750344169100091,0.16602122881067344,-0.5365585245896553,0.08410971795691358,-0.4673552607445355,0.042061392025795084,-0.36275676305143617,0.28441343932767105,-0.44738030518150684,0.20841008983430068,-0.41634833032459284,0.13983497849075827,-0.3692920969563022,0.09658979828726365
0,0.0,0.0,-0.15173052868219628,-0.23089194989435508,-0.36057021991190374,-0.364298930402614,-0.5302554700832253,-0.4882854425283754,-0.6146244533864461,-0.6374162989813197,-0.46180903607653484,-0.1945016948464326,-0.7448926205176238,-0.13916560737086192,-0.8867573173586853,-0.10145521382199352,-1.0,-0.06860772518689877,-0.45132978213444785,0.01114343200883895,-0.723293459554021,0.1433554720651249,-0.8711396261170542,0.21069043098582427,-0.9743732323026435,0.2650505537475869,-0.4100974079492221,0.17056743719593753,-0.5775276430685801,0.1724139875707502,-0.5354615820038359,0.09297928979352311,-0.4626891284104988,0.05152423387897877,-0.3625350397435325,0.2909684834455792,-0.4510126781957366,0.21709953986091576,-0.4161027249186172,0.1535329294232656,-0.36721909030163064,0.11310411079817866
0,0.0,0.0,-0.15371641776345055,-0.23552034595493862,-0.36257037260324665,-0.3674000050697175,-0.5319506028685237,-0.48415543753841644,-0.6163142540273981,-0.624231893399018,-0.47010650766052076,-0.19740365881834573,-0.7478634127691329,-0.13548577823150493,-0.8888942348754908,-0.09601592860029459,-1.0,-0.061759815191037126,-0.4620182093273437,0.006702198820434966,-0.7295940238040997,0.1404515180816964,-0.8763629911268642,0.20966607837492626,-0.9771652819933483,0.2645430255137569,-0.42158301444433555,0.1677529155315639,-0.5704890130018879,0.17169873801169233,-0.523222777433428,0.09603207419741448,-0.4500661081474074,0.05335070384308804,-0.3716469429361317,0.29256645406682563,-0.44372557070245777,0.223963488992497,-0.4022454327738507,0.16470204349979067,-0.34979920528141856,0.12695702800889752
0,0.0,0.0,-0.15353821329030365,-0.2324230273988232,-0.3614835460368686,-0.35895196648900624,-0.5321959806366436,-0.47617427020683584,-0.6164645575603475,-0.6201176796570664,-0.4719454631395368,-0.18607712744283084,-0.7472200218408228,-0.12474940100728571,-0.8886655909246491,-0.0872648444248855,-1.0,-0.05197382361090737,-0.46038009551285186,0.014193111991263671,-0.7247257672811436,0.1447850960833211,-0.8737703127801412,0.21543640897755612,-0.9737579254478184,0.2724068912685606,-0.4175222075530129,0.1740561993708539,-0.562525385881701,0.177237135918374,-0.5170837611852721,0.10132039183088032,-0.44613613026257887,0.05653366583541147,-0.36961289586491286,0.29784313725490197,-0.44092742001206137,0.22710804687627337,-0.39672648444248854,0.1694927713396248,-0.3440666308085994,0.13118967287663194
0,0.0,0.0,-0.1571893973484383,-0.2405853464965286,-0.3602783359417073,-0.37188695099300634,-0.5264456021101747,-0.4933056588932335,-0.6055650556125036,-0.64229285351461,-0.46682481832453604,-0.19565920991763944,-0.7481532149696332,-0.1305413946046266,-0.8888911662518553,-0.0966256172925322,-1.0,-0.06349625821331187,-0.4587676014840305,0.010460992118429446,-0.7244457544881574,0.13295054595250394,-0.8735171182047421,0.19736090406008364,-0.9716832315422088,0.24873026047814933,-0.42036465378487503,0.1711006503616625,-0.5608331295606819,0.15899054878502078,-0.5196573057808628,0.07980423041264613,-0.4483576820301586,0.03527373898189163,-0.3782263454812074,0.28963543273625075,-0.4399375804677971,0.20356505678851894,-0.3999112276448941,0.14199813567974146,-0.34786415040832513,0.10281431381985143
0,0.0,0.0,-0.16051280525268297,-0.24179688388888987,-0.3629404732105817,-0.36647843735832475,-0.5249906789733393,-0.48342485151998377,-0.6095757138681123,-0.6253780485883678,-0.4925951663693857,-0.18867665927402769,-0.7587464488201243,-0.1195155166649454,-0.8931738577147468,-0.0799894624261976,-1.0,-0.043807424963547344,-0.48111183656608125,0.012269096726875539,-0.729609182042714,0.14149476009515324,-0.8724141371529996,0.21053004696397096,-0.9657964707879899,0.26207716234690326,-0.43582407503032616,0.17136440575610593,-0.5633460472720462,0.1711634566742927,-0.5223594362923144,0.09447477546390706,-0.4516741964224762,0.04840264734661441,-0.3886453266210272,0.289086609404347,-0.447220583627551,0.21052549585236194,-0.4078518928248225,0.14896155886075174,-0.3575510818517423,0.10321325983871561
0,0.0,0.0,-0.1651983257080766,-0.24680650841694407,-0.3571691800529632,-0.37110658030171473,-0.5219540812317264,-0.47354218497960554,-0.6140712986988354,-0.603858590230097,-0.4904639451616362,-0.18415062743365948,-0.7609431692241826,-0.10442840381357031,-0.8943276451331068,-0.049812042808793866,-1.0,-0.009673669463992,-0.4773042320658723,0.008378620996933768,-0.7188713200668447,0.1536367616472103,-0.8463433026194005,0.23014642892949758,-0.9258824271736046,0.2813274566146183,-0.42497970619761305,0.16016155298976,-0.5325709237909171,0.19525541158386112,-0.48441799852204603,0.12940245832754294,-0.4161878542221754,0.08023571391796774,-0.3732611879142229,0.2779780598544266,-0.41970583373753195,0.237845880135532,-0.3717648466051769,0.18801777260954106,-0.3187940545836509,0.13500401230828307
0,0.0,0.0,-0.1609682847089983,-0.23963283533478888,-0.3500034592797218,-0.3582790311177309,-0.515933400018499,-0.4655885368475801,-0.6122939940652957,-0.5914993259966937,-0.5016305232857203,-0.17108654545731944,-0.7663806960113181,-0.09474209612856273,-0.896405961997084,-0.04045333622365954,-1.0,0.0008026800359087009,-0.48372151961231485,0.017675277147637926,-0.7210069184534933,0.16338861506014643,-0.8491208396863826,0.24692539959978305,-0.9303067973204303,0.3039805237783895,-0.42443063063463954,0.17174004736617435,-0.5234688025414528,0.21838046164909003,-0.4637081296040073,0.15980516149962584,-0.38912711830556534,0.10895639834840319,-0.36494585247194405,0.29241815942797816,-0.40519703538138585,0.27129546900045676,-0.3459805235664888,0.22788993154652265,-0.2874957050367007,0.1771979749493054
0,0.0,0.0,-0.16339264962631286,-0.25079611607708363,-0.3442940149474855,-0.370567662982117,-0.5083409612874444,-0.4739546949093733,-0.6107051313825598,-0.6048572168156459,-0.5088870897565113,-0.19403907054618355,-0.7766234324141236,-0.10819886654660212,-0.899640797713266,-0.056018373180443795,-1.0,-0.016813442823389455,-0.494464804013901,-0.006937087278114656,-0.7241791274942309,0.14107143840633588,-0.8478922062686912,0.22257103360155092,-0.9217262858747914,0.2823794810788185,-0.4348392071333763,0.1499500465387814,-0.5320930335024151,0.19578760691527738,-0.469970094013846,0.13891181864745633,-0.398283627711779,0.09224702454714186,-0.38024993253253586,0.27469380786367714,-0.4245004378500735,0.25316414145586524,-0.37135634386927285,0.2136532117266714,-0.31786020741426124,0.16585430332270376
0,0.0,0.0,-0.15315592114370552,-0.24722254169570929,-0.34629305614156386,-0.3689871268940957,-0.515059906526661,-0.46761571836071764,-0.6134678679459011,-0.59805525164144,-0.5126600437879384,-0.18300008473873128,-0.7756236610424234,-0.10767121946767946,-0.8986603215365309,-0.050140581223731134,-1.0,-0.00833002719704495,-0.4973966869697131,0.0024654883011386917,-0.7282857553529855,0.1462957297755882,-0.849132245562016,0.22974559267450792,-0.9228718453190027,0.2937899546708552,-0.438759694547256,0.15420570918087256,-0.5313840994565342,0.20149522430408456,-0.46630143942047986,0.1430820658706087,-0.3952590060864947,0.09776684165711837,-0.38737642590592275,0.2781560454345434,-0.43260503321548355,0.2537559310206841,-0.37038735985379423,0.21226356153904538,-0.31181135280247113,0.16257153213923534
0,0.0,0.0,-0.15323328120802623,-0.2533105351828033,-0.3412695447663879,-0.37796673942861414,-0.5084045386376616,-0.4779374745377659,-0.6075767158210091,-0.6062560153138103,-0.5102878544476408,-0.18420825572355443,-0.7760811108916985,-0.11324334157019927,-0.899986346015972,-0.059369924231507526,-1.0,-0.01944158318611937,-0.4964248354850589,0.002496188448106855,-0.7305648657639916,0.14180240594762208,-0.8513573705717951,0.2210464377778608,-0.9228372000348688,0.2816690149740174,-0.43772560206508726,0.15162393458896617,-0.5248444691135318,0.19321187958876157,-0.45759970966381847,0.13541016212215823,-0.3872943674424976,0.09157197828883112,-0.3844036811496743,0.2734568329517334,-0.42391662085688314,0.24802439749015756,-0.36232269834746766,0.2074711754167801,-0.3043668732109723,0.15956792923767182
0,0.0,0.0,-0.15675682405987915,-0.25838207107635974,-0.3444084734182392,-0.3851185617412484,-0.5078626311864048,-0.49013588612580905,-0.6047282013879923,-0.6209321011328125,-0.5109875151586262,-0.1904869055605952,-0.7761027027700058,-0.11985541943249783,-0.8999705100152093,-0.06930471724219624,-1.0,-0.03372043471984122,-0.49985355962288264,0.003102225254352521,-0.7346595712723801,0.1353530850797839,-0.8551932940066233,0.20985315468242965,-0.9254852358823007,0.26607212583978873,-0.4422918911739919,0.1547525370753271,-0.5277668565998171,0.1812932990431403,-0.4589749891501758,0.12367397425274185,-0.388216748808258,0.08164766119967143,-0.3878883095710312,0.2764872840284867,-0.421354787175749,0.23877824193251493,-0.3589970982258785,0.19937562893365718,-0.3003484843505097,0.154724718451409
0,0.0,0.0,-0.1560863386661099,-0.2620969068832677,-0.34269289961316807,-0.3897890658070252,-0.5071663806298994,-0.4990159893448543,-0.6029481347823367,-0.63007747083374,-0.5091816847668547,-0.19896815619550473,-0.7745360527060883,-0.13313159327290042,-0.8992827498434107,-0.08248730579645899,-1.0,-0.046292695072826226,-0.49895084910859516,-0.004693690954727873,-0.73378858871095,0.12369749009054155,-0.8539704153262846,0.19876330138354492,-0.9246254464492787,0.2548737531681459,-0.4428329848143509,0.14962105790663766,-0.5256623891619225,0.1730964759469116,-0.4581263399374676,0.11886385993860869,-0.38763584406640395,0.07904138729835025,-0.3909824798595936,0.2737442057479071,-0.42349217480449786,0.23613066098134664,-0.36070664577536926,0.19748453115932663,-0.30184053737550215,0.15308809082615452
0,0.0,0.0,-0.15160358874796717,-0.260661914138408,-0.342716705182832,-0.3857950809418215,-0.5090615752614477,-0.49548512783345344,-0.6066928199664952,-0.623785583305101,-0.5096866189455015,-0.20012349509825964,-0.7755572304510242,-0.1328371418408427,-0.900608037509744,-0.08331645329556954,-1.0,-0.047340158656031424,-0.5025108592436348,-0.00478888526308151,-0.7385721402359406,0.12139292142479687,-0.8597226568986526,0.19430400005698403,-0.930306738852386,0.24825185877040018,-0.45006884829468585,0.1507145486930844,-0.5294444991036144,0.16850803764330038,-0.46391730547407384,0.11412211412567563,-0.3946084639996652,0.0757936696964665,-0.3986926169608542,0.27283891368832314,-0.427993542996016,0.23105759261130696,-0.36756219162396947,0.19175596763128477,-0.3116851115395796,0.15050108113859453
0,0.0,0.0,-0.15102540483318427,-0.2583191411877487,-0.33850521003482875,-0.38600694611804653,-0.5035123328852543,-0.4955500036596099,-0.6020243444389104,-0.6215307344747746,-0.5043288275502572,-0.1982649432581953,-0.7731504911910513,-0.12708687021238232,-0.8989154389121854,-0.07837701657892529,-1.0,-0.04265766224121649,-0.4959795615251826,-0.0059743131090795815,-0.7347156617020935,0.1205729877947548,-0.8598668437560808,0.19332089958566076,-0.9331163898751984,0.24866223407578783,-0.4430346020575933,0.1493102974280976,-0.523373080266848,0.17330082528665455,-0.4573492553140213,0.11790816699960191,-0.3873661341488015,0.07855441839873324,-0.3922532753508316,0.27144442123716234,-0.42494117846578444,0.23409475533276564,-0.36370273970890926,0.19391692507082683,-0.3070296642620352,0.1525566391571115
0,0.0,0.0,-0.15653218912608435,-0.26184930837174714,-0.3440230509861118,-0.38896610523728664,-0.5090226518231878,-0.49775504492601136,-0.605199949230064,-0.6315566995236058,-0.5043297964807285,-0.19889324230624678,-0.7751116086445234,-0.12638709116073887,-0.8994145311450236,-0.07576605644074046,-1.0,-0.03945837627698498,-0.49561772929218995,-0.003974810577010189,-0.7350985528774265,0.12417083993746149,-0.856603859053329,0.19710418511113323,-0.9268834435292101,0.2514434897424099,-0.44183747700328213,0.15194203974945125,-0.5289218205776112,0.17157412814295953,-0.46295252293392825,0.11518451642533008,-0.39240294286229416,0.07538012419797405,-0.3929510070118125,0.2757791974223942,-0.426327530670513,0.23037374207616745,-0.36577586059974904,0.1907339484927339,-0.30806564750056736,0.14682019638815857
0,0.0,0.0,-0.15478707010945075,-0.26016988022780735,-0.340831165849181,-0.38667932139308253,-0.5061717427687211,-0.4952620013230617,-0.6055681167771911,-0.624113272805398,-0.5013797404369225,-0.202173410249994,-0.7727191815520394,-0.12561996920286927,-0.8988681525009711,-0.07505872688473592,-1.0,-0.03936727111005098,-0.49536766791709186,-0.003905651323646857,-0.7397901046801496,0.12639730973743302,-0.859971588170023,0.19705838915290055,-0.9285040653215726,0.24717088283436148,-0.4447112364942098,0.1533706027287172,-0.5369158172748162,0.16933183155986967,-0.4710737141529145,0.11436380183500963,-0.4006674383597602,0.07555696493886552,-0.3954853167462046,0.27493377725192175,-0.4344067372485333,0.2285077993204122,-0.3729553709114803,0.19126032492477665,-0.31536752301564436,0.15027216393035145
0,0.0,0.0,-0.15311067373310638,-0.26343498228126305,-0.34095056471264423,-0.39147825179309675,-0.5095790486826807,-0.5039445776812231,-0.607146672974228,-0.6357896311846187,-0.5053384680824186,-0.1995384459969945,-0.7732697156647254,-0.1279608411545077,-0.8997129118869979,-0.0769213366922889,-1.0,-0.03893395943046485,-0.4967616631085839,-0.0003724955386771548,-0.7411245602234346,0.12584234277518808,-0.8635239511495508,0.19712002487186087,-0.9340279714358863,0.24788917328165433,-0.4427652653173951,0.15838586461187107,-0.5286950359089732,0.1757520411657968,-0.46271695961212084,0.1207010979770782,-0.3906132020213763,0.08035824080862218,-0.3890096568852429,0.2814780569217085,-0.4224256201669936,0.24057096868775174,-0.361213157268154,0.20088081867486113,-0.3042836090987467,0.15848016444457286
0,0.0,0.0,-0.15568372334489833,-0.25929558412087167,-0.34338657329046307,-0.3870415987062204,-0.5083655462503451,-0.4946987506874096,-0.607061062488822,-0.6263326157067016,-0.5054036081143101,-0.2026574931771949,-0.7755886969122431,-0.12630585523566387,-0.8996795656597147,-0.07427279534974375,-1.0,-0.037572593352788196,-0.4974142694859715,-0.007148613829900634,-0.738254383253654,0.12287315581328863,-0.8609983082922226,0.19484388164200467,-0.9316649071656959,0.2480546252575138,-0.44463593048164834,0.15077852900366753,-0.5358525640768329,0.16766037215787072,-0.47059693244720496,0.11276327285912886,-0.4009927242739327,0.07488761717183746,-0.3961557691338483,0.27475243219231144,-0.4361049153187194,0.2283138717807711,-0.37775683027572654,0.19053700683239427,-0.3217585375937787,0.14853421749929643
0,0.0,0.0,-0.15422205876960923,-0.2608155569357672,-0.3421061461762644,-0.3884922940858178,-0.5077543573886445,-0.4979706074178104,-0.6063298382374672,-0.6270784191070673,-0.5051359798582925,-0.20433633362702952,-0.7748165324663925,-0.12993534609671087,-0.8996073433678917,-0.07893642718019428,-1.0,-0.040865844539528434,-0.49805104980650494,-0.011840364079584633,-0.7422018103981787,0.1235570646527922,-0.8649970056320783,0.19573010911943362,-0.9354023174963306,0.2472267930930654,-0.4450570707637472,0.14393832157622638,-0.5293591385997913,0.17477597794723024,-0.4641512494680691,0.1221684334733668,-0.39435258876717594,0.08139258663389713,-0.3942163700260993,0.26805826073333683,-0.4236587287213771,0.23294138038694567,-0.3646877913119998,0.19446169708996325,-0.3102607377811456,0.14910285626034
0,0.0,0.0,-0.15292743784491286,-0.26088240630651954,-0.34029790396404325,-0.3893900467157853,-0.5075844608827184,-0.5036930390849609,-0.6034154593183927,-0.6369313270376914,-0.5013695094240704,-0.20192172665180358,-0.771560300097319,-0.12625231873726953,-0.8990443748693238,-0.07453372260925427,-1.0,-0.037696727666007325,-0.4940416086564408,-0.0037821998547571062,-0.7399136879167988,0.1264150371421477,-0.8616695175822809,0.19750603952764406,-0.932778575023661,0.24637750937414044,-0.44214313067536165,0.15472959990441965,-0.5307664839316689,0.17153083246290132,-0.46516265822135855,0.11797062063474444,-0.39250042017012765,0.079181673538733,-0.390087729739441,0.27705148900714577,-0.42434240588746397,0.23255959617304145,-0.3633836333816139,0.19292005533317375,-0.3057082062235109,0.15113708958740407
0,0.0,0.0,-0.15893671000352108,-0.2628828997702243,-0.34668104891219814,-0.38997721143424097,-0.5101120994643014,-0.4988967052138864,-0.6085290851897893,-0.6292786096451101,-0.5088479828000084,-0.20352055935105565,-0.7772734282121265,-0.12661957303987148,-0.9009188249207314,-0.07383819951541083,-1.0,-0.037654889035127655,-0.49991733766579577,-0.0062071797156971606,-0.7384280236764493,0.12426744884024245,-0.8609143688261048,0.1944322609688248,-0.9309124109462052,0.24471008312595482,-0.44463730469425333,0.15239154307063388,-0.5323249751540482,0.1700529316888921,-0.46609771410572975,0.11435886437629184,-0.3959015492155528,0.07480657736466252,-0.3915163874325235,0.27744258859073007,-0.4262552472793419,0.2340970621461766,-0.3675121794916694,0.19661717043994928,-0.3123817948077381,0.15433296832937476
0,0.0,0.0,-0.1559551337359793,-0.255951237162181,-0.34644638036126807,-0.3822866208355368,-0.5144432631022294,-0.49549099613125885,-0.6125619972723984,-0.6213656934509727,-0.5066995463274792,-0.1928265189679646,-0.7716459684377522,-0.12121595368643714,-0.8992825850983885,-0.07113429263269225,-1.0,-0.03292337665952295,-0.49691536085056637,0.00248423279245178,-0.7371779899245735,0.13122948036405133,-0.8630089342870662,0.20566049709148598,-0.9389749784296808,0.2577986584653066,-0.4445783628823513,0.16065039383228033,-0.529679311976398,0.18783400595619137,-0.46557265718500374,0.13311586740516018,-0.39159408834089454,0.09057819588633137,-0.39169896184140945,0.28301617078126307,-0.42284594617161625,0.24371644075816193,-0.3591017840741462,0.20180890088786219,-0.2989560522140889,0.15747902808316402
0,0.0,0.0,-0.15160476411294171,-0.26660216022688593,-0.3409820063024357,-0.40565472317278634,-0.5076684608937573,-0.5275668467916459,-0.6049052253508114,-0.6695454622265343,-0.48681367082973875,-0.21885700704311126,-0.7669081963924821,-0.14325477198056205,-0.897578067751952,-0.0979221362355818,-1.0,-0.06167226763691141,-0.482913657420768,-0.009103615791510037,-0.7443145195890578,0.10202054096308891,-0.8769585381895607,0.1589226385782014,-0.9549280820497335,0.19932994648920885,-0.4404225822868594,0.15726528101449946,-0.5589188199842384,0.1462152795989862,-0.5072914296047689,0.07652879274712941,-0.43307134998927943,0.03211525306634193,-0.3980175352468293,0.2833499866458941,-0.4487534814494242,0.20727481652643576,-0.3996191501170487,0.15273849149298466,-0.34571772119479854,0.10776774433679472
0,0.0,0.0,-0.15040543370038018,-0.2618414746852628,-0.345010946826419,-0.40069124068582135,-0.5130145233112311,-0.5228647252763227,-0.6119492896352401,-0.6622264638793565,-0.49162596351324167,-0.2109225038367431,-0.7657805235369252,-0.13198174341650834,-0.8974155148115316,-0.0837828628100949,-1.0,-0.0454370691465936,-0.48288803145868586,-0.006790572025635025,-0.7422617405004616,0.11170345623671732,-0.874446098128526,0.1767501634728298,-0.9519133006465347,0.2232338138041972,-0.4337235709678468,0.15752289590522892,-0.5428600627083218,0.169562352193432,-0.48250610477950945,0.11065931618702246,-0.4057199789485388,0.0668203028316834,-0.38145154552145477,0.2817231883754035,-0.42751376716964035,0.23257870080793805,-0.37210909965279293,0.18687976444378016,-0.31576992124343434,0.14696498668860136
0,0.0,0.0,-0.14957807215706065,-0.2605165713898837,-0.34529611226851764,-0.39961996929510474,-0.512439246365973,-0.5255844247097016,-0.6093653382555001,-0.6645379394313815,-0.48847642184967205,-0.21209895808916535,-0.7629804571704348,-0.13238537973060446,-0.8954179508162676,-0.08365419210235886,-1.0,-0.04166507522498902,-0.48140451901139014,-0.01015174614465598,-0.7413934926868476,0.11072982086287059,-0.8754008623516716,0.17784452615144192,-0.9545549956031668,0.22754093475660742,-0.43399867287683397,0.15488478314876508,-0.5503106958131926,0.16688902308345788,-0.4922642571924163,0.10567343483149333,-0.41504435194843126,0.062088607686557516,-0.3847046995059311,0.2812804032637119,-0.43692618320023313,0.22675967144626247,-0.3832399421535541,0.1782754681427525,-0.32724309482271635,0.13708832651639521
0,0.0,0.0,-0.15329321474725247,-0.2578145634714699,-0.3488932216489942,-0.39382555139828845,-0.5173401837544502,-0.5155010465429574,-0.616122247543356,-0.652134518486271,-0.4889879613272403,-0.20807623239226314,-0.7670786033175256,-0.12403867806869799,-0.8976534741642588,-0.07422004787862137,-1.0,-0.03283857578134574,-0.48054859113772114,-0.003571872570841291,-0.7433054210969434,0.12177216377125327,-0.8750628788492142,0.18707436494021365,-0.9510122333372709,0.23333196183336807,-0.43382755998210853,0.16259751475357906,-0.5510346197560588,0.1685159795230631,-0.4938614316070573,0.10526461322152511,-0.4174646805577492,0.06227870737455531,-0.38642719392434366,0.2900529974131741,-0.43964603797993096,0.22848857606891831,-0.3864939992452326,0.18029318245064038,-0.3303403664736391,0.14000183161608265
0,0.0,0.0,-0.1534284252228239,-0.2580011853853797,-0.34917032979067264,-0.39645012697871196,-0.5182184971888579,-0.5171724908291924,-0.6192003670756666,-0.655194003427839,-0.4899338480622666,-0.20482123092028426,-0.7664523105833587,-0.12152766485496064,-0.897305206204623,-0.07176470874541405,-1.0,-0.029656094436144385,-0.48105739561672894,-0.001268127845516719,-0.7433173843911869,0.12513603281734334,-0.8730768184150216,0.18996674593571883,-0.9481680397712503,0.2362005367640926,-0.43287893560445917,0.1632820794641828,-0.5530694468135191,0.16905834427901115,-0.4950793675024319,0.10644663365375022,-0.41840586241432337,0.06359820435574924,-0.3834082329638462,0.28774134970660714,-0.43725698548843167,0.22835128557234669,-0.3860345319265344,0.17790979699556356,-0.33221254902325176,0.13792372604810257
0,0.0,0.0,-0.15375995858532693,-0.260571532247529,-0.3462144234051458,-0.3956030623613328,-0.5157111592714904,-0.5156867611671787,-0.6169595215487385,-0.6532734382052577,-0.4890821810219567,-0.20795236247953056,-0.7662011730164952,-0.12225135947346229,-0.8968137628375616,-0.06991676032211708,-1.0,-0.025340758341878215,-0.4802363156023437,-0.0040937801025474506,-0.7413858611211106,0.12401401160950523,-0.872889314450975,0.1939307719316223,-0.949671812226866,0.2444044611268331,-0.42999684820852485,0.16116145622968997,-0.5496014569660691,0.17343458990224567,-0.493293737428045,0.10900540684171642,-0.4167770680886769,0.06293180485863849,-0.37909796659544637,0.28753786973940826,-0.43009776763999574,0.23198915304642492,-0.3779709959771962,0.17936732166704705,-0.32364351530548535,0.1345278201602423
1,0.0,0.0,-0.12126566293725492,0.10558049607788497,-0.14520552802089814,0.3090691390798268,-0.085228268433282,0.498283608271557,-0.023798884897175205,0.625625713440674,-0.16746105825249452,0.3115138700469586,-0.23993566482703405,0.5906756601561896,-0.2707703859486758,0.7253977837942716,-0.289159051085628,0.8365203006913985,-0.06248449270501108,0.33876480756169514,-0.0588805290316532,0.6827655716014334,-0.05430666091441347,0.8600753431189372,-0.04368185592707821,1.0,0.025227185156103674,0.34668085904580936,-0.0021971047350353773,0.5917215201279696,-0.03493015349673254,0.5265703157248474,-0.03982185766060197,0.4546620122651361,0.08265755219017135,0.33976680391681074,0.028632431230642814,0.48576103620156774,-0.0022486760159700003,0.4439902605954283,-0.006571834835405282,0.39413036140747276
1,0.0,0.0,-0.1218047616295933,0.10649457462367956,-0.1448542657691041,0.31023413187527105,-0.08502028379927258,0.4973664161323387,-0.025386867677593343,0.6237157474205549,-0.16874796979674686,0.3114523940829989,-0.24075826233115302,0.5894999150049622,-0.27185620747092354,0.7233823873451085,-0.29055399372888097,0.8329515101907087,-0.06380897267086948,0.3396526536124013,-0.059757402282355196,0.6832927806954109,-0.056069094513920954,0.8601622647839471,-0.045888764778056354,1.0,0.023715719369387312,0.3489290344732019,-0.0036446882028570676,0.5920148424337867,-0.03740875656467449,0.5264477628352325,-0.042580550330246394,0.45496932043802457,0.0808811937679282,0.34261177127975595,0.02756518109553274,0.4887004286779429,-0.004005566473693335,0.44744796087647554,-0.00839837931574226,0.3974799953098448
1,0.0,0.0,-0.12358899025553106,0.10156375368849906,-0.1536492305833445,0.30222453525838355,-0.09998427443069278,0.489427613750091,-0.03887648813425734,0.6142279413229993,-0.17267150572291157,0.3135054111970668,-0.2426270049489045,0.5875606201817719,-0.27341807520290284,0.722831142276966,-0.2923220414795628,0.8329392151857117,-0.06681737761413117,0.34197687257513154,-0.06060322556668512,0.6814073776204242,-0.05668896425135487,0.8609557608060497,-0.04588957461880528,1.0,0.021459913188424554,0.3497434438745062,-0.0038229425358050377,0.5937979864978262,-0.038333749721795866,0.5353286556582088,-0.04378882315475058,0.4646386905362489,0.07927742652212008,0.3414379099774437,0.027231315992414528,0.48764584871191224,-0.00343780942889473,0.4493237061244205,-0.007780975333511076,0.3980702370071941
1,0.0,0.0,-0.1197274240206735,0.10379145521608214,-0.14231014182412477,0.3080188158033443,-0.08556242856685226,0.4948686674368993,-0.02595294412172667,0.6224121602484614,-0.17033839572880757,0.31318916802882685,-0.2407213994694737,0.5904587964360443,-0.27286428735631696,0.7260145147499263,-0.29333288739433466,0.836674136144894,-0.06519218912442276,0.34051408017108253,-0.05942701636751357,0.6819841067905361,-0.055726569398339386,0.8612713410387641,-0.04588415944238433,1.0,0.022918159891992446,0.3481946738231409,-0.0006896531286078194,0.5881639040322341,-0.03412463515204474,0.5264101021553107,-0.03941056460534187,0.45472964172047214,0.08080640447429226,0.34205327531610513,0.02933488339471345,0.4873608045868495,-0.0007765830093572397,0.44590287194593525,-0.004088103434139538,0.39356755573637725
1,0.0,0.0,-0.12203906104461337,0.10329766213738019,-0.1488123270093548,0.306327980540217,-0.09262829103209168,0.4927371055122806,-0.02934313086399712,0.6165784680352885,-0.17041317092046454,0.3089929629920854,-0.23973582966884155,0.5867662314932949,-0.27139405130598515,0.7223066302429851,-0.2914420130988848,0.8336619468632486,-0.06366168476154804,0.3367461511210766,-0.05678362884595494,0.6803537302004007,-0.053796514949238226,0.8603272720201361,-0.04384693711616545,1.0,0.025197132889225957,0.34565690436472607,0.0003155084448886082,0.5908320488940858,-0.0357716682716873,0.5290570736316953,-0.04209522408427162,0.45777316140589097,0.08310033055815544,0.3401224719515952,0.03041887515532344,0.4884585066234227,0.00014147855233057733,0.4462085579869011,-0.003445510042863492,0.39384007456088804
1,0.0,0.0,-0.12099297245604582,0.10021699397656234,-0.14744648584329434,0.30573998800352764,-0.09267186654986918,0.49359836355523373,-0.03149126937911373,0.6179907835975171,-0.1706245118976783,0.3080822438161235,-0.24252470610442833,0.5833241269079096,-0.27673858314418687,0.7182013536657327,-0.2985519169330765,0.8294868829085988,-0.06468000359456498,0.33874631145889006,-0.060765231492596515,0.6812000651426662,-0.05729985060530512,0.8604663573919525,-0.04581023167648972,1.0,0.023079761434398025,0.3485229352234966,-0.00265780383798169,0.5908876789508501,-0.037460845043259375,0.5268687025844089,-0.04252147297253511,0.4545820855832602,0.0797211261379583,0.34302209309146775,0.028265337910638635,0.4889586075112713,-0.0013589036887422983,0.4468252515507209,-0.004241191356864274,0.3947178954767991
1,0.0,0.0,-0.1313227213948085,0.09292180506391061,-0.17114173147669035,0.2907914728161331,-0.12135915086022762,0.4777009559369904,-0.0611421820165206,0.6003727413834972,-0.18221815681228004,0.31160955461460244,-0.26433178981195926,0.5832946399826182,-0.31063914465691533,0.7120360751740344,-0.34282268273120814,0.8183300594819677,-0.07307156278986544,0.3452975101569599,-0.06489587139151333,0.6827324219671798,-0.05846164852880895,0.8601707153251588,-0.04548852904885901,1.0,0.01774055917348004,0.3552610806915408,-0.012989827296159108,0.5880249511956834,-0.04855948278884298,0.5214785760456612,-0.05338361481600589,0.44778668202833743,0.07592988457826437,0.350023394512739,0.01655301900599775,0.48836325591354945,-0.010807243852219794,0.4398364747478851,-0.011512399377355383,0.38505183100172424
1,0.0,0.0,-0.13459477569163508,0.08454896919234928,-0.1859063768242788,0.27054631334802104,-0.1513261645145623,0.45388379569081727,-0.09186523921610265,0.5742121963660416,-0.1807744706067191,0.3092689827944045,-0.27388312132731957,0.5741364380837459,-0.32457775160035784,0.7023175864673898,-0.36129340049228537,0.8063044378140005,-0.07194683719932535,0.34422468643890874,-0.0625902588910164,0.6772097421133547,-0.05396715849766161,0.8591705185496593,-0.039464756257053014,1.0,0.017240318041304048,0.35573721919755047,-0.013893179387147063,0.5872496515190755,-0.05171679315764968,0.5311093207796503,-0.058410640021177886,0.45735891992794353,0.07374480506949173,0.35396048660348217,0.01190108091859787,0.49259828668627104,-0.018101638057632253,0.44589847098838015,-0.022598207771393646,0.3872904002921285
1,0.0,0.0,-0.13078589673023755,0.09227728478180974,-0.16752392175944059,0.2874595456691795,-0.12294550664322372,0.4712188321200629,-0.06112881602172671,0.5948005940107748,-0.17878700561169938,0.31099466322039193,-0.27269856771395,0.5683868707974802,-0.3287891048945499,0.6872310114114715,-0.37055160526120545,0.7837721409636801,-0.07242065717330702,0.346426675500909,-0.06235660891625817,0.678794482509523,-0.0521388528943359,0.8597463376141449,-0.03535019776394743,1.0,0.01755000462992519,0.3567573039226682,-0.01150133807713743,0.595299820726996,-0.0487690725598425,0.5310550075372882,-0.05423827953130203,0.4523997678710799,0.07487523645689367,0.3537316046745565,0.0135287276793032,0.49915597326491395,-0.01647606328676376,0.4505426214808974,-0.020705543084473418,0.3915618319319901
1,0.0,0.0,-0.1250361711868037,0.09537701746273884,-0.1558918254480744,0.29328753156057097,-0.10530897617859249,0.47840811485601753,-0.04604618979855608,0.6041761024984911,-0.1769054737317202,0.31543713802810114,-0.2686815123594632,0.5755309614599143,-0.3205023236356056,0.6977537782660699,-0.35865462265974035,0.7977846663434872,-0.0711485989107828,0.3495353948243748,-0.06585616428038454,0.6808489759519173,-0.05937770207911336,0.8598860569956044,-0.046310883262722105,1.0,0.01890140878613012,0.35863080742123005,-0.008963424528002775,0.5941011088862832,-0.042155124142669344,0.5259031606408135,-0.04585394630696666,0.4491591284024408,0.07577277220996949,0.3522404329093886,0.01866813422096266,0.49408901476214817,-0.0071295076974150565,0.44297247460556727,-0.00798958212433936,0.3843067907717959
1,0.0,0.0,-0.1292653861616755,0.09333937890222986,-0.16762179294321036,0.2929735560725673,-0.12369014578283682,0.481013505034033,-0.06399388149554365,0.6070245026676445,-0.18022352776553566,0.31957271212250343,-0.26901530715817534,0.5816051129751856,-0.32051454786580136,0.7064276843563544,-0.35824715354664916,0.8067515572114878,-0.07331178414692205,0.35055651732509413,-0.06189818691387395,0.6809691808049676,-0.052437107332398016,0.861167017548772,-0.03491380986955239,1.0,0.016383510953792892,0.35600532323743533,-0.008486697066265732,0.590295606236308,-0.04676819575634837,0.5322181649812466,-0.053848525880204355,0.45793921489825234,0.07429713586242198,0.3474196147053965,0.0190335831448423,0.493437712009564,-0.01006193196050424,0.44873937548157133,-0.013916306878099926,0.3905360770863437
1,0.0,0.0,-0.12658511733519726,0.09428132395538008,-0.16112174752170988,0.2942020540445957,-0.11222172263751057,0.4831552526862504,-0.051959483913448797,0.6112213894226424,-0.18105404191374788,0.31950289879538873,-0.2688095154046821,0.5810901250900358,-0.31945411619667086,0.7068600728781581,-0.35579751466794163,0.8090343198266906,-0.07410141982007266,0.35164925413001236,-0.06245462874014118,0.6832439311873967,-0.05335743517477616,0.861269392804516,-0.03672104682092937,1.0,0.015664650585032382,0.35791850667549635,-0.006623850573608701,0.5952998509774967,-0.04508758868484361,0.5380231362890853,-0.05229074167888829,0.46490331223697356,0.07358793404099753,0.3505500872251711,0.016707133994780913,0.4960148676023599,-0.015203499183779416,0.45338989408667196,-0.021963622098531716,0.3972374262126952
1,0.0,0.0,-0.12911532309026635,0.09464612814468984,-0.16667650154380892,0.29463979792783623,-0.11993301611913322,0.4820914890962015,-0.05776810378354151,0.605617448988093,-0.1782299476738454,0.3194589047051338,-0.2649683252683703,0.5860930229004689,-0.3113407290154221,0.7183546820503063,-0.34361246557944586,0.825804510534172,-0.07093437275008994,0.34649809857020775,-0.05822256969696088,0.6819160620521326,-0.046942996397233476,0.8618560414098048,-0.028927781320839764,1.0,0.018598904726962105,0.3521463982703228,-0.001987979136478384,0.6032142949393554,-0.039062094697861295,0.5501541262281621,-0.046657336266576345,0.4773496473450743,0.07581708001648767,0.346879657848141,0.023629899142182855,0.5022726569921065,-0.006266332596141988,0.45705700942365557,-0.012692012030322466,0.3962488008059021
1,0.0,0.0,-0.12560917724622464,0.09551538904892436,-0.15942395365640014,0.2978426520761969,-0.10700539849123525,0.48662218218066383,-0.041370223289803394,0.6091695459249505,-0.17892474468058212,0.3228019385577106,-0.26260288435791634,0.5899055754383105,-0.3091689211836552,0.7219479898512956,-0.3414950698468033,0.8288144923708192,-0.07181720825198984,0.3514490874345783,-0.05281679141878603,0.684781258458525,-0.03896104650850251,0.8629285634480721,-0.020488754002884562,1.0,0.018385845744981474,0.3553454390761733,0.002428209597508241,0.591461181263747,-0.032982127023271905,0.5316247675926059,-0.03967484976061512,0.4579003549257001,0.07700546677691171,0.3475765631354109,0.02657620412709911,0.49328962468884613,-0.0029849557937418067,0.4479597038958722,-0.008933364657571306,0.39114238885670743
1,0.0,0.0,-0.13095791165419698,0.09171316221997894,-0.1751455362446656,0.28521430471685394,-0.1333060251677302,0.47009996392115133,-0.06900243805553227,0.5899345114231466,-0.177488110379411,0.32559214865943387,-0.26376932860542496,0.5916375788541504,-0.3113078400431488,0.7237234829572994,-0.34533915939926896,0.830581306783188,-0.06826161902922387,0.35367840261808536,-0.048449739248320876,0.6820940309549233,-0.03330449454990725,0.8620830250839107,-0.013489699306484353,1.0,0.021791478831919942,0.3582202559047227,0.0024039446207894345,0.5954180591037139,-0.037020543077780896,0.5439795334531102,-0.04719842273477673,0.4712050699893221,0.0791112212508063,0.3517017190295883,0.024374432851431673,0.49784773268124155,-0.006833406827284356,0.4538913042686016,-0.015138247588365846,0.3954733071184662
1,0.0,0.0,-0.12627181061366963,0.09071355546714249,-0.15828269228144462,0.2965545691684182,-0.10603276105459511,0.4887623321809223,-0.040386863842883806,0.6156365875642232,-0.17642668796754885,0.32328679677400823,-0.26289057730105764,0.5893822868245825,-0.3119773450403519,0.7208168462067401,-0.34670659998170916,0.8270317858589848,-0.0678243036321639,0.3533407182814544,-0.048274262871892314,0.683338708915752,-0.03502602504473996,0.8615857230953925,-0.016307758042006328,1.0,0.021134906973958752,0.35847923496083195,0.003808525330671307,0.5932103729982707,-0.035082371950743756,0.5400698395083923,-0.04262103326357849,0.46934965525109007,0.0766653667464647,0.3527994376403609,0.021548312253240512,0.5004172371608429,-0.01103465108455751,0.45866447176490843,-0.018408942925474427,0.40262353238023857
1,0.0,0.0,-0.13082652443235548,0.08725673858870793,-0.17273152143331943,0.2829404554896041,-0.13146388326625225,0.4683306598417796,-0.07155258952679272,0.5898552966935209,-0.17893205207566623,0.3238958911678134,-0.26445544826819317,0.5906150621908813,-0.31164197986737874,0.7229341910629745,-0.3451189651586389,0.8292643912611831,-0.07084522164993994,0.3534743479443613,-0.04999766393941903,0.6826784091674877,-0.0352653451889742,0.8618519269443266,-0.015578831419534502,1.0,0.01854031582083565,0.35864861296948813,0.0009339875855482123,0.592947920695037,-0.03738060801907739,0.5380695639542796,-0.04585854301720927,0.4655454352139082,0.07513746006318862,0.35152078999310243,0.021491466246981134,0.49960971050169123,-0.00878256894180531,0.4548063973419269,-0.015600227114575111,0.3958106064718921
1,0.0,0.0,-0.12834957998057733,0.09686048791727739,-0.16487573395026564,0.29439791785342934,-0.11726111959018068,0.48062345114746735,-0.05414546980090317,0.6038233782979394,-0.18107558953131336,0.3301868485654985,-0.2639048336127256,0.5957497071763186,-0.31038757461694355,0.7289710993354517,-0.34256326766208295,0.8356085233947648,-0.0731424970513979,0.35542859902560847,-0.051957074637599784,0.6871566631425029,-0.03678115641061299,0.8643901965017098,-0.016813141542792405,1.0,0.017069453180504488,0.3580845229083254,0.004642848207069546,0.5968674703001435,-0.032301375936730305,0.5468867009462874,-0.04138181938786613,0.4768811848638232,0.07568204788634543,0.35010555035432683,0.02483866331589871,0.4950602550548088,-0.00863444374555964,0.4541285084291908,-0.019220899901141095,0.3991989752189413
1,0.0,0.0,-0.12997332431017308,0.09640206346451433,-0.16819408934387137,0.29478664552835804,-0.12293394667487308,0.4805594164893392,-0.06259452805614583,0.6033596200938389,-0.1800786998481717,0.3270499370663742,-0.26537775489576937,0.5884900742806387,-0.31205700342598114,0.7205149035285127,-0.3444120336676667,0.8269182358749378,-0.07269453636951008,0.3565531916755513,-0.05340373926372762,0.6855004718198829,-0.04073577649009762,0.8633755467495475,-0.022108735887334953,1.0,0.01734211535740903,0.3607314593746308,-0.0007616208435001888,0.5960510061358462,-0.0413085235319255,0.5428063875807089,-0.050860579047696836,0.47171428863125564,0.0754831596034671,0.35333037747049123,0.023106193748058394,0.49966104809645834,-0.008792039005721636,0.45827230789200796,-0.016652835367676765,0.40285337996595894
1,0.0,0.0,-0.12761249226557303,0.09416707148689529,-0.16403735594413604,0.29398337497805377,-0.11529683050337838,0.48052934246975754,-0.052670346179733776,0.6032940411943025,-0.17544101616953092,0.3264903604481449,-0.26227777699698224,0.5929622959019716,-0.30867654697459657,0.724980271158068,-0.3405607731710761,0.8308583773902265,-0.06721328988097011,0.3556607194078427,-0.0497429698000347,0.6868034965107785,-0.03649477117419761,0.8638038867548089,-0.01773888137666501,1.0,0.021219400815572886,0.36040146709618026,0.002989856203922495,0.6004045313747389,-0.03635917976078966,0.5522076823531562,-0.046035251000314366,0.4835800764511285,0.0765479795168125,0.353678404984754,0.02249171723612269,0.5030902389984353,-0.009858558931254207,0.46326379309478516,-0.01886613974377301,0.4071767180659101
1,0.0,0.0,-0.13026367205129832,0.09152328160678232,-0.17057183006235255,0.286873293341199,-0.1287462052410622,0.4715076425120154,-0.06912663328229979,0.5916920912361087,-0.1732126561652858,0.3260662450041376,-0.25801827540763267,0.5919033398537478,-0.30467786842428624,0.7252881337968088,-0.33736622619412976,0.8318573106580532,-0.06542243026466205,0.35528334103010123,-0.04657660768787733,0.6835066222292363,-0.03207979869215122,0.8624026087093248,-0.012029378553446338,1.0,0.023235309704158758,0.3593601044974554,0.003911957516170492,0.5903663642118344,-0.034921536643700596,0.5352393558940839,-0.044288250849798885,0.4635334803581006,0.07968396857389276,0.35047703461099683,0.027035455408925494,0.49372441649666804,-0.003298302848114719,0.4484688770075898,-0.01001341741736845,0.3908432823521944
1,0.0,0.0,-0.13221358240079753,0.09044087501517832,-0.17777944106587015,0.2822389296418884,-0.14024457853931635,0.4645990368194859,-0.08105624392409568,0.5829975306030768,-0.17736697165869386,0.3247484720249509,-0.2604550961283682,0.5913060940450755,-0.3058403529542902,0.7270129232114083,-0.3382127565831421,0.8349886548941999,-0.06943415671464602,0.35175642978433386,-0.04726480491998665,0.6829459279851265,-0.031907350231201115,0.8621808763305104,-0.012510009633562823,1.0,0.019838811760006667,0.35568924355659365,0.004126891174429006,0.5976145616933979,-0.035586471882285683,0.5487293203204313,-0.04624813227964195,0.4793935938052251,0.07690474519980671,0.3474193491215178,0.025627151970515467,0.4953261034984759,-0.0059579565363291655,0.45180398973337865,-0.014537642447320436,0.39364814689769834
1,0.0,0.0,-0.13025551663343068,0.09279358101588568,-0.1723299050935719,0.2804916216985261,-0.1337980950475713,0.4593577122782143,-0.07643357887832397,0.5777283274242971,-0.17612517071514197,0.3283748997471159,-0.25772928684831614,0.5951239388467796,-0.30232267369019483,0.7305813416961668,-0.3338084037524561,0.8374264748392145,-0.06855157520145536,0.35479769968613856,-0.04633784717060681,0.6822514503086524,-0.03136922857424269,0.8620951910474949,-0.011936955343696522,1.0,0.020239180908511848,0.3581497055785768,0.006540122332394784,0.5930728419356949,-0.032724815976130466,0.5488075256170223,-0.044097635829033845,0.48225120243314595,0.07713287942467803,0.3489393808055269,0.025659197570120154,0.49486689923707566,-0.006796600576981274,0.45427961800634753,-0.01733553806445536,0.3971911185039576
1,0.0,0.0,-0.1319596723083534,0.09850966300886978,-0.17241679877375085,0.28961536286351797,-0.13180895653963592,0.47111475446156575,-0.07304394545313556,0.5894557848909919,-0.1778103535028152,0.33140823333716196,-0.2597153366850344,0.5974912383705439,-0.3038120886290346,0.732095578868075,-0.33377085605973594,0.840001947352679,-0.06955241206449118,0.3587475490467592,-0.04912270012692775,0.6844570063592142,-0.03462716650273533,0.8628482131873091,-0.014800900679766015,1.0,0.02037169948500101,0.3613439706987556,0.004160425712285055,0.5971418518157897,-0.039779925825686284,0.5561723791927116,-0.054109730408261905,0.4914736270726333,0.07784440302271114,0.3518111254474101,0.024348904963941907,0.49894717601794364,-0.00986269997533742,0.4609210336827879,-0.021803499287816976,0.4062221416331759
1,0.0,0.0,-0.1266645284555539,0.1030143792742845,-0.15925822446584545,0.30319344956875666,-0.1097163225153337,0.4870100743165176,-0.04527212498801654,0.6073767990217391,-0.17725452520426122,0.3325085877809444,-0.257871778281189,0.5975033062626816,-0.300162330095038,0.7319260816118437,-0.32853726130923605,0.8394271861425157,-0.07008573268862554,0.35608060625907556,-0.04768831331789873,0.6866807819871936,-0.03244579004506368,0.8641012433189453,-0.012389653208152213,1.0,0.02082205226636208,0.35706948003650596,0.009388877178241493,0.5997468154775604,-0.029933587436465667,0.5507505091688506,-0.04059381093425265,0.4806870576563545,0.0814101404564299,0.3481287183545,0.03243127796324251,0.5022130191843858,0.0009794922295864115,0.46188936751070303,-0.008335065499328486,0.40508585435557415
1,0.0,0.0,-0.13046994897865208,0.09828266195133632,-0.17535444180435064,0.2932774861395075,-0.1388445230332836,0.47519227864655283,-0.08003978559982318,0.5930358991361367,-0.1743956088486121,0.330932198706968,-0.25591276638853583,0.5970474664309001,-0.29751833637251107,0.7309454605735757,-0.3270690169641377,0.8384196275625795,-0.06646523364830266,0.3535423550864784,-0.045697150540605254,0.6840541526219815,-0.031270155274354866,0.8627681199462157,-0.013058370632333168,1.0,0.02382155421708939,0.3558670129487392,0.0064772430052863275,0.6027496270100017,-0.033683667642887404,0.5564636495920134,-0.045200125250962404,0.4885404947413015,0.0822841354920705,0.3478469727947542,0.03036378036875357,0.5093498369895563,0.0005138236540126357,0.4670972352691975,-0.007472325063085963,0.408313569468236
1,0.0,0.0,-0.13413224112756103,0.10225680772593668,-0.17838221171668892,0.29448193253935856,-0.14324259402642958,0.4759438905958176,-0.08716243538334031,0.5944863487627557,-0.17582888508435612,0.33360879006280664,-0.25425454626684735,0.6018700391427295,-0.29521578982832797,0.7380581388094699,-0.32389096763275654,0.8468146574234107,-0.06699021442785327,0.35640105862973775,-0.045492097715666195,0.6867029717950287,-0.03215275165621237,0.8652347913459363,-0.01540784337441205,1.0,0.02374649613822941,0.358366682188357,0.009598562353951415,0.6061651654323897,-0.03185280117522979,0.5700514802321096,-0.04624983641235711,0.5062308062370595,0.08187634089511778,0.3498287482622602,0.030452101501420428,0.508379398119453,-0.0021546173452648277,0.4711825992274328,-0.014185115299069073,0.41410588781043717
1,0.0,0.0,-0.13536499218419237,0.10258699848567808,-0.17793915115004028,0.2980698647584308,-0.13970156648614648,0.47989176437774667,-0.08102931523639692,0.5982901431382858,-0.17311829981691032,0.3324680975885887,-0.25541097202285107,0.5995749777647408,-0.29604537493369143,0.7356915408335861,-0.32365813925230097,0.8454817923899072,-0.06417288513484291,0.35506832984149783,-0.046785839221790936,0.686101102098014,-0.036571595180884535,0.8645227649923607,-0.021386156208469786,1.0,0.025066632223958416,0.35708237505225987,0.00563052957723439,0.6070427296513176,-0.038101363360470694,0.5717599409923443,-0.052206299661565085,0.5082924350690713,0.08117495140312356,0.3488520192380963,0.026257759539095368,0.5101022954319377,-0.007116606906802562,0.47296639688179726,-0.018610978142512197,0.41499305212509646
1,0.0,0.0,-0.12918865168732901,0.09948268172070909,-0.170001311996433,0.29753296078131963,-0.12466808036368364,0.4806352418733896,-0.06164277561901273,0.5996289008517964,-0.17358640483085627,0.33110239948097364,-0.25368518594052253,0.5987766185449149,-0.29626072181596796,0.7335616491809888,-0.3259934176358531,0.8419967554961386,-0.06456774724027955,0.35473099876501524,-0.0452915599166389,0.6864559707396818,-0.03457368288295239,0.8633191271557198,-0.018459097738138766,1.0,0.02563252290435075,0.3565909120024408,0.006698397052528597,0.5980799793614567,-0.032898126495598624,0.5450603039797078,-0.042696428027129904,0.4757306428620547,0.08331427674466443,0.34598759537558804,0.028874965267434497,0.5027221349112238,-0.0006906019383679736,0.45883254110443594,-0.00669795530288785,0.40042808485186
1,0.0,0.0,-0.12998169199406587,0.09983624031663639,-0.17059730126867034,0.29851761362014406,-0.12602550289629064,0.48419731563019885,-0.06491116600014067,0.6056327209769842,-0.17533263271832833,0.33060532959855116,-0.2536924284432427,0.6031376996892553,-0.2959825684004583,0.7382974878802531,-0.325599689461375,0.8469508385455186,-0.0656005487987376,0.3535584659886338,-0.04614877072084573,0.6866423364323432,-0.03532627009032165,0.8638481480249808,-0.019479441677920945,1.0,0.025341770535146458,0.3549338472092283,0.007260370686354517,0.5971296954914512,-0.03398723413146743,0.5479232140865405,-0.045792969737493035,0.4796376774700873,0.08391282199032539,0.34443830678755855,0.029190689609404682,0.5029079152328436,-0.0014814740696422301,0.4608215736056295,-0.009335434982152564,0.4030290759150986
1,0.0,0.0,-0.12979857489831756,0.10021434600001945,-0.1743736105907147,0.294772622553232,-0.13002129309803523,0.47699207500547586,-0.06790163490782768,0.5953463835487455,-0.17680066411589718,0.3316266623901628,-0.2535581111727889,0.5985901687381474,-0.2957522288770728,0.7338535201119988,-0.32619534523384525,0.8419831323759742,-0.06832982575506776,0.35429866761158535,-0.046707735647204936,0.687460626340768,-0.034995352544780214,0.8638062731948992,-0.019007988670409197,1.0,0.022774151953655748,0.3550863618930487,0.008291425658846423,0.5990039145929504,-0.03052418519187814,0.5465694764338792,-0.04146449818833263,0.47727404715376165,0.08343545549925284,0.34329659490256853,0.03173314262012706,0.500155946959167,0.0025539631015934006,0.45569941916390616,-0.004727344871836067,0.3968611326230131
1,0.0,0.0,-0.1295946617532348,0.09989050962398241,-0.17069261701733313,0.2993710175904032,-0.1251176990246601,0.4845906783771566,-0.06134288705407561,0.6048863532017117,-0.17945552893262384,0.32846810894899914,-0.25632750766576223,0.5973033954092981,-0.29659336847226503,0.7315703043602707,-0.3247826668686275,0.8394138697186025,-0.07050623522249948,0.3537281403079147,-0.05179986817561965,0.6888056565339408,-0.04047425260428997,0.8648503345571995,-0.024704074442557462,1.0,0.021496608036898457,0.3564562319419855,0.0052391023423900805,0.6007062935574755,-0.0320991114335743,0.5460927679283403,-0.041940211583211394,0.47551215966140087,0.08301239401012754,0.3461065968964055,0.031035797808115925,0.5069640046983146,0.002851212159123853,0.46292514780169847,-0.0024964306461419646,0.40370343888439253
1,0.0,0.0,-0.13237088078169712,0.09931719981646779,-0.17925666509307783,0.29452365332133335,-0.13881055082109325,0.47835066795350173,-0.07822887732961363,0.5973091263123308,-0.1793536560551833,0.3295547577636003,-0.2591663266218482,0.5968957004966188,-0.30129852353704994,0.7314992867337631,-0.3314933259841952,0.8392737599341227,-0.0710194611114443,0.35471132862532234,-0.0541712920734173,0.6886183902370281,-0.04396575291809967,0.8641159564482617,-0.029940035595241554,1.0,0.019826924852977375,0.3580764293196761,0.000743253958471237,0.6052955004803555,-0.03791669594915554,0.5563016713279483,-0.04867886608881738,0.48909076124291195,0.07987330831535604,0.34876735746357596,0.025428704835823664,0.5082976209618222,-0.004460406824837487,0.46646655228405254,-0.012064115588500757,0.41007374035931543
1,0.0,0.0,-0.1328266331787894,0.09768057345975685,-0.17809510236847345,0.2942671562121933,-0.13981434389222294,0.47853379808030283,-0.07863554683545013,0.5986763229733038,-0.1753746790323434,0.32898670825828796,-0.2583286529004217,0.5965714913959372,-0.3007396385826446,0.7322616505198486,-0.33014567727694155,0.8419329256996811,-0.06710112284703157,0.3528443154146564,-0.052622557952503785,0.6869567793276712,-0.04333032046583952,0.8632780578013691,-0.028646754820428333,1.0,0.023122050903558126,0.3561919732552867,0.003679255029334561,0.6078440272935436,-0.036712819591528265,0.5625895588740493,-0.04811165717389885,0.4966045184759322,0.08131529424976579,0.347403321365868,0.026621653944879115,0.5091954847958268,-0.00427878274651193,0.46698036251973185,-0.012618820483745768,0.40782047652431913
1,0.0,0.0,-0.13495683409055265,0.09843332680679391,-0.18226928146060545,0.29402741635491514,-0.14971303598834587,0.4790775518083885,-0.09241965041010151,0.6003052435077045,-0.17725399520888296,0.32304051395646005,-0.25920169829297285,0.5913752189002063,-0.3009426589803145,0.7271801327102525,-0.3294099274961476,0.8366837593844932,-0.06959454188693737,0.3469018680348545,-0.053845654084076496,0.682292209541771,-0.04256889036458316,0.8626149376559915,-0.02618438725832821,1.0,0.020141745175898385,0.3513969572399065,0.0002975094473695342,0.608276511325398,-0.043019599397898955,0.5759488799354546,-0.0572249346994173,0.5165951525369311,0.07882074248312675,0.346521239663195,0.02449119106084861,0.5146994187824026,-0.009469927210194795,0.47993333595580207,-0.020568155628851333,0.42524212090751345
1,0.0,0.0,-0.1336262465931932,0.09816157801694404,-0.1826649485129662,0.2915069146523618,-0.15034681915590314,0.4758929390643591,-0.09226871696042811,0.5951700515260377,-0.17676562394944795,0.32623778945088794,-0.25881457052781964,0.5959299222113218,-0.3005408915256365,0.7317907591909026,-0.32965445868686055,0.8417553696327353,-0.0681067905084514,0.3494963107862188,-0.05057419344533526,0.6835318385297082,-0.037493095377218066,0.8623151167684545,-0.02080476605633578,1.0,0.02257472687039591,0.3535105201005781,0.0047777946588401276,0.609113396286901,-0.037307065244645596,0.5722418376864805,-0.05140122516889627,0.5102611145389161,0.08147703764844243,0.34805814333161095,0.027683869129584773,0.5132982198981664,-0.005571097276894783,0.47486070956677046,-0.017171680775561405,0.41877589349626326
1,0.0,0.0,-0.1330319450165223,0.09666411761248318,-0.18010461104358466,0.29196860672948816,-0.1430974270504461,0.47666166392180764,-0.08342622605951767,0.5970388961988526,-0.17832267578014843,0.3255681181909062,-0.257031900728223,0.5982375040303467,-0.2987835802467943,0.7345152760821857,-0.32810377194379337,0.8444079222850325,-0.06934328997711944,0.34788570557242665,-0.04767308458121437,0.6839774221817055,-0.03227546965474967,0.8627358472689761,-0.012827110146114977,1.0,0.022066422194263788,0.35110418681220773,0.007623680834736354,0.6038916931127013,-0.03272845870253563,0.5598533700609165,-0.04487653113233366,0.49351544246054496,0.08249929276193203,0.3451656906273549,0.03068257706479891,0.5116996533994725,-0.0009633448188151557,0.47042251260451684,-0.009960408786947197,0.4119977745872698
1,0.0,0.0,-0.13645602860481512,0.09889898876655102,-0.19588203866766696,0.2761403942571169,-0.18401624567266794,0.4565671533544292,-0.14306218463116,0.5777881371316514,-0.16901901300862077,0.3196640083402646,-0.27796298077015397,0.5438931091931536,-0.3455678090365373,0.6576747081151111,-0.39861099971359143,0.7438220905048102,-0.06370648129725501,0.35067131714999406,-0.04365655255966389,0.6716528935019525,-0.023435133187366886,0.8630181258658541,0.0018649791161038864,1.0,0.02336777769259868,0.3543333290497602,-0.003180922324195881,0.582271413397451,-0.05137008609538867,0.545450114171995,-0.06686406553335138,0.4740569824531551,0.07847505978169435,0.3489847710112586,0.02043810908901841,0.5022254639515903,-0.016528979332350476,0.4664855453778843,-0.03013907284866033,0.4106985045455358
1,0.0,0.0,-0.1369162902629918,0.10344971948855436,-0.19656163227029397,0.28562032990345226,-0.1860116099150352,0.4678928245769432,-0.14720771184553072,0.5916348503738893,-0.1706425732747883,0.32155724198496916,-0.2788375798939307,0.5531129679321705,-0.34410070877359067,0.6679334893632093,-0.3945779494603691,0.7544635308445516,-0.06438699835340218,0.34819430713739613,-0.04471155491976485,0.6725739283294998,-0.02483915995206179,0.8643209921733624,0.001420600004179107,1.0,0.024368491726183127,0.34962231690583656,-0.0034375378361087595,0.5887930575843902,-0.05326390483017339,0.5594964798432924,-0.06908879016777633,0.4894156704362113,0.08130897338753526,0.34445193159957693,0.022626307953062995,0.5062715503731335,-0.016593574282071647,0.4760291903217216,-0.03155136900581563,0.42086112427167577
1,0.0,0.0,-0.1330197999569991,0.09921893555611232,-0.19644300871212322,0.27565098081721834,-0.19219622622734678,0.4583849373673621,-0.15807729736421106,0.5819911842244765,-0.1743769164568448,0.32810985010693955,-0.2771441661232325,0.567281147069572,-0.3383089395067454,0.6861106520795315,-0.3868339081593308,0.7784389313270988,-0.06812591325073133,0.354869022002124,-0.04662339331543406,0.6771570190074612,-0.02607106874990005,0.8625475838058397,-0.0024775859321924474,1.0,0.01896111380607071,0.35706141605615466,0.008782754864698221,0.6058292864516978,-0.02601361576509903,0.5870836213386309,-0.03536823513315174,0.5255023138153105,0.07622530336064423,0.35002683113620087,0.027132320146984874,0.5052624268733079,-0.004527384047142247,0.4722456180253113,-0.020064270344131534,0.41520205977834995
1,0.0,0.0,-0.13373786349964636,0.10131827041920788,-0.19025906680225096,0.2865174108322954,-0.17354748982522486,0.47002980988828585,-0.1285364636792082,0.5915277284948477,-0.17194997868595965,0.32446146326245323,-0.27324302054482974,0.570527445101462,-0.33273866366920607,0.6905891962820693,-0.37884337395305195,0.7840368256606757,-0.06457826777579058,0.3498564279097237,-0.04211621629345266,0.6764881427254823,-0.022851717387732163,0.8629026448461697,0.0009366568153727813,1.0,0.025188224409458195,0.35117932728602014,0.004003526937851116,0.5843467425240111,-0.038660275629835844,0.5415248707464201,-0.051468644546106196,0.46849198401566045,0.08389411684857029,0.34486161948603394,0.031096321601482218,0.4996661494935832,0.001354155999723751,0.4567316050305898,-0.00827124676419527,0.3959967112078512
1,0.0,0.0,-0.13436521134373017,0.10201882098035993,-0.19020612360904865,0.2875265010812285,-0.17406816285112794,0.47061170304695255,-0.1289988748028006,0.5910115944297796,-0.17281102239816637,0.32856806335476463,-0.27137924854488893,0.5814832844994626,-0.32756715298348227,0.7065049808020708,-0.370291642164247,0.8023716037899454,-0.0649681147048489,0.3546360362076075,-0.04210617707765838,0.6791312529115787,-0.02308999503670364,0.8645743365688793,6.244075097491198e-05,1.0,0.02427607196831756,0.35672125995326015,0.007709648723945203,0.591172602366222,-0.03401326107749098,0.5551352202779609,-0.04668635483012287,0.48487361657498657,0.08158270652854475,0.34919848747687554,0.0297081199662255,0.5011244166900262,-0.002952258173475719,0.4617894196080163,-0.014658114959815288,0.40126158563975717
1,0.0,0.0,-0.1346622326739982,0.09722198474944012,-0.1893139626908866,0.2847152291650343,-0.17254613757499535,0.46864806687326055,-0.12087095335847885,0.589035814744666,-0.17162358679121376,0.33657403146663867,-0.25953338407238746,0.6055605503309065,-0.30776844257816444,0.7422586392309034,-0.3406510963486466,0.8491582634754488,-0.06078011370048129,0.3571645323604202,-0.03254173371452547,0.6880690023382685,-0.01162161233925426,0.8669489974378215,0.012390578117452238,1.0,0.028161364465246894,0.35583460218138285,0.02229629060245614,0.6037454818428476,-0.016059520211147416,0.5944502437362816,-0.030114555383303123,0.5442462343796393,0.08452438529943203,0.34559049717681617,0.03623818135133098,0.5037916762874118,-0.0016802169875126322,0.4775490093023747,-0.02185233626879428,0.42636714071850723
1,0.0,0.0,-0.1318051469787427,0.09659523905133094,-0.18058834171989052,0.2928969844104721,-0.15261449728740228,0.4799982870767498,-0.09388449355482992,0.5984919755620974,-0.17309430250017152,0.3361294780310925,-0.25352034622387104,0.6057772337386017,-0.2965418361500005,0.7421979383575822,-0.3271132190406533,0.8498880598728911,-0.06347506785383905,0.35829138572971936,-0.03241751704069689,0.6849680760597194,-0.011727449017195468,0.8646941772611809,0.010911143291808775,1.0,0.027527387879467697,0.359127250786337,0.020209382640826813,0.6026981208372519,-0.02030451211544984,0.5622458676097031,-0.03355477361037249,0.4941708006745598,0.08604016449397565,0.3509272975212845,0.03534074799920636,0.5084788960002204,7.0828487336148e-05,0.4699834649562723,-0.012775058652062762,0.41281583689414414
1,0.0,0.0,-0.12677331905106035,0.10574991104149319,-0.16298621785112932,0.30777398303001846,-0.11708421527591811,0.49199564195026396,-0.04932651990652937,0.6088406780655835,-0.17116365063701627,0.3458248929746624,-0.2354599980190683,0.62504895469169,-0.26938968961735005,0.7666522621139475,-0.2920786943459074,0.880082025245874,-0.06094930649048603,0.35930608696290156,-0.0224432224622981,0.69064185855414,0.0027948745226504864,0.8668857919508142,0.02845571700556495,1.0,0.03105675369315368,0.3560253705993052,0.03299968084989307,0.6116869100767061,-0.007398413053606213,0.5753128954985162,-0.02241328838330295,0.5092612958961699,0.09285331200774764,0.34581109982061564,0.04980839988407881,0.5076712680530743,0.011526381241310496,0.4741546373977894,-0.005618362503163988,0.4206121078947465
1,0.0,0.0,-0.13112236711085776,0.10333110346328371,-0.1747862512025545,0.29790365349431386,-0.13747229453628107,0.4809277236348396,-0.0744721399352141,0.5974318637927964,-0.16991536507466645,0.3449224540098461,-0.23439441443197295,0.6224757712285216,-0.26830216522091466,0.764477803756293,-0.2906526436416098,0.8781605843480708,-0.059045884277804196,0.36028320570807654,-0.021602678188720276,0.6884430939849927,0.0026883000696803863,0.8655634549455122,0.0277304490098571,1.0,0.032170064104489804,0.3573383118296194,0.03374025408795262,0.6116963400578691,-0.009148866173359818,0.5863021989254127,-0.02649920904335644,0.5276269175844426,0.09187641000202959,0.3465451057771708,0.04633503882977983,0.5084705997861962,0.005254238157448365,0.480317672220826,-0.015208641833290225,0.43021769442183233
1,0.0,0.0,-0.13079346859093222,0.10508592652849813,-0.1725329149199425,0.29637665926213247,-0.13369733844830053,0.47837779270240655,-0.06873267853857211,0.5946875621944783,-0.17195868172675957,0.345455624870455,-0.23734215768785255,0.6254451301622246,-0.2696219297564606,0.7686227669466189,-0.28994842949873334,0.8829353893376181,-0.06087078088495847,0.36006940296099854,-0.021748971705683243,0.6897870903008949,0.004093289765464484,0.8664490924891094,0.02909040607773833,1.0,0.031107587995196948,0.3567987191859736,0.032784619978571586,0.6116153615776122,-0.00867448623586017,0.5936087757209846,-0.026603437178991787,0.5411009102141177,0.0916022741284376,0.3467712935847487,0.04566435524793601,0.5069122326254316,0.005298766989634781,0.48214139188645916,-0.016273279609580353,0.4355286237863652
1,0.0,0.0,-0.12801524329130234,0.10594886307740216,-0.16777251044610741,0.29934028088545417,-0.12484868030288349,0.4804111723975712,-0.0592226424417078,0.5931112276515434,-0.17014110843758484,0.34147235932982184,-0.2379375104941865,0.6191223124711988,-0.27239276328295875,0.7602379989037967,-0.29585373304564777,0.8733115917212241,-0.060817536885909795,0.3572899368980405,-0.02512125177245423,0.6876660855260481,-0.00013639668653689258,0.8653110828225238,0.02585412507516981,1.0,0.03066617650648439,0.3549059535970188,0.03186016528852263,0.6025101724264187,-0.008029208418427162,0.5647494450563229,-0.022556047277281003,0.4994589252917476,0.09190769701887437,0.3443914259445138,0.04862763778543263,0.5022099369868019,0.012076728313925407,0.46728484051425395,-0.003547053528302682,0.41297647305092905
1,0.0,0.0,-0.1294454503979408,0.10287666379478974,-0.1688222335426557,0.3022558956002781,-0.12705027978698138,0.4872131395018238,-0.05852715283231525,0.6041054888410234,-0.1718265976712909,0.34126493387761553,-0.24152977704483047,0.6198052972942373,-0.2776767944593701,0.7612876686825276,-0.301432221389245,0.8754861940033218,-0.06056289926784597,0.3571785543971551,-0.024324502825654983,0.6894448828078829,-0.002098745960285486,0.8667228709596633,0.021919228517329217,1.0,0.03164998058381392,0.35509808424239986,0.028739521407171648,0.6085947993149396,-0.015031924340542445,0.5755352043647378,-0.0311037865908929,0.5122065665266438,0.09210604811038943,0.34652717720005594,0.0454480651753857,0.5104584782984839,0.006299358140337236,0.4777758404103171,-0.010295964783859997,0.4239283338802455
1,0.0,0.0,-0.1349966990179569,0.10483954780164444,-0.18301996323819886,0.29330051724213824,-0.15383687963527973,0.47550428105551146,-0.0964101624438294,0.5927906462650632,-0.17437421788660007,0.33958917116738974,-0.2536025617620119,0.6098208636240433,-0.295907207525866,0.7496701442680977,-0.32422320980197317,0.8598039465107362,-0.06370712556273182,0.3574448392061021,-0.028670981879701306,0.6872567022544039,-0.005373039321489091,0.8670715533088269,0.018863905609744616,1.0,0.028099940709901013,0.356611927836929,0.026458141391554366,0.6103155073339697,-0.01572907312050125,0.5967521231443493,-0.033102183766181396,0.5440172843284413,0.08808164560725423,0.3482452122704169,0.04049184744352389,0.5135661819481606,-0.00030394848781896964,0.4882956331017958,-0.021608842468810775,0.43855700716532076
1,0.0,0.0,-0.13186256773610744,0.10850476773538859,-0.18583909507076424,0.29673162424087035,-0.16592291232614448,0.4787680325109354,-0.11535400689850996,0.5990152730470496,-0.16213774735734832,0.3318455251337949,-0.2601927641124129,0.5753995876229374,-0.3173125882830761,0.6997761398775328,-0.36070952337023005,0.7964896132976627,-0.0555650236679514,0.3505079234622421,-0.023268992767227405,0.6727365087884717,0.0029724215351401087,0.8615149286007814,0.03336022011015092,1.0,0.03373416894999599,0.3486497107250384,0.023622125071734678,0.5980064947590253,-0.02195006307859485,0.5645335059358575,-0.03787261598254646,0.4943027089650678,0.09162764939083928,0.3409709550925931,0.04559764722232539,0.5134940569540407,0.011224305805986297,0.47981050662954233,-0.002694767891138206,0.4213662116781063
1,0.0,0.0,-0.13199055251744013,0.10720404314072214,-0.18156402152263437,0.29531457514469217,-0.1554300587173318,0.4738838221391491,-0.09944935710802695,0.5895054719846602,-0.1624365764117006,0.3322848971002136,-0.26192795701716615,0.5760675581751536,-0.3183279930973404,0.701276268625602,-0.36040477032732854,0.7969493642370131,-0.055916765859630416,0.35201042663005017,-0.023063245813896842,0.676047161770504,0.0049460155646029475,0.8639756419802133,0.03692154468170878,1.0,0.03454766732818656,0.3498127477979312,0.022072091610023745,0.5940452103793836,-0.022567518628040868,0.5540107751249111,-0.036405105914972355,0.4799380573647755,0.0943209895813244,0.3409235774183135,0.04750576284729607,0.5114480261638295,0.015149921078370971,0.4730365984140032,0.0049329582636130995,0.411204725122052
1,0.0,0.0,-0.13138833926650334,0.10894230722325768,-0.1826726920206337,0.30052319714997705,-0.15904668023284393,0.4835517667988387,-0.10370493226730147,0.601083092773215,-0.16220004720519363,0.3333705071106106,-0.2616689700149458,0.577817461493808,-0.31808630595344545,0.7027326103458925,-0.3594857860959316,0.7988300766878015,-0.05457415699516804,0.3525760414505128,-0.02222816769175984,0.6775889778499573,0.0058504420890211906,0.8649608756000556,0.037911699270645985,1.0,0.035871444272542824,0.350695488601897,0.02232618038312756,0.5990234753904466,-0.02363861985222298,0.5628871116688011,-0.03836528939823134,0.48958637668618793,0.09437241295463611,0.3441673630495906,0.04544246613740314,0.5155081068728585,0.011486246890667443,0.4790047584186035,0.00013643726868798456,0.41792514036790784
1,0.0,0.0,-0.13187092308836476,0.10921774876508113,-0.1869942470413527,0.29726488560057,-0.16909392100837514,0.47817465315513075,-0.11893066461306676,0.5953316587857371,-0.16338804401805057,0.33653173723517316,-0.25687062320519927,0.5917257136619573,-0.3077254101801938,0.7211843765668895,-0.3453893862950994,0.8199727886015609,-0.05525497266265063,0.3556783777040465,-0.0223191044768958,0.6752268316263984,0.0035842035942796687,0.8635907950262578,0.03242561697962474,1.0,0.03504059818294793,0.3537565764378198,0.021994181067056275,0.5966404988616435,-0.023726306231092367,0.5614919427391089,-0.03977170494375391,0.48961684527708005,0.09294578832087019,0.34465212353267166,0.045558550388768534,0.5127849189955593,0.0120040232325486,0.4785340631290049,-0.00010750811483845893,0.4192822476363209
1,0.0,0.0,-0.1330269607290941,0.1072436288526753,-0.18947654112268933,0.29435831626340175,-0.17058126083486308,0.47465749741735613,-0.11791665427538328,0.5927300565673351,-0.16345439542102277,0.33503176524270545,-0.2567461901685004,0.5943108839325758,-0.3066165247752071,0.7250658089795801,-0.34290421042291674,0.8247115534523918,-0.05493033395184612,0.3515838162929906,-0.022552135761604326,0.6779413827710995,0.0025833948391581377,0.8643663638387205,0.03042908686304673,1.0,0.0353880033752354,0.3480980356286196,0.027028317912568905,0.5948086380312368,-0.016122336362213587,0.5625956569528017,-0.03157629440848218,0.4923725267373856,0.09397143786650036,0.3381070564829242,0.04987228717257348,0.5086461118555894,0.01716951245631885,0.47418933220144593,0.0039758746969392475,0.41405586080668605
1,0.0,0.0,-0.13231746523585214,0.10705917835504972,-0.18283824250675676,0.29767121081034503,-0.15864344347878825,0.47830651419337433,-0.1049557723265268,0.5975689304215624,-0.16577394637913462,0.33594356248313906,-0.2543057071195888,0.593969675583661,-0.3028460310089878,0.7263989841919527,-0.33846957132161787,0.8304505516430392,-0.05770367391216557,0.35358614139013955,-0.0243210544322928,0.6763429949493335,0.0006536456961093969,0.8619881307909909,0.028060676455739075,1.0,0.0332309928944179,0.3514422015219406,0.026314568717693967,0.5999242467574054,-0.01680773193500594,0.5645332505842503,-0.03209589525815627,0.4940926432432116,0.09255767177227908,0.3426244400137455,0.04805256668529722,0.5128231804321838,0.014303791520350766,0.47714829725596414,0.0011816364892230278,0.41803344522174335
1,0.0,0.0,-0.13403927990014336,0.10532107639144757,-0.18893044559203837,0.2918190759884887,-0.16688148262341596,0.47297545944318437,-0.11392087268172443,0.5906448743375629,-0.1663869010940921,0.334694412057542,-0.25730069095239794,0.5985604392342093,-0.30717385836734146,0.7322059526699641,-0.34314554756820953,0.835309022285253,-0.05712838610150555,0.35234111719065636,-0.02494366638019516,0.6777180472378104,-0.002227274528764919,0.8626023276676472,0.022165450330647794,1.0,0.0332861506773823,0.3507636402104729,0.026069509952888172,0.601369095706951,-0.01570153195197104,0.579607207026373,-0.031133771645288296,0.5186730145497688,0.09085607361036831,0.34298475582787175,0.044015947767850484,0.5114605932898758,0.00886841042069117,0.4797145471919237,-0.007222216445574256,0.42299153108245996
1,0.0,0.0,-0.13239498754976628,0.10300254921765195,-0.18708643559302549,0.29185377594672524,-0.16571450185395944,0.4722360724596486,-0.11501506798475487,0.5911856315052892,-0.16546433623158446,0.33372880473636923,-0.2542427228206099,0.5930801492455147,-0.30215438289795904,0.727120088112227,-0.3368129573808408,0.83267784697279,-0.058117968070927194,0.3509794470965246,-0.026910630578403143,0.6758888650457582,-0.002762757229617962,0.861298292170228,0.02542236982493275,1.0,0.03169193976101693,0.34847119968272405,0.025371138302266734,0.5935551643284794,-0.015669955146202705,0.5527221427659255,-0.02923267687327426,0.48124533046017365,0.09030379768641739,0.3382111135703241,0.04933865272330371,0.5072044328749086,0.019889215577229086,0.4653322502809682,0.010016661479849497,0.40121420206716196
1,0.0,0.0,-0.13084792037800136,0.10060129068432892,-0.18247664572919248,0.29371805159642295,-0.15630072136552375,0.47800002674339515,-0.10082500369224122,0.5985524911998454,-0.1717597559680215,0.33606336321632296,-0.2566530580847011,0.5979808135671347,-0.303264391965623,0.7322666124186411,-0.3377028234865304,0.8394030573710431,-0.06358918298777512,0.3540470945179195,-0.031139077824632138,0.6784282516024628,-0.005755989957103895,0.8617093025998637,0.022659318142584064,1.0,0.027919503582488125,0.3522225338946241,0.02403870640695124,0.6005556916931258,-0.015416365365259938,0.5566509997447358,-0.027609851124927864,0.4832074766119243,0.0883057893891523,0.3425408238678492,0.04792401390115671,0.51411923557761,0.018195424806061556,0.4724928405076497,0.00841425338826046,0.4090175423150375
1,0.0,0.0,-0.13291168941611148,0.10342319508569645,-0.1884595738495175,0.29300160147501786,-0.16863353988298999,0.4760375292819747,-0.11568823067907752,0.5966068461799351,-0.16969703522516721,0.3337368368612111,-0.2536903416017018,0.5976442121533551,-0.2991818729456441,0.7321272677457645,-0.33286383062402564,0.8392669901152148,-0.060611425727231764,0.3509529373277329,-0.029307691112117742,0.6774943617252202,-0.004269448753662898,0.8622354560967663,0.023524691164751903,1.0,0.031180145704267956,0.3489908319703639,0.02283166221754096,0.6022923865852121,-0.01716128885964602,0.5616158671943298,-0.030122056438385333,0.4880372166305623,0.09135848465278762,0.33909050424951387,0.048639219266475034,0.5129263413845577,0.018147447277053225,0.4740372810529715,0.007354366123663845,0.4121627856670201
1,0.0,0.0,-0.12676722900290668,0.10210694758901559,-0.17599637697448597,0.2931828794660653,-0.14337116409775935,0.4730804228941164,-0.0811470196658832,0.5887979935488087,-0.1690398562778628,0.33394116719687283,-0.2530991134856994,0.5950290399521885,-0.2989860743703315,0.7304905710820941,-0.3330171278471232,0.840148985235152,-0.06216240193883417,0.3519764191631914,-0.02903770428223153,0.6788282893313168,-0.0046843370085102734,0.8609924716119406,0.02183106654462034,1.0,0.02903830372391155,0.3497012382666784,0.02739868086863895,0.5981822530495097,-0.010259294493109118,0.5498730981963399,-0.021761980890998123,0.47566551513919936,0.09031413141799728,0.3401934937798934,0.05005143209614565,0.513218138625684,0.021734256713297234,0.4694596452863803,0.012613002249704625,0.4063093634588744
1,0.0,0.0,-0.1309416211069011,0.10319213839838136,-0.18540952535668648,0.2942166010738922,-0.1640394338934683,0.47537224979794646,-0.10822605476583297,0.5948632472701981,-0.16939435796735283,0.3337913662714415,-0.25484984647229464,0.5978699595083696,-0.29994123850527904,0.7341428262495585,-0.3328067628021305,0.8429475041500961,-0.061124093456703,0.34850811593503533,-0.031207583934448488,0.6782573627583404,-0.008691186240368833,0.8622311953850421,0.016324036148884634,1.0,0.030877584415510455,0.3451523715081233,0.02344615110710942,0.6013709217072395,-0.01567497714955647,0.5584657390213341,-0.028353282918238798,0.484585860344863,0.09210238617227084,0.33519019257015525,0.04980040424191752,0.5106294463576191,0.020701250476378733,0.46903392116308495,0.011022013905238584,0.40599891768550145
1,0.0,0.0,-0.11958671497652415,0.10399808980942314,-0.15520091386262097,0.30591178545879993,-0.0980549213806318,0.4860830134276814,-0.026045646692535188,0.5978285706003686,-0.169684701719068,0.3332932049362661,-0.22817282640026537,0.6095347733512146,-0.26119963103565724,0.7485320475287833,-0.2879202630017116,0.8597474070227751,-0.06253049376119275,0.3507305709911029,-0.04539453436442609,0.684754812782541,-0.03738995440299963,0.863306312724345,-0.02629351595599226,1.0,0.029345295342291036,0.3501678367742448,0.02112419950872785,0.6020898218461853,-0.012167334232623528,0.5475681969537223,-0.021709265622233933,0.47701463656169246,0.09444011199076435,0.33551382366586513,0.05213063301757609,0.5042938617306569,0.023012501869002278,0.46339025699280456,0.015359760199798008,0.40591372286175414
1,0.0,0.0,-0.11890071617884262,0.10872779586604968,-0.15180511064405028,0.31343201918370056,-0.09370336028457477,0.4940627263820384,-0.019123149640305613,0.6052458987690653,-0.16609177331776032,0.33356571270993113,-0.22313760307336072,0.610642810088222,-0.2568962762639641,0.7482047380005209,-0.281521827149722,0.8585976843283261,-0.0595158698140503,0.3490359636023278,-0.03962437999134778,0.6844371718486344,-0.02872798554364883,0.8630619654830541,-0.012414398864268898,1.0,0.03253612811116858,0.3485916803027838,0.025712695340569778,0.6059347202656654,-0.011950126463891587,0.5512452699148712,-0.022747596748342327,0.482027536810221,0.09647061055030579,0.3361505806687886,0.053168965534850704,0.5017659714009952,0.020176881656498245,0.46182847746520694,0.01167903340295474,0.40876952493786234
1,0.0,0.0,-0.12276633656254375,0.10797754480813476,-0.16194447478115423,0.3040803566912968,-0.11357316518081942,0.4833441201714851,-0.043694390673135346,0.5955113071229047,-0.16937134111793667,0.33636874714600784,-0.22685138424574347,0.6129148870826941,-0.26036529633508926,0.7510348401434565,-0.2851860674608614,0.8626501025787995,-0.061701202872939356,0.3523220776403138,-0.040614314708385224,0.6864285939411442,-0.03121019528452698,0.8645330960473262,-0.017663783416903844,1.0,0.03109746488536022,0.3524570902510194,0.023943555639928258,0.6111358284035162,-0.014282311222391864,0.5654111177974034,-0.026541778780151532,0.497892645184367,0.09546564324859985,0.34054666180953547,0.05168256350980014,0.5086529010486566,0.018903378027247335,0.47146037174644895,0.008785934647153118,0.4159465871934455
1,0.0,0.0,-0.1263766270586854,0.10931874531140907,-0.16410673212196028,0.31173890221171535,-0.11514432420207689,0.4954805792626182,-0.04577483829122726,0.613430066314713,-0.17000610357069343,0.3327408019966414,-0.2449915915321994,0.6084566869053463,-0.2848555562958048,0.7455047037527549,-0.31389352540510473,0.856294072007794,-0.061254097055437925,0.3473382845052657,-0.03402434437403446,0.6835615276075288,-0.015329731738657232,0.8627334436537055,0.005804666019961036,1.0,0.031105057001016664,0.34658930497866736,0.01889313552944368,0.608385881900239,-0.021963144949198155,0.5647132352479863,-0.03426349798833121,0.4962204467526943,0.09399797623162617,0.3393897504825645,0.04768582654088272,0.5189856002934972,0.01638553295405353,0.4813755948591384,0.007742691623887398,0.4235845198150944
1,0.0,0.0,-0.1327372946650112,0.10453682041490614,-0.18480598522792366,0.2955947444759594,-0.16201203168255432,0.47609521689772494,-0.10775583115632499,0.5933756389933132,-0.16431936587747376,0.3320371766388986,-0.25906452179781075,0.5902449476256292,-0.31107730445947107,0.7205556882738616,-0.3493223886817023,0.8204343983486317,-0.05514483395126674,0.35020074714110416,-0.023611115518265488,0.6759949755418042,0.0026914365867652095,0.863220564074459,0.0329991098555506,1.0,0.03612496594528853,0.3487478972207276,0.022986609151035498,0.5935932265008892,-0.021543127581679554,0.5511012572175967,-0.03568510675462642,0.4770944573057801,0.09448269098932356,0.34048168736694484,0.046669951633621316,0.5105517097467266,0.014426807264461146,0.47015885550179837,0.004801279898072341,0.4083186726194982
1,0.0,0.0,-0.1319539222456877,0.1047873803974876,-0.18822670313431014,0.2953538983145559,-0.16550397202122705,0.47547620826401504,-0.11028637790172566,0.5916943484263458,-0.1653682205502824,0.3326614091063423,-0.25815511017735154,0.5940947502749955,-0.30852285392716555,0.7274629781139474,-0.34717223915825585,0.8314141355243074,-0.056622637028506596,0.3498553806477319,-0.026003695355477526,0.6754607502106121,-0.0017629469548849574,0.8623466418365989,0.02521818936085049,1.0,0.03448937706778037,0.34724360738123566,0.025758765688102037,0.5959512351561689,-0.014573694827048981,0.5495544497024097,-0.027471906734184044,0.47305014422454933,0.0932444054905548,0.33661338649203015,0.0502995643197758,0.5110699706205877,0.022710583330448234,0.46710517125032874,0.014613478815178169,0.4017906438992925
1,0.0,0.0,-0.12732431415137369,0.1050521226086774,-0.17086249062885792,0.3070266155212409,-0.12650043418140985,0.4892655002460197,-0.05732103969832898,0.6050133611476182,-0.1686000034707232,0.3352188908584106,-0.264665832632179,0.5855063811670981,-0.3195196276596027,0.7122612845298121,-0.3623485035006942,0.8129615143022971,-0.06078979261822644,0.3539891378488655,-0.035775881307935214,0.6795316069592395,-0.014985794663376602,0.8613538533401202,0.008988869966627254,1.0,0.030985070812983566,0.35181501015034977,0.01468964649168614,0.601214662183826,-0.021991654047405076,0.5405071666266169,-0.03035533915823747,0.46066765044239977,0.09167483385428282,0.3406641372824101,0.04233660907463775,0.517522491688262,0.016924246616253275,0.46647664078249806,0.013305600890930098,0.3985586798884549
1,0.0,0.0,-0.13506449038801463,0.10676475466753953,-0.18694573991489014,0.2947584129337495,-0.16172045650857061,0.47530499678846533,-0.10874726996707129,0.5940522713249481,-0.16366626420306343,0.3324837782086902,-0.2696627484979202,0.5690996294664283,-0.33482880014719596,0.6879389014860792,-0.38542002867457975,0.7782370205487954,-0.05552398430742269,0.35464709902539027,-0.026123020435778674,0.676164899091403,0.0002555824118480573,0.8640150778391619,0.0319110938759682,1.0,0.034006016696324685,0.3535834923615434,0.015204868799251592,0.5966656700272657,-0.0322850240434813,0.5614831822051279,-0.046003463309225626,0.48837259955490886,0.09145311395487585,0.3463272670335092,0.034926753096575884,0.512204821734314,-0.0006158043451142406,0.4750867312365117,-0.011425508617376831,0.4133189508570464
1,0.0,0.0,-0.13335682412585395,0.11138007393524439,-0.1830064366796575,0.30090292733751106,-0.15653828746047319,0.4799888823749191,-0.10318158483871849,0.5987538235821231,-0.16197908914452,0.33955019182459667,-0.2674074366583943,0.571405225283788,-0.3295364314853572,0.6893685431962261,-0.3764001069236073,0.7785461730765142,-0.055542257606916015,0.35916307976440354,-0.024309477015980827,0.676432153629783,0.0035893829718080116,0.8641974502364773,0.03642996655599668,1.0,0.03452083339661672,0.35492076413928014,0.017548077653269826,0.5949589468024677,-0.03087328033729538,0.5590737742514588,-0.046113691385663125,0.4850258348091019,0.09357121810897095,0.34368816580449385,0.04003393001971404,0.5120899616350807,0.0026497006442754863,0.47734115617225636,-0.008797200545553406,0.417204828572904
1,0.0,0.0,-0.13476967387930322,0.1078842682624849,-0.18594893436774845,0.2983113343247474,-0.15734677760580404,0.4763632593662515,-0.099744918390577,0.5916971449144396,-0.16386370920849663,0.3325935246912474,-0.2668897577926842,0.5708439132400939,-0.3293335275120454,0.6921043842276045,-0.37768877409680485,0.7847620859020282,-0.05443052881386975,0.3531086281350559,-0.02209119753288902,0.6752606060550375,0.004034568098612158,0.8625067706043444,0.03380026575531308,1.0,0.036021069921640926,0.3522493720202258,0.020254922346126004,0.6011204785494544,-0.024894844111094112,0.5657634140660425,-0.03816193616390153,0.49407088778721564,0.09309169415872762,0.34533474158840943,0.03846560839268571,0.5152718953725896,0.0019963041726830675,0.4785128544622896,-0.010560841106224484,0.41839249122558775
1,0.0,0.0,-0.1309630878527529,0.11057755694148594,-0.1803820660004403,0.30046872543683006,-0.15205305896780183,0.47685208879277036,-0.09545645998860612,0.591742145858385,-0.15774862071952508,0.3402192579682637,-0.25861999690480186,0.5850141384555756,-0.3182904056649764,0.7092690795054956,-0.3631723061349546,0.8053146354441739,-0.04821282863372975,0.35691667546389394,-0.018693407793268876,0.6752443579472879,0.0048708885311604415,0.8620973129677648,0.033068662830107995,1.0,0.042383742540626004,0.35168096298854973,0.02593717970008355,0.5939390337634782,-0.018502440485802497,0.5577918251631663,-0.031227585212286135,0.4856802782561721,0.09975566878813522,0.3398477119748571,0.04512985242199253,0.505043904911725,0.010204681815619385,0.46705393818128543,-0.0017235945302685473,0.4058805403244275
1,0.0,0.0,-0.13133826740785728,0.1022067386594291,-0.18306845218819465,0.29303099143003436,-0.1536576938446066,0.4713821742759277,-0.09609775113249902,0.5873133224900192,-0.164637924144867,0.3331377096818738,-0.26286060027641894,0.5838858861354257,-0.3195782716604568,0.7113995634975432,-0.3635628902035016,0.8100505546098545,-0.05549856230363805,0.35325552990689496,-0.02608474893165657,0.6738719002154406,-0.0017257855394508036,0.8603496113392878,0.02639819484482289,1.0,0.035149629180653605,0.35227013049859285,0.02176646629753777,0.5966352833783237,-0.019524228208176966,0.5520002492903169,-0.030665916759030357,0.4772087244278848,0.09221144951321178,0.3433888574560412,0.040662275165185384,0.5149225916905672,0.00894558139023344,0.4722126837446827,0.00020988045062890815,0.40730661975772403
1,0.0,0.0,-0.13005673134621965,0.10942172532925867,-0.1796450775864755,0.2987542418295902,-0.1512918057874127,0.47305869493876157,-0.09198982286432765,0.5868997823724978,-0.1617019310856061,0.3414956693847756,-0.2596476384571467,0.5871439331780173,-0.314835331520365,0.7150570979599689,-0.357232777718441,0.8155934391485508,-0.05107758864573191,0.35599574697047603,-0.023076204039385942,0.6740513888615457,0.0010931755431890374,0.8609772759931861,0.0295706154662017,1.0,0.04230164607248163,0.349498855281509,0.026521133151168413,0.5987757426021143,-0.01701862878396932,0.5546566844382617,-0.02927499922104267,0.4766653061395324,0.10247885150220952,0.3370110453824417,0.049996194347761584,0.5127917195207947,0.0174219814163258,0.472128596632021,0.007241280367128403,0.4083136217082465
1,0.0,0.0,-0.1280133122326195,0.11325558846020246,-0.17213262849734537,0.3056211281625804,-0.13376993235353293,0.48018371801501947,-0.07128985421164795,0.5940824812349702,-0.16232679839375014,0.34943117944552476,-0.25657611790194884,0.5994385651099966,-0.3107529988130071,0.7301640488243732,-0.35147179966719416,0.8323390414931294,-0.05222939780557137,0.3602669598956864,-0.019893248383161432,0.6799166523877154,0.0016166053371454764,0.8627440340157273,0.026136078457835943,1.0,0.0404992522597801,0.35245525919950593,0.02900855773055168,0.5984089257387764,-0.01552248989252381,0.558340063358117,-0.02999263921355579,0.48597983200489847,0.10161057241542948,0.3395191512612072,0.0502795823849881,0.5151337707097919,0.015898925549081393,0.4750995820802323,0.0029113511909889295,0.4128894305388363
1,0.0,0.0,-0.12904960454573217,0.10714158381984237,-0.17732708195952854,0.2939705121420318,-0.14527825030979397,0.46575137550995477,-0.0820843141795878,0.5745263338036435,-0.16575379371644544,0.3466092869670141,-0.2575188395337078,0.6034251414728303,-0.3081509680111585,0.7352959869243235,-0.345560467408312,0.8381161117347811,-0.057319089477050444,0.3602592875405631,-0.0249879787235032,0.6814025349624604,-0.0005118537071880568,0.8633886947606456,0.026243120900093658,1.0,0.036513212863246394,0.3525613302119868,0.027453619264549,0.5963481671699946,-0.014045904379774989,0.5498734936976268,-0.027245591501058274,0.4733456289832589,0.10016474806783751,0.33745420521458325,0.05225558210415587,0.5106787068547783,0.0211512461049049,0.46765602314781657,0.011732641850287596,0.4028107310083208
1,0.0,0.0,-0.12959753631651466,0.10679537086222984,-0.1782771534425324,0.2981196277239651,-0.14469961134433776,0.47327692558357914,-0.08313682587003372,0.5871450229320181,-0.1650348084431034,0.33766514665595976,-0.25681947918768705,0.5976052525228536,-0.3071894935971634,0.7315927942285602,-0.34549385594332876,0.8373247461994399,-0.05520262906821727,0.3515365520074759,-0.02418589774384166,0.6778191608020296,-0.0021723324637166427,0.8614916749745866,0.02268673233990942,1.0,0.03760497801257488,0.3469670354023415,0.02604038431747453,0.5996136499156536,-0.01467180329888872,0.5516981892114531,-0.0262308451007125,0.47462958269271294,0.0986468108344272,0.33599202192936156,0.04994282706569563,0.5170013237409983,0.018164715266141183,0.47390151357719357,0.00877168293846906,0.4089850761253244
1,0.0,0.0,-0.13208015137144286,0.10272981715388846,-0.18271558145876762,0.29175305942502505,-0.15472580222844814,0.4693377685625502,-0.09381590042711742,0.5837625227787419,-0.16641002992569098,0.3360909172322841,-0.2597062933350965,0.5984913143169156,-0.3093122275029222,0.7345230661874459,-0.3444589667573548,0.8424782774498487,-0.05432503916290636,0.3530891629141207,-0.024780229084183213,0.6768202312012229,-0.002930175405430952,0.8611450111664531,0.022947375576967043,1.0,0.039196896953713346,0.3492598664681864,0.0225787561274253,0.5998588536726681,-0.02123046258714358,0.5570659381815095,-0.03385447587048125,0.482732545713856,0.09855145749026185,0.33886417715835226,0.04413469028749058,0.5156532891176244,0.011679571451564414,0.4748633353091336,0.001521661087708303,0.4121654351672888
1,0.0,0.0,-0.1326593076480565,0.10201006652747885,-0.18773416655921765,0.28994608745028416,-0.15925604152822273,0.46568320844450173,-0.09846448107078742,0.5772487738412863,-0.16417105967884313,0.3369591697826885,-0.2572887634765877,0.6012092354919016,-0.3056068865735001,0.7388288138619165,-0.3402106910129633,0.8482424025272012,-0.05222425686599288,0.352047802832687,-0.023339633565753845,0.6765730537674935,-0.00038108244150640233,0.8607366064786804,0.026005970859823653,1.0,0.041057255041012465,0.34693519211886176,0.025253569374051557,0.5960005405512631,-0.017371408309611893,0.5508246816202652,-0.03020702121539728,0.47654893972605455,0.10064326840105928,0.33526886226357083,0.04818499995040814,0.5140251976235581,0.01742983371849677,0.47062875658331926,0.008752498189897146,0.4062873488688097
1,0.0,0.0,-0.13049451693599962,0.10314035638142147,-0.18157784895822246,0.2939640792749837,-0.15134487542445274,0.47011285113466583,-0.08773195472380764,0.5820229169770913,-0.16716272917054215,0.3314963904357422,-0.25447080959066515,0.5939662079013995,-0.30038296765690986,0.7310719608382099,-0.3344545641606564,0.842209242742695,-0.056877823322156504,0.3476171878253675,-0.02554367123889451,0.67448952299333,-0.001470448958160768,0.8588438411896615,0.025027402208897227,1.0,0.03734968118420732,0.3445689330985057,0.02480806113908661,0.5993218628134209,-0.014126212738625962,0.5448370474779325,-0.024730782745292574,0.4663942333350918,0.0994449529496438,0.33389819057499753,0.04985073392879344,0.5114842480102741,0.02183909003380197,0.4613749939457546,0.015666227676030462,0.3943285062873146
1,0.0,0.0,-0.13032908059429865,0.10126541919450108,-0.185292010299259,0.2903535795180147,-0.15958473525289715,0.46749751576549686,-0.09868100093407525,0.5804935770994681,-0.1694239480052446,0.3323586928846945,-0.2542789758085421,0.5955563279333981,-0.2993490667929105,0.7330809686048382,-0.33303693077532853,0.8441538705733415,-0.05855709882589861,0.3474633918255893,-0.025209890349492267,0.6743837354435843,-0.0014668008391465267,0.8585302397449555,0.023747545536360326,1.0,0.036273434663364905,0.34390440994455934,0.0237452406953183,0.5992771096555783,-0.015713945256337507,0.5488438072224806,-0.02654178115964543,0.4723117140780152,0.09907313122335892,0.33382149866603483,0.04961723504815044,0.5157988402347189,0.02109636371375042,0.46955527784781936,0.014293394894101006,0.4038705349274843
1,0.0,0.0,-0.13625817973771057,0.11856497163615773,-0.18847605509382337,0.3018811967183067,-0.1590864904779523,0.47770410050935297,-0.09725971252574352,0.5889613606978806,-0.15757920254840305,0.3437239300079344,-0.2631018758494239,0.5684955959003252,-0.3271782265589913,0.6841870922494832,-0.3775554580884937,0.770589788027686,-0.04942275493226091,0.36178557596697164,-0.01068608878177815,0.6794363457146381,0.021735360854281283,0.867360825844803,0.05709287694021014,1.0,0.04244979029642248,0.3552039220086292,0.02374492354759911,0.5852771366691177,-0.0248797554215538,0.5356924174438016,-0.040895520358200724,0.4547628165837836,0.10161018471038528,0.3412396017532944,0.04941286398306669,0.5084170432181934,0.014478340521271569,0.4658480978931969,0.0060623791256462735,0.4030685433506394
1,0.0,0.0,-0.13447041470767856,0.1186332310156802,-0.18865343637019136,0.2988425411537337,-0.16888144890894466,0.47256033560436106,-0.11878237382487607,0.5843919322422934,-0.15218344765310227,0.3440149090559268,-0.25797449158514907,0.5428175865881196,-0.32521169673035316,0.6500405858999574,-0.37741782699925897,0.7304509199521882,-0.04753452567669036,0.3668052519168808,-0.010869521787144244,0.680306817724282,0.02061444071216037,0.8689121534254591,0.05637936275373103,1.0,0.041808087243856255,0.36254380925948637,0.02180773686198612,0.5945321065050239,-0.029192649480128584,0.5507853932560096,-0.044942929247757786,0.47135044241858154,0.09869243018410723,0.34920271220155685,0.04321576177475179,0.5181737543694003,0.006368036813455155,0.47932316672675407,-0.0026652073569128037,0.4179596218703446
1,0.0,0.0,-0.1211088873471678,0.1302587169876875,-0.16064648012121305,0.32052397046714204,-0.12139243954177839,0.4848877852417849,-0.05764543733520102,0.5884858297072378,-0.14874893215533813,0.3645332537331094,-0.23390664272155978,0.6073074327338507,-0.2834747763643353,0.73180163745885,-0.3234406871593184,0.8273603005842088,-0.04631231873784341,0.36803044991802636,0.003701756591683738,0.6819225719977888,0.040554887412312425,0.8657536139136324,0.07458020664062875,1.0,0.04788853534906109,0.3488845399696086,0.05637590397997448,0.5759037911494894,0.0205551737968819,0.5146624965716463,0.005898892714518171,0.4314081419133101,0.11722947790991506,0.3221612404920716,0.09361439513612001,0.5021592924475826,0.07075870353390691,0.44757455086008996,0.06525508446692581,0.3750632367026688
1,0.0,0.0,-0.10802703672043901,0.14309712968742896,-0.13730597787836415,0.33440687852978584,-0.0936534623270726,0.4855549580170856,-0.02555032241110954,0.5804254067320792,-0.14653899921245833,0.40261420373000895,-0.21121552987125528,0.6476952241673427,-0.25609589776035996,0.7850261298131065,-0.2908587080561351,0.8919799941883148,-0.05018518854380532,0.3868568186592009,0.028037985762889153,0.6909969932478508,0.08084794037917212,0.8683034089600783,0.1279094879157454,1.0,0.045058377715279034,0.352741411245603,0.10129909621662805,0.5840953813081533,0.06803618648942172,0.5267303565797281,0.04589042184893246,0.4439495554667992,0.1229172231138249,0.3151784616419585,0.13303853585160244,0.5064687156918618,0.11151916126371957,0.45452548037285867,0.09806679571047452,0.37948842628527607
1,0.0,0.0,-0.09954296282304212,0.1542131919993546,-0.11945806782722011,0.35003568881684527,-0.0609902925770177,0.49237088764551334,0.02059923516095284,0.5717353318638764,-0.14026174823038226,0.4336272247190174,-0.19801793415696795,0.6768571225838769,-0.2398986716243288,0.8180626885488956,-0.27231701259816854,0.9281570994825364,-0.047798876425973164,0.4081253537696495,0.04188778451017868,0.7025028504073191,0.10038747395429175,0.8716795063246804,0.1503161773210934,1.0,0.044606809030971674,0.3633209035378099,0.11393642627772606,0.592154583931252,0.08682426554423744,0.5294203507580512,0.06531004882385666,0.4479443857100876,0.12167213527989396,0.3151900870949692,0.145174428079825,0.5002135172973311,0.12556177891336867,0.44679174870666516,0.10804218246430065,0.37354802567780404
1,0.0,0.0,-0.09805867780459304,0.15383814478476546,-0.11735917986662048,0.349756678410148,-0.0631533280243806,0.489691972809917,0.016542638267096805,0.5722162426848726,-0.1354971008102929,0.4290597075401655,-0.19496378234397485,0.674622224029203,-0.23548134924006586,0.8142181414753938,-0.26628909966183223,0.9261141801380733,-0.043068899283356304,0.4017418915728775,0.04312814011934675,0.69669957941441,0.09745166211526628,0.86700026560994,0.14491477069617154,1.0,0.0476106426080705,0.35887587186483094,0.11682081862557853,0.5892045668030098,0.09124387171810841,0.5247614115906399,0.07102197177685421,0.44547720968521126,0.12189021114975832,0.3137994386078696,0.1441571372101348,0.4953609150550522,0.12558180790209453,0.4403159532893312,0.10807833196633075,0.36892457838175297
1,0.0,0.0,-0.10094217601399433,0.13605766481899,-0.12672429645861116,0.32368822426787036,-0.07761431823204078,0.4687073011300858,-0.004136178971719267,0.5550258916829826,-0.13566500133669387,0.40115141110058583,-0.19662102333573886,0.6540521913280247,-0.23250306357872355,0.7979696160984301,-0.25839482382683865,0.9104181765641249,-0.042867695122535424,0.3864031190553824,0.033407920336136016,0.6915687841030784,0.08523362781806747,0.8664667549554255,0.130960920634381,1.0,0.04709319306031812,0.3529403401847265,0.09976155853869227,0.5796450111957769,0.07134607390603583,0.5202137473942197,0.0527436221158705,0.4449878615834182,0.11833109520814564,0.31403296766128025,0.12521081903019382,0.4920761096490754,0.10228489659552571,0.44017591818506335,0.08655780466962026,0.37144667364116957
1,0.0,0.0,-0.10210765194667518,0.13580034684326406,-0.13082815008786083,0.330200447865864,-0.08445647668150019,0.4835437634786723,-0.012200525081541324,0.5701427138383264,-0.13941746073481992,0.40416500168806613,-0.19376654414963174,0.6571535807127485,-0.2318289444236055,0.8001180339454754,-0.2596753521359731,0.9104814905284219,-0.04811671784383361,0.39162843158903815,0.028152059324939326,0.693393870225239,0.07739266106058944,0.8681873126875738,0.1224191089236157,1.0,0.04039111756848579,0.3604824351883043,0.09871703239690531,0.572167049023666,0.06773144148451844,0.5122900997478692,0.046447096843618765,0.4395741398573063,0.11116070471776587,0.3254787913401647,0.12440789801377232,0.49555804494385547,0.10171574877961519,0.44296266846030075,0.08577825375028106,0.376125405428979
1,0.0,0.0,-0.10502580965239905,0.13676390972607283,-0.1330193213553358,0.3293300627805575,-0.08602041187047467,0.4809999624781793,-0.012951430683200885,0.5649571208970932,-0.1401664837229746,0.40263385313959366,-0.19495325555397394,0.6574095470997121,-0.2317154083059017,0.8012665699040454,-0.25885165063254045,0.9114788778950615,-0.04634778677838243,0.39359675239707853,0.02743396010656197,0.6946304487788434,0.07709423873288215,0.8689063520868981,0.12086135806358816,1.0,0.044528871849879366,0.3636729514723741,0.09751876537724617,0.5757479200701837,0.06646186502507709,0.5157844770440905,0.04541078353304273,0.4412950269293512,0.11691769558844638,0.3279249301528329,0.12405830652706962,0.49409909810645836,0.10038724901326546,0.44182465040681396,0.08502667920570475,0.37394693223380504
1,0.0,0.0,-0.10652684171786755,0.13596845987384784,-0.1351060531968122,0.32879071817098776,-0.08729089136838475,0.48081417396179277,-0.014681798639303965,0.5646059110287508,-0.14386020448928846,0.4024392936410449,-0.19708461490953605,0.6544153998592342,-0.23472938988270614,0.7964111589844696,-0.2630619330619659,0.905119004960815,-0.04906364504588314,0.3956259676155179,0.023369565055239676,0.6980199703610174,0.07226762085851608,0.8700812163022161,0.11510570710037722,1.0,0.04176488893437206,0.36680896401701,0.09543907554061905,0.5800574758769294,0.06752759149402372,0.5186920419003439,0.047950169273976204,0.44371726069445444,0.11438651274127173,0.3310094648424202,0.12451893341432786,0.49682038818295493,0.10337035272298829,0.4451859328507277,0.08856249740800623,0.3773068744597837
1,0.0,0.0,-0.10557308304704764,0.1347501759366595,-0.13397181447518586,0.32850479535086724,-0.08797387342479193,0.4813084623248331,-0.017175643144568317,0.5662506965173906,-0.13994070069312375,0.40127867033388037,-0.19445896536808407,0.6526699446247136,-0.23145428336282717,0.7942076722317638,-0.25903629711502835,0.9040751530090825,-0.04460303340721399,0.3958623533305555,0.02417475331035856,0.6958235326463076,0.07218879288348386,0.8689273759539797,0.11535856243305455,1.0,0.046040192817888737,0.36733566796823086,0.09517270559792469,0.5802532618888907,0.06632568591324574,0.520411574167509,0.0478748484667328,0.4454875037401055,0.11732162150297328,0.33056614222034836,0.12320315743562936,0.49530728197226453,0.10116661325264145,0.4446664410242488,0.08712194594260922,0.3771693922802425
1,0.0,0.0,-0.10661738728047004,0.1319844494510943,-0.14534732856675944,0.3308607946541568,-0.11375657398417643,0.4925712588163025,-0.053004556198375186,0.5886099851494333,-0.14798894942237942,0.39501169493405947,-0.1981731307273831,0.6478247783464965,-0.2340058734758174,0.7900503006946601,-0.2610686935680719,0.9010461846912576,-0.054680243754959335,0.3836429982689874,0.019475019386318897,0.6917412928442158,0.06753474879269614,0.8670594645076266,0.11079683408408025,1.0,0.036486269915890886,0.3535590996329002,0.09143817771308489,0.5821025263402869,0.06193203497866227,0.5223326785533341,0.041981791443199065,0.4463186139631409,0.1104752572239032,0.3174318411906432,0.12135850663254154,0.49844668905126255,0.09979812369899685,0.44796333151823065,0.08549389184373439,0.37894683352782293
1,0.0,0.0,-0.10631471698607328,0.13313876173688827,-0.14120380282291112,0.3305599744256976,-0.10542371021690522,0.49084110512231816,-0.0413949403307667,0.5844631898689521,-0.14775074597359383,0.3944270988270242,-0.19760513334285046,0.6451422559282992,-0.23309587451072702,0.7868723848782003,-0.2599482147467791,0.899216598854078,-0.053002711625583905,0.3851223994210262,0.020285003264892625,0.6894933219268413,0.06826993200579846,0.8654778448984481,0.11122443519840967,1.0,0.03926946776418031,0.3552799939857043,0.09366076527698458,0.5807883889777345,0.06383897942398971,0.5219282108922718,0.043693647490480186,0.4457781367558428,0.11362819687246088,0.3184082675795673,0.12226780186748698,0.4963755816283736,0.10039268263700979,0.4462904656481145,0.08603874419519249,0.37730562111637883
1,0.0,0.0,-0.10633364138217222,0.13267256832351468,-0.13951036611136244,0.329613058906941,-0.10054476716871466,0.4888744087738479,-0.03379362370454596,0.5820450847079218,-0.1487213318887941,0.39410153832608835,-0.19999125584014474,0.646660970442486,-0.23463315319662897,0.7897958058381841,-0.26035698408217345,0.9026630774544759,-0.05349337449599008,0.3857060931619618,0.019165936359043016,0.6910671796373458,0.06658467389166647,0.8662134527547184,0.10879718071459017,1.0,0.03873542621243711,0.3574227925991955,0.08955987878971813,0.5809812119255316,0.06047518048351598,0.5216343585985966,0.04189909930646192,0.44647725293954765,0.11270155326027202,0.3218961124697279,0.12040032025861078,0.4993921907440814,0.09921030620936012,0.44823915607739395,0.08646005909669824,0.3791505274065558
1,0.0,0.0,-0.10889227862721947,0.13235272110144358,-0.14427340727101393,0.3293206705393529,-0.11192868267348068,0.4898540388617997,-0.05328982066214982,0.5862450156007407,-0.15107391233564274,0.39259780714397685,-0.1998876559223786,0.6464954225683712,-0.234151163551784,0.7871930774764485,-0.2599479002828404,0.898579842068292,-0.0548483075301218,0.3841768385270047,0.017935598969131227,0.6894227416036331,0.06378836866936512,0.8659964316546067,0.10545892147569207,1.0,0.03919632263610722,0.3561592957997494,0.0863923235981063,0.5789249645259064,0.05575301595929855,0.5203730210353401,0.038078626040395795,0.44466290805789105,0.11442483142719757,0.320853748478359,0.11713729392563493,0.49848058867571093,0.09491169909684855,0.44781207943717916,0.08286842002233881,0.3784355301145465
1,0.0,0.0,-0.10724393942833722,0.13182308111779042,-0.14031677453896116,0.32706226172636665,-0.10395988470702182,0.4869581245811864,-0.04340085118103737,0.5819292945709733,-0.14708334354447877,0.3884360318972629,-0.19778044027652633,0.6412990742011739,-0.23208853581796687,0.7835942800947013,-0.2577676997739816,0.8959309625333904,-0.05153438560001467,0.3803369272054834,0.019204420716832933,0.6875288762422704,0.06592676330945754,0.8655283106325162,0.10919019627801117,1.0,0.04086312469469928,0.3534143840183521,0.08970327138037196,0.5817145974074867,0.05724746509254154,0.5269181079165971,0.03812227785270963,0.4522046978084802,0.11494792917218757,0.31916853261254424,0.12038256388405812,0.5013327612084925,0.09738320541962997,0.4535930126597656,0.08470178969931723,0.3844596239281492
1,0.0,0.0,-0.10561481308005242,0.13228893362897043,-0.13888320194606762,0.33164392099388457,-0.10493882654236815,0.49195804169389473,-0.0447686211702847,0.5891212099464,-0.14826799224896975,0.3926452846010599,-0.19683476933885827,0.6457585773157714,-0.2312222226419228,0.7883655978152067,-0.2572086470070522,0.9020168543357797,-0.05276865138872625,0.38228942467864574,0.01913900105386815,0.6885974488080714,0.064946381152758,0.8654321426008257,0.1066105107294354,1.0,0.04004623421558592,0.35345045497641076,0.08884811078080676,0.5823030229773475,0.05869176811878869,0.5272388276755597,0.04129425585199007,0.45199067761077893,0.1150432690310079,0.3187862762947658,0.12159538262212972,0.5029228032137313,0.09940598098504565,0.4556248984849229,0.08738463165608391,0.3864017012982598
1,0.0,0.0,-0.10555869594552032,0.13174061751949265,-0.13899174491781757,0.32768835798529006,-0.10595666542815473,0.4860644076881262,-0.04615001026156183,0.5821743387802522,-0.14725713758041328,0.38620582683616295,-0.19877326358531822,0.6421078805859755,-0.23277203430515003,0.785400074099991,-0.25799387707996063,0.8999305434879873,-0.052261490936071936,0.3776220886910514,0.015943464250592534,0.6868975095373823,0.06084583115301798,0.8647204794960297,0.10192142947507389,1.0,0.04034618829450434,0.3515824818469697,0.08484622069349494,0.5840628876072619,0.05489149122732419,0.5275929145477187,0.038222229380187364,0.45185875003414877,0.11493175026572064,0.3193144418745175,0.11837364442585716,0.5033446219293678,0.09617525588617411,0.4542536412740111,0.08488640898845083,0.384295001351275
1,0.0,0.0,-0.10702118854049754,0.13313633078877596,-0.14166149184493734,0.33182868252455455,-0.11029787380828124,0.4914164779990585,-0.05276343801413326,0.5902273444363109,-0.14962732584250624,0.39039477945274154,-0.1992836770829543,0.6433520680917529,-0.23289088197798138,0.7852178043319026,-0.25799539270032046,0.8990271688163893,-0.05400705944275926,0.3779556906157341,0.018403630345785005,0.6852961509689846,0.06248713543982934,0.8633606508951162,0.10314614284081411,1.0,0.039451696087063184,0.34873285642519203,0.08861271684608528,0.5824049353918244,0.05807439745823145,0.5266987138730433,0.04108640770948459,0.4511838118615613,0.11578917348874466,0.3140526119945774,0.12287721046333447,0.5000125950710381,0.10083303724199867,0.4513776170987961,0.0889694637230561,0.3819566113797261
1,0.0,0.0,-0.105573268587819,0.12949338397730867,-0.1406051079785839,0.3266699002954333,-0.10924909001006254,0.4843810260146042,-0.05055280160198346,0.5815419972094756,-0.14795067257350958,0.3893165950496912,-0.19847049967162256,0.6444404834518136,-0.23195975530182916,0.7866225932790971,-0.2565205941732076,0.9010960907434034,-0.052011125627997146,0.37842741096048194,0.019309383206586633,0.6897497311134351,0.06355645675735719,0.8648119799867555,0.10390600473313294,1.0,0.04077061871414023,0.3496988683211054,0.08920378273783203,0.584286782755155,0.060225120129004765,0.5267731697554812,0.043817645219259176,0.4514317468798066,0.11645607051498881,0.3143965468248592,0.1213955600210429,0.49785361812363826,0.10060445152763127,0.44735916771744405,0.08919056254503603,0.37765836043472856
1,0.0,0.0,-0.105405789799386,0.1278644497602588,-0.13896486872107255,0.3267252818415514,-0.10474262430759501,0.48808042110933075,-0.044248404877436184,0.5876531385748069,-0.14527409478591238,0.3837295228930538,-0.19809720072444362,0.6400748349651472,-0.23099871240284392,0.7822534009359666,-0.25438531987938046,0.8969955562011194,-0.05078957999518853,0.3757125284262416,0.017462904038455428,0.6885353922783509,0.06071890589041656,0.8644783567173686,0.10063214816899448,1.0,0.040862523660165136,0.3489329284437928,0.08623723561514916,0.5809986367508371,0.0574542191880724,0.5232890163877377,0.04203634019799643,0.44839731223550167,0.11503023810712627,0.31521543421982356,0.11940186497327214,0.4969196015862713,0.09913802103428397,0.4448711721975849,0.0885358461903919,0.3742890602659017
1,0.0,0.0,-0.1041841935118406,0.13262329609490137,-0.1369410614189188,0.332823282232674,-0.10269605155535252,0.4944733847509736,-0.04033862661119956,0.5932006533143388,-0.1467849111626875,0.3883142030045847,-0.19658321878795904,0.6444238583796027,-0.22855658268492537,0.7861684697420488,-0.2516836767116249,0.9007719319319137,-0.05191707476063012,0.37843061689793384,0.019572282036570497,0.6894123977755523,0.06369814802765833,0.8650562216451855,0.10301015082073031,1.0,0.04172257436425232,0.3501660813136417,0.08865895386896434,0.5822543469988505,0.06063981307529571,0.5237657574774508,0.04507802204518813,0.44839437035837193,0.1183395902938322,0.3158264321735927,0.12245169719010832,0.4969500824832861,0.10246430666037558,0.44445485880927105,0.09246666809232243,0.374979468281965
1,0.0,0.0,-0.10656962729225596,0.12966079526593297,-0.13768589967151523,0.3303753485766631,-0.10158972826589083,0.4942437794204076,-0.03630774068900307,0.5933421961391027,-0.14944524732986475,0.3835606580712736,-0.1996413461769105,0.6419937484152167,-0.23090850165740623,0.7827752487244363,-0.25264550514776973,0.8967248303113708,-0.051369415480833194,0.375181727496493,0.01675392638463432,0.6893531844241725,0.06053711508635031,0.8654864288822642,0.10165571124697316,1.0,0.04381587751803201,0.348515068901139,0.08563017038515824,0.5832655658354652,0.05398542880879002,0.5267823179836388,0.03836441204888582,0.4509301897790092,0.12043180412982334,0.31587710185494655,0.11956706386857462,0.4993391486636668,0.0957485697318662,0.44977185551936666,0.08504404174815855,0.3811637808823241
1,0.0,0.0,-0.1118220584960964,0.13345508679135612,-0.13796231473164786,0.33142091461447537,-0.09617943122126929,0.49357775050000574,-0.028740122404911903,0.5886034539251807,-0.12639930582978343,0.3874887836151318,-0.17679089951651117,0.6638701744632162,-0.20407714939250438,0.8076640425568941,-0.2218871250551988,0.9219818535885664,-0.022296529609991816,0.3803915059338078,0.0509341744525073,0.6922296871697645,0.09991606953779347,0.8675317617231579,0.14517634841657293,1.0,0.07010625391262754,0.3524126029256229,0.09272523831982607,0.569111448141817,0.05108142087743103,0.513299549946508,0.031696949604390505,0.4395154075535631,0.13541792625571825,0.31956534640167666,0.11669487402473412,0.48661998508795296,0.08985809757916466,0.4351346033114382,0.0819497746906598,0.36972878249665386
1,0.0,0.0,-0.11406226323588409,0.13055864048209545,-0.14376283920851385,0.3258588354337146,-0.10668898141947146,0.49092972579146626,-0.04607707265381931,0.5917188128681348,-0.12582014905322386,0.3876326635218859,-0.1778888892331613,0.6651733605760995,-0.2068450991128248,0.8073483171498259,-0.2262892103507757,0.9195636081851647,-0.02224245560250939,0.3808128241662694,0.049984367574321155,0.6930665064914773,0.09747861293833683,0.8680295722115522,0.14126091337334468,1.0,0.06879359133991651,0.3523030863970748,0.08951780569433422,0.5666943904305652,0.04732456825660018,0.5111636470781086,0.02723701191826757,0.4367336773204709,0.1324815247450454,0.3180409995958734,0.11408616557623305,0.48616135643715847,0.08564961028119333,0.4367357429548221,0.07622869464155269,0.3714243684950039
1,0.0,0.0,-0.11737912633107365,0.1311432234777561,-0.14979041374644178,0.32650322451923297,-0.11112178104835327,0.48952405164350393,-0.04452152803675536,0.5848832554870802,-0.13084767515516652,0.3883788000650338,-0.18297022919293365,0.6645307857716412,-0.21179412605571127,0.8059659804206732,-0.23165386164491475,0.916325669531045,-0.025706779934104647,0.3846730731635321,0.0445254774575472,0.6957641218671311,0.09085993591260254,0.8694469223809361,0.13282077652780236,1.0,0.06569949252136947,0.3600604290636121,0.08042220185913865,0.5749061409178206,0.037796980901844385,0.5187758024253978,0.018353250969381677,0.44360559884518935,0.12905858753646174,0.32976164294734744,0.10633932501911995,0.49924138208956687,0.07637038867639624,0.4504297591489613,0.06666914846318894,0.38386446582511335
1,0.0,0.0,-0.11962772941914217,0.12616970950053363,-0.15458035337514767,0.3167898651820296,-0.11455098181340011,0.4795227470323333,-0.0452255429600547,0.5738833984491198,-0.13717560839585627,0.37872950249153525,-0.190119623074655,0.6561925745747764,-0.21898745206502065,0.798869677804499,-0.2386090284678102,0.9113321251311153,-0.029742051881128377,0.37887758217586076,0.037376883306662986,0.692090988420256,0.08432410715441613,0.8671694684710278,0.12616039997224596,1.0,0.06319176886419536,0.35828854213805245,0.07484438905275113,0.57466627159356,0.03501051758504436,0.5161041020545402,0.017238919006667512,0.4397629154067893,0.1279283375786237,0.33162023466702506,0.10065956553304249,0.49562939466101463,0.07225008534946442,0.44380426891328856,0.06389623832508785,0.37744784227680805
1,0.0,0.0,-0.11847161413837468,0.12442782459528212,-0.15264804747646668,0.3156589455675722,-0.11344644498837786,0.4777826839885579,-0.04593295896330788,0.5737254080595265,-0.13614133466864384,0.37395295744188534,-0.19253573358188047,0.6485844491273978,-0.2219290685097724,0.7907252984997821,-0.24191556624560986,0.9034755555465739,-0.03076290390773193,0.3738019699679274,0.03537581662787809,0.6879859728883658,0.08026268933518887,0.8651085702424475,0.12129476233691079,1.0,0.06077303565801597,0.35409767157395206,0.07345699390290639,0.5750899248772361,0.03245263561915763,0.5185735523354197,0.01423915809615477,0.4430721649395249,0.12491499737215396,0.32795287689598623,0.09897127874698296,0.49316218725131633,0.07042194358986721,0.442577486093202,0.06156752423991303,0.37614068799189115
1,0.0,0.0,-0.12295486899255877,0.12225370899951636,-0.15645583970481416,0.3147679707810389,-0.11337962357755813,0.4762165594039528,-0.0414589745778185,0.5692992037314532,-0.13546699164189918,0.3713100600073393,-0.19507445008277433,0.6461976205215522,-0.22527741195256312,0.7885796990593941,-0.24549141880282782,0.9019300806279974,-0.027579247824945523,0.37474765262654103,0.0340101850061239,0.6872431735934575,0.07636730700184059,0.8646590515001474,0.11517635056127011,1.0,0.06386598805038989,0.3577587656703136,0.06621860130285394,0.5771624231541972,0.023578566471731944,0.52057495839676,0.0065650470843160195,0.44423343622054956,0.12619079258448582,0.3355532771757117,0.08978391523850783,0.4941465204710268,0.06027973654822573,0.44267251794944373,0.05286407831672625,0.3767208400091183
1,0.0,0.0,-0.12014492826208432,0.12330686284260015,-0.15568426302018307,0.31534060216490883,-0.11571322577713988,0.47762376605991314,-0.04649824670859875,0.5702590835949021,-0.1316241395421051,0.3684636502375046,-0.19037560717686813,0.6415834500167066,-0.2208742202128276,0.7830287402417045,-0.24139685201734046,0.8955066944178722,-0.024732534520272142,0.372396804079971,0.035557364932884104,0.6844343068435246,0.07730065388002923,0.8632794741485215,0.11619417353470844,1.0,0.06608688683990421,0.3563955963444536,0.0696112136239435,0.5803073286221154,0.02628956889995185,0.5245083736567698,0.009076618941557191,0.4489107127142067,0.12696376864996203,0.33449866455074456,0.09011238093466423,0.4979238826121144,0.05961476957508172,0.4466180185839587,0.05092164958927691,0.37985313993347436
1,0.0,0.0,-0.12151280613315606,0.12003960459063155,-0.15926717440981358,0.3087605087358429,-0.11775254391365364,0.46873654194834297,-0.046155815661474385,0.5572512532904959,-0.1334082496728863,0.3611002613925715,-0.19110671344272787,0.6335543834228489,-0.22243730634791653,0.7744814525225868,-0.24405543960683557,0.8864649457315944,-0.026072761677805843,0.3707078627914203,0.03255976458328864,0.6837249343676884,0.07377957006129376,0.8624504178913746,0.11192864865141354,1.0,0.06425707718575809,0.35788702390554916,0.0640024620375492,0.5735569949331302,0.022234921405333535,0.5148028444717752,0.006339235185540133,0.4394864901230777,0.12552114762094682,0.3373718914253944,0.0870241044672313,0.4911482162802233,0.05832718700132835,0.4398959772085342,0.05086719049376157,0.37654667691000077
1,0.0,0.0,-0.12083558903675727,0.12132454905053654,-0.16193429295277173,0.308342476545642,-0.12362572065652089,0.4699599795010738,-0.05421407893219745,0.5619854552809807,-0.13359401757706432,0.362771785704067,-0.1941627352978421,0.6331842373569416,-0.22669699011966488,0.7723129083460601,-0.2491595468592818,0.8845153502565624,-0.026785008587962233,0.3707360831243355,0.031407890386836494,0.6871903808023987,0.07043502993392807,0.8635089085058362,0.10734711996602776,1.0,0.06257583342044527,0.35655454297961353,0.06224551628483309,0.5729666586495356,0.02093519410097789,0.5157921902943987,0.005870636364743774,0.44215002460381064,0.12312103800035185,0.3345715976555982,0.08520354872786826,0.4911042422522076,0.0566690774718331,0.4414264997630272,0.04860095395362132,0.3786536375537155
1,0.0,0.0,-0.12099978105079735,0.12341907047555087,-0.1608522229016328,0.3124790126411967,-0.12077118900761558,0.47605186373418434,-0.05026075375248303,0.5686805644578511,-0.13216207799810092,0.3589431106442212,-0.19441370395118227,0.6298875020845552,-0.22897250996332316,0.7673972441896214,-0.25220650880391343,0.8778165602739928,-0.024119722104680406,0.36700877952269073,0.03280551071319583,0.6856326213891817,0.07082453660478988,0.8641347876249457,0.10700986292418573,1.0,0.06616520114398122,0.35349802548659476,0.0596609633991807,0.5709730079876754,0.01644359562237729,0.5142311309463711,0.0009503870182408509,0.43926825588241636,0.12693097881638102,0.33424155655866306,0.08515464847308456,0.4909941541697344,0.05466767368173862,0.4415753054795158,0.04677827025592099,0.3784027882557009
1,0.0,0.0,-0.12200669334216786,0.11805900162133164,-0.16226919546412566,0.3085982013732999,-0.12113467141607348,0.4739977628400765,-0.0506703686269353,0.5678125286056916,-0.13471095037920341,0.3540413270943759,-0.1990334074802307,0.6232387750203269,-0.23350505486483095,0.7629967967293368,-0.257076853273313,0.873985463278298,-0.026442499123585372,0.3657534005879417,0.02596709555484202,0.6824180881776556,0.06191143125239296,0.8626246641355264,0.09697170052210789,1.0,0.06346148777653113,0.3544389373518703,0.057104399757296205,0.5734558736217193,0.015036922774339033,0.5137599221896848,0.0005917392855655007,0.43688511047358697,0.12403286193515184,0.3355749804241422,0.08315297282391987,0.4911461576197344,0.0542264723411479,0.4391360152990678,0.047917845728920494,0.37419744650895076
1,0.0,0.0,-0.12215819852920332,0.11962555353325735,-0.16413118667324386,0.31055150623415945,-0.1277157858329506,0.47780863200031753,-0.059587819716840455,0.5735883130064015,-0.13464565366536824,0.35161552331218426,-0.2009008204482698,0.6216426542380378,-0.23537297226805468,0.7620161368056383,-0.25924180827479065,0.872296262906326,-0.02610749176433233,0.3629433227304428,0.022365295094887366,0.6821481626381353,0.056945460318540315,0.8639578265775344,0.09118259084749415,1.0,0.06376788174658525,0.35292146489989623,0.05447674451569738,0.5716968026898456,0.011638940391343052,0.5135426411970493,-0.003508734627226182,0.4373245845311198,0.12344443688445117,0.3357562639269251,0.08051109334512692,0.49473299993763004,0.05129091610108467,0.4439484143859112,0.04480741862139743,0.3794241553125018
1,0.0,0.0,-0.12164288484200728,0.11985403980068232,-0.16416761148836828,0.3113911439549921,-0.1289701886652396,0.4777900657135166,-0.06291367797035093,0.5740023272974241,-0.13506259997773098,0.3540772712231508,-0.2001158671600359,0.6281039579271951,-0.234172820391255,0.7704086820167427,-0.25834423439295096,0.8816333344756989,-0.026008537026369166,0.36436211701303334,0.023158785078505405,0.6820018113842471,0.057055190907072915,0.863548785862045,0.08971897947595564,1.0,0.0638253426279235,0.3546325746840494,0.054883890383523426,0.5741253330576488,0.01263375809900499,0.5186047989879683,-0.0022931686582460574,0.44366528156018514,0.1235203935729277,0.33764256403160836,0.08074752235825221,0.4982132880065402,0.05171802074204185,0.4488999232244972,0.04530579445296636,0.3842648756269561
1,0.0,0.0,-0.12095277760774865,0.11572263402563963,-0.16279178603781666,0.31001192391693466,-0.12368827282698136,0.47397691094787364,-0.056189229151658325,0.5678616694368336,-0.13474225890666086,0.3545083092878852,-0.20158767731600719,0.632506649327976,-0.23528711784645243,0.778453708963113,-0.260159834991367,0.8910444777653977,-0.025339143906424718,0.3671229487531253,0.02385111555041711,0.6867661073112573,0.054693781342729786,0.865067260907773,0.08422220519552898,1.0,0.06324655569733369,0.3581074573634717,0.05567029549255394,0.5759140587646354,0.013279251228811219,0.5170471205174555,-0.00067288730721372,0.4420477233480053,0.12117479046822884,0.33972191034361626,0.08105409879829119,0.49871479380412903,0.05129895358604275,0.4499475858455672,0.0449169399379591,0.3863778559008122
1,0.0,0.0,-0.11836053733370809,0.1179448837956385,-0.16040998331790235,0.30852195926193593,-0.12204201960272015,0.46985837506009903,-0.054495521860406126,0.5628676335023352,-0.13797617044062002,0.35978063479205197,-0.20356090400411953,0.6343124076096306,-0.23783689709253436,0.7811206059559981,-0.2628415349940249,0.8947138253368451,-0.029622309102468138,0.3713606821022341,0.018380868057334077,0.6900718203974979,0.050368686266517276,0.8669897199998795,0.08198145499399045,1.0,0.05995540440707532,0.3608911485596249,0.05579413427775786,0.5729678566524725,0.015495110511184983,0.5148508260055925,0.0019376600040144929,0.4399933024828591,0.12075861577184939,0.34068941096427174,0.08327059791409933,0.4991215606534929,0.05465392072337776,0.45045709693623026,0.04809285042914757,0.3856593359845056
1,0.0,0.0,-0.12295159676460266,0.11792979190923533,-0.1643431945441034,0.30706826921853636,-0.1261686511925376,0.4686709514245482,-0.06083753386377811,0.5640975345811069,-0.1421764403197159,0.36192609831271755,-0.20683076725360888,0.6331514303414421,-0.24116393572590047,0.777765207352951,-0.26516368789526307,0.8901969398235156,-0.03498882713647727,0.37471740802504067,0.011781586744280974,0.6899230467183033,0.04433393970858481,0.8666960115008366,0.07716431149694808,1.0,0.05449327080161927,0.3642228443065116,0.051317329808886494,0.5794112829210262,0.011929796365586703,0.5211210570005435,-0.0016922634937061585,0.44618851501937756,0.11487223173429623,0.3431984973183187,0.07925405278203188,0.4998145223434629,0.05198520750101687,0.4507528250931683,0.04623867053525883,0.3863831296337519
1,0.0,0.0,-0.11406473731765292,0.11899558915650152,-0.15866415899813116,0.31397386236269226,-0.14232348477621262,0.484195928546032,-0.09775189410879961,0.5920363416475632,-0.14942813221308793,0.3811347105864858,-0.20525818622460104,0.6454105692067253,-0.24022614260819455,0.7855739506480236,-0.26561933752366196,0.8945316226537302,-0.052737983811280136,0.38074939244303163,0.007175490015586855,0.6941975909653686,0.042840114699492775,0.8679613395974445,0.07747677784734704,1.0,0.03677965115387827,0.3594876890927581,0.06411000364184433,0.5769703873556118,0.028669068865088493,0.5156449733097608,0.012999464364620204,0.44231203983019807,0.10468345348046167,0.3295544671529305,0.09188669414148246,0.4904192109595255,0.06752190724890733,0.43720467686035813,0.05922007976338579,0.3708878375942813
1,0.0,0.0,-0.1104326843335848,0.12066526487001279,-0.1472892355927941,0.3134611460031598,-0.11875678828055194,0.4777133440493579,-0.060741668138018116,0.578596231353009,-0.1501591734750111,0.37927267085065514,-0.20673213989533148,0.6408965383877504,-0.24067503311496186,0.7804648859110265,-0.26218053520504525,0.8909877621776308,-0.05322180107175532,0.37965407571994947,0.0041575423768325966,0.6948796205212635,0.04165170474218483,0.8683179433793389,0.07904084700925842,1.0,0.03870747316598908,0.3590320724042494,0.0646278703773768,0.5738201863304189,0.030988113773301813,0.5132327616846324,0.016503136462687674,0.43878864590570665,0.11090397540053244,0.33118462517990616,0.09656345805043258,0.48858559940565044,0.0739792451546677,0.43451156100070243,0.06720613672026972,0.3687610303587575
1,0.0,0.0,-0.11133212152409223,0.11783222708581267,-0.15116744677173727,0.3109019718714964,-0.12447721677889954,0.4750187824816707,-0.0690867574908427,0.5773198442020809,-0.15280191130656004,0.37564925052710024,-0.20593027902983688,0.6381128275217975,-0.23908975395810506,0.776957005940326,-0.26159320012518844,0.8865852839533703,-0.055841039747338006,0.37569749418606474,0.0001700014649225333,0.6930522468871545,0.03455838788376586,0.8674821733936834,0.06893620664397887,1.0,0.03513639286450248,0.3562425878021192,0.06137022252808872,0.5744511077701314,0.028519047553774643,0.5138806578995431,0.014526548600394021,0.4412603204098781,0.1067549469469077,0.32831869853004636,0.0949573047447026,0.4913741486430016,0.07142695783680335,0.43946274636141347,0.0637601980777429,0.37382564021824205
1,0.0,0.0,-0.10929876950880214,0.12428303052714845,-0.14622364303105975,0.31825818708477505,-0.11910574985761986,0.47859335083252286,-0.06480248047077138,0.5796154616656993,-0.14954816624673858,0.3770117057352111,-0.203222602642309,0.6379663516852906,-0.23439825403521344,0.7776925581640255,-0.2559807222440441,0.8888348553835428,-0.053825138431016294,0.3742801556891229,0.0016466769595955134,0.6869502628812414,0.03747638850137417,0.8638909449864943,0.07295975771470349,1.0,0.03694999052816524,0.352707219837956,0.06744733145429885,0.5781023890206607,0.035399544988794183,0.5197463545540764,0.02109934411326983,0.44693260834961906,0.10879385716715277,0.322824489020237,0.09848499062197574,0.49426787559153573,0.07373535875255029,0.4437714969796044,0.06438578026432774,0.376402391381054
1,0.0,0.0,-0.1110372867563807,0.11954611210175209,-0.15450300519696172,0.3170283074713127,-0.13767954136126956,0.48430929281877,-0.09122098054811627,0.5913814386168681,-0.150191632562695,0.3736920620931039,-0.20389589462308574,0.6386102284780404,-0.23570100317747905,0.7799083759415069,-0.25788590392919897,0.8920354435729533,-0.05325995162155119,0.37058158584112544,0.0004080804167028588,0.6867390084707005,0.03333480375682591,0.863767688853538,0.06639750337249965,1.0,0.03712970908808125,0.3501002540800841,0.06587072794603516,0.5794000641832275,0.0333357132971306,0.5202096065950161,0.019151432245538287,0.4468178898695249,0.1072540538590355,0.3217870223454346,0.09249433697467795,0.4983175778214054,0.06863497252202945,0.4465303235431931,0.060220208803167745,0.3776350709039724
1,0.0,0.0,-0.10840725394571321,0.12211928118634285,-0.15043876037473106,0.3202519014260109,-0.13236544094619998,0.4851654974404448,-0.08748291071777178,0.5916179839810992,-0.1497442259358485,0.3788102426969167,-0.20130263389294795,0.6387179435611002,-0.23218938032194764,0.7781239948870894,-0.25377000037652747,0.8886632412242255,-0.055181842362608674,0.3733838616084559,0.002339611765380127,0.687312823119937,0.036410964178021595,0.8644637137132974,0.07030584768359231,1.0,0.035120034392534895,0.3496310257440463,0.06828711597031512,0.5765192317085139,0.03665895818624441,0.516596772176524,0.022224799612524482,0.44306594387502435,0.10754683570986696,0.3185061143376375,0.09970326912052706,0.4933598848219048,0.07677153536870887,0.44125286572954164,0.06782469787449477,0.37316233037550073
1,0.0,0.0,-0.10915910751756445,0.11974381401284626,-0.15024948905850352,0.31108458950074513,-0.13279192851562174,0.47395455785905805,-0.08620555612069192,0.5769913408961397,-0.151372154003268,0.3707746516311406,-0.20537092018785785,0.6328663932948368,-0.2372502913175274,0.7734934493239465,-0.2590536540790901,0.8845674516297531,-0.055752289198127816,0.36866415012159814,-0.0029609458437078167,0.6879526845891388,0.030013340318066784,0.8651663414975135,0.0635656993886649,1.0,0.035151598602339455,0.3483990223283489,0.06311928775023087,0.5789635452866132,0.032339054465462404,0.518971552041304,0.01946098358509718,0.44448641283590307,0.10678060821021886,0.31928499032108687,0.09641541257295758,0.492824649282201,0.07416556276558947,0.44090501514066904,0.06648109918007303,0.3731923627715919
1,0.0,0.0,-0.10894696768156757,0.12039426408217059,-0.14861846269574072,0.3157022203059686,-0.12537099383231354,0.4771037253804732,-0.0696514355083831,0.5754566136741003,-0.15713152125053895,0.37354790277255395,-0.21104480669791792,0.6388743131301086,-0.24276726386506314,0.7816006017851737,-0.2641248276136221,0.8938966813137753,-0.059405339620276,0.36986823717919315,-0.0035529176490014585,0.6910086934717928,0.03096732074110089,0.8665338030193226,0.0647451127888523,1.0,0.03380668874435444,0.34764530145828937,0.06615829885605776,0.572112853067178,0.03654239558201616,0.5061045418268216,0.022858051475872023,0.43009506860289826,0.10745840557507484,0.3184964849997095,0.09990474792601223,0.48665996997189837,0.07750002293388619,0.43126118026951904,0.06928342308127464,0.3647397615487406
1,0.0,0.0,-0.11012452908847177,0.12084202618338394,-0.14830572710329276,0.31073788313997663,-0.11713295796929317,0.46649613093036774,-0.057717111379936584,0.5619087817702911,-0.15619286482309985,0.37292571227374394,-0.21095292993618892,0.634574640737981,-0.24287206671707653,0.776424532205978,-0.26404665745270406,0.887781698771886,-0.05884659608062238,0.370925923775141,-0.006075622141139895,0.6904409620746209,0.02647175325489036,0.8662577639656635,0.059527557226104165,1.0,0.033718579664201796,0.35074664272095935,0.06244563466617928,0.5731188142718209,0.03176280301701241,0.5105024808624856,0.01812356082774067,0.43685995612262923,0.10785318135389013,0.3227437966212346,0.09884114350125281,0.4911812780919395,0.07676996411200282,0.43712586105825274,0.06893157563039336,0.37010452203435
1,0.0,0.0,-0.10644208401634517,0.12076287577050195,-0.14353530724703104,0.3127542912902027,-0.11299702172642592,0.4700267429056064,-0.053948169376295256,0.5652775402910485,-0.15489971220408202,0.37613125378553847,-0.2067341356964973,0.6371040146276626,-0.23829486808277153,0.7781668760349671,-0.26003634116925545,0.8887241300956102,-0.0594893237365896,0.3722993959097566,-0.0069337005448135555,0.6880470079331967,0.025845243767778258,0.8651230409244731,0.058557767791935784,1.0,0.03242738795756093,0.35047660736718034,0.06423525853375313,0.5767694661222331,0.03657022045608092,0.5137618429882138,0.024056607716760787,0.43950502445923323,0.10619874561409508,0.32034322722046293,0.09923069498876402,0.48770533102610225,0.07800371315250904,0.43443945152344887,0.07013207301975966,0.36725601373395256
1,0.0,0.0,-0.10761452181353881,0.1226240570755339,-0.1486503869336871,0.31427492197467755,-0.1242875081693465,0.47203573816653793,-0.06942431079953826,0.5688130173330993,-0.1528803926752271,0.37421122530998474,-0.20358580205176272,0.6353956437124412,-0.23557826453422262,0.7777910270287519,-0.257902862242813,0.8899577098667995,-0.05757327143269707,0.36951859847489243,-0.0038657107153961903,0.6878281718382386,0.028543110751260776,0.8648886850438189,0.06163670304451247,1.0,0.03341391541347371,0.34754440189161645,0.06730159757720905,0.5761161707218408,0.038317393644670204,0.5143666369881749,0.024777710946248695,0.44009701912464916,0.10695188962013388,0.31826873140211676,0.10124729822792455,0.4909431996722261,0.0792016472975256,0.43815782753745186,0.07058452785891248,0.37099700113128414
1,0.0,0.0,-0.10772508108493098,0.12231287954709513,-0.14932435210385228,0.31407062172322653,-0.12626002413939777,0.47197214783631125,-0.07193216514380396,0.5697408354273555,-0.1537657017275855,0.37319823788815576,-0.20358771302514156,0.6342994339911883,-0.23520048125956486,0.775220237233699,-0.25702031735192304,0.886320921325952,-0.05695424503552056,0.36694696836889107,-0.002971343750128958,0.6880121158562708,0.02936236622954192,0.8651462952351971,0.06275494506888532,1.0,0.03572918206201566,0.3436220498435616,0.06692576959423222,0.5737478165032843,0.037372354566394886,0.5122652564310465,0.023944527987961175,0.43758764363621805,0.110815333607119,0.31298668726121764,0.10267864170723652,0.4858693431023971,0.08065896857186132,0.432701990927169,0.07289856638510149,0.3652846909846823
1,0.0,0.0,-0.10528050640685957,0.11751604664783435,-0.15099372293569602,0.3101375768466096,-0.13057081411816915,0.47433042042324597,-0.08116249355237828,0.5717206928584411,-0.1588988212996628,0.3768408477178254,-0.20825917738307623,0.6446213426315981,-0.23904134170602154,0.7894956864146504,-0.2627223107785846,0.9016312827725371,-0.06412744025050639,0.37668592090733477,-0.007706497823515837,0.6922801088992964,0.025160512450690828,0.8667968092739097,0.054705101183604055,1.0,0.027829360454157754,0.35627511814127055,0.06077437047766188,0.5730420913617653,0.03503506617412915,0.506584619307589,0.02284810338016281,0.43191633277972413,0.10201631650551315,0.3264517837424004,0.09455454481093259,0.49359314043540714,0.07224569706491081,0.4410688141678193,0.06463282958878348,0.3754451272529898
1,0.0,0.0,-0.10749732471137312,0.12667638790142505,-0.1427135016502582,0.3204652251716328,-0.10835563285492168,0.4747226482176065,-0.0451564254281712,0.5670095462545843,-0.1523578507921001,0.3789914386917094,-0.19711435817346548,0.6451054316456736,-0.2242787799622132,0.7892673475223969,-0.24513599098545638,0.9028662306446936,-0.056204411516131786,0.37084212754246665,-0.00015541255377986027,0.6855611658803586,0.0342867790925184,0.8636928807894158,0.06712806756106848,1.0,0.03620712431150123,0.3473506737326549,0.07506980293303496,0.5875212336248448,0.04520797315640512,0.5311571010880956,0.029205865700626336,0.4562340937751656,0.11017734495808977,0.31730604186306416,0.10567545873438941,0.5123571060428325,0.07978911285821151,0.4668141495898147,0.06830935684361104,0.3959601814572358
1,0.0,0.0,-0.1074405171483076,0.12903253707778709,-0.1429424896002412,0.3196975362614989,-0.09922326741091762,0.47023142890284225,-0.02621713822176442,0.551939638229101,-0.15356211335393438,0.38480922410300583,-0.19474396892760737,0.6517611051105819,-0.22146501259029946,0.7966571260569851,-0.24333636217186103,0.9087244604891026,-0.05766439017247699,0.3774325118091495,0.0026238607296489003,0.6938247372857128,0.036328454601942506,0.8684081638705128,0.06669978155602602,1.0,0.033924844955439314,0.3530255718303498,0.07338809337472077,0.5788266424730274,0.044845808024151626,0.5234511027922308,0.028595417449168103,0.45094540383406784,0.11039135651962513,0.32210964086562693,0.10886535322265485,0.5070343655015755,0.0850422485133438,0.4633977760818753,0.07370225235306464,0.3964298627724545
1,0.0,0.0,-0.10889750781892088,0.13356776575793972,-0.142703862495154,0.32530527437416573,-0.0973240679062907,0.4722861534215901,-0.024822920235031947,0.553695486001501,-0.15440570561424866,0.38635814049288597,-0.19299357319546753,0.6550875096437607,-0.21800098612426433,0.7989836214061589,-0.23943999514200143,0.9106746329190283,-0.057073757366766995,0.37630931482596575,0.0019190948547398166,0.6948869410539663,0.035096412884141524,0.8695072669879683,0.06504912620150094,1.0,0.03524181290493945,0.3510980946416616,0.07189312526760325,0.5869233309244212,0.04277078358867956,0.5355274366439883,0.026715283736320074,0.46219885314767867,0.11253297188835071,0.3201149108262136,0.10977052600968416,0.5152588900678498,0.08391636269409396,0.47501553277055336,0.07131646971221767,0.4068090165318742
1,0.0,0.0,-0.11060895803467366,0.12537223834580705,-0.1518074754619259,0.31199759574634367,-0.11284421923863538,0.46401650054990506,-0.04612633129694156,0.544996958815452,-0.14781130988405744,0.37711692684431514,-0.189626596905052,0.649081962472047,-0.21794287556741407,0.7961343920405914,-0.2412816544648025,0.9095715195615559,-0.05268653070501492,0.37475329782578903,0.004233570524333441,0.6883545096179585,0.03935893113406546,0.8666637469281393,0.07136238649359161,1.0,0.037520401987586834,0.35194324330344756,0.07131149243064079,0.5647711900338249,0.042437342348277736,0.5073081684593483,0.026482884228466015,0.43577059765411597,0.11090828157404614,0.31913499725708183,0.10818144715078197,0.48830958088286097,0.08514350200234913,0.4399584088280811,0.0752451353317685,0.3729643035536364
1,0.0,0.0,-0.1093192447473901,0.12244620551768735,-0.14558371659771208,0.3141657886961386,-0.10742238850507463,0.4726708853242186,-0.03840327404191237,0.5617589030610561,-0.14750945972003188,0.3836246582513467,-0.19018916507385583,0.6556581259746572,-0.21603060542941374,0.8033370944930902,-0.23614628491994888,0.9181052552859691,-0.051652820759842254,0.38057423304967003,0.0031634799452468984,0.6917397453408909,0.03557001365894859,0.86657604691112,0.06645683354338641,1.0,0.03709031402384707,0.35875232139806634,0.07338352612026473,0.5719580245773094,0.03939906491556453,0.5177420430942394,0.02068095320838658,0.4472823971124851,0.10802256109318512,0.32847667164488786,0.10415025283351699,0.4925518039270027,0.07908758516680707,0.44421173643141454,0.06771612555088527,0.37937124846309334
1,0.0,0.0,-0.10914725820138896,0.12353900577780877,-0.1463443680013021,0.3149368010765094,-0.10551317997567866,0.4720302489478978,-0.03517232172350986,0.5576302467350147,-0.1476769021732405,0.38629893401633775,-0.18862848851200642,0.6539068233523812,-0.21444875843425124,0.7996582260218461,-0.23513761439841535,0.9127997382974514,-0.052733587649899175,0.3821496325376514,0.004961371358624355,0.6920730886185451,0.03806886929096167,0.8665772681287904,0.06875558953172335,1.0,0.03513592561917417,0.36060226526441697,0.07207200255879172,0.5731869608190113,0.04003353100300239,0.5171660770255123,0.022306153256424967,0.4478218896944722,0.10525040010237496,0.3311218575057575,0.10283238851472885,0.49550908468601884,0.07896324095371188,0.44687995851426443,0.06752088808823929,0.3826434548812781
1,0.0,0.0,-0.11203751816808592,0.12380286826986528,-0.15442247119350871,0.3163266725437048,-0.12180432391294195,0.47713160129084004,-0.05827096484011426,0.5685147125807708,-0.1474461604595393,0.3834370599816602,-0.18962906284667974,0.6542128802596673,-0.2158830542618702,0.7997366313854041,-0.23660400607850313,0.912369466868893,-0.05128367309319468,0.37830775562590235,0.007112475294551031,0.6930064563963741,0.03909284534297437,0.8676931424745434,0.0698311896199852,1.0,0.03655579211097675,0.357034166030866,0.07037101621661351,0.5735907224203441,0.03585637479280659,0.517302342864999,0.01758191945470925,0.446893991204355,0.10557394753213448,0.32804297412097355,0.10116324066383298,0.4971060638471232,0.07585098091924548,0.44783835831806607,0.06502106670731106,0.38200894264411955
1,0.0,0.0,-0.10823982455486066,0.12543190389198292,-0.14740655502077715,0.3147226360151959,-0.11078678305304115,0.4718573784981907,-0.043688899142180465,0.5575848866352408,-0.14430711569758586,0.3854825117194174,-0.1860307303409697,0.6539994320467926,-0.2126270258877042,0.7987634209233173,-0.23353656404949616,0.9104597173239523,-0.049239105453992904,0.3811687823081773,0.008720876980474072,0.6940588897850383,0.04214370442261265,0.8683409730654286,0.07371393301903476,1.0,0.038832906516960176,0.3586955847440266,0.0746266576158095,0.5700497882290639,0.041602317003863645,0.5146379320197524,0.02306450531107772,0.44503979868970817,0.10937018426658682,0.32790641952795657,0.10615046906497838,0.49312854710752935,0.08200961141476472,0.44493076218342464,0.07086847431288938,0.380269632537486
1,0.0,0.0,-0.10804382551319316,0.1261288727914142,-0.14638295777723587,0.31927997676301484,-0.10792047551061913,0.4787582776116323,-0.037992237687736484,0.5652375517893432,-0.1458369847434105,0.3893250111644859,-0.18543918025695103,0.6562893683292971,-0.21099447553639594,0.8005905217537632,-0.23129239564709927,0.9128257716165237,-0.05198292410719974,0.38507504289398037,0.005571429809297547,0.6933986413587024,0.038267627126777226,0.8679627785906047,0.06935226467036751,1.0,0.03608096799023744,0.36345049132111856,0.07607899031251021,0.575285407075761,0.04405036845170043,0.5190967867178697,0.025588936189237837,0.4491874810087234,0.10724561847174298,0.3331880900402591,0.10897674182545916,0.49784665410205386,0.08536257073055896,0.4484973326472141,0.07355563081475298,0.382967898635133
1,0.0,0.0,-0.10916473924706482,0.12409628447629298,-0.14404548659332977,0.31470700639306004,-0.1036216572629252,0.47123217568841635,-0.03305609193003945,0.5577420864119846,-0.14621790328904324,0.38547264359176,-0.18796191592019854,0.6533700359714664,-0.21328301125764373,0.7981433476359253,-0.23297808572839365,0.910924222162419,-0.05153793060649203,0.3827212552930831,0.003545855489473637,0.6945262010841567,0.03531493967178465,0.867987199183765,0.06566998865992664,1.0,0.036731885002183697,0.36203527943600977,0.0735010197481117,0.5750096707464594,0.041324225479974226,0.5196408368067628,0.023650386127788012,0.45010138550858375,0.10772829600392461,0.3326023071123511,0.10511615772385441,0.4959332665020548,0.08065719024455402,0.44673013819291163,0.06926182430183467,0.3814290093001406
1,0.0,0.0,-0.10821256842882154,0.1213956171966829,-0.14755610152093904,0.31088381699898465,-0.11058091719555846,0.46957194629698346,-0.04128313158267119,0.5568877578215163,-0.14998300916395302,0.38424801275853343,-0.19012796647803698,0.6534944242749762,-0.2152635974513892,0.8004155781798237,-0.23533308245016762,0.9146125424935188,-0.05519371232462821,0.38073594050301346,0.0023690789272890057,0.691715408534321,0.03592769599736208,0.8671643733053886,0.06610669193606306,1.0,0.034207729800875,0.35958786233669776,0.0689906800846811,0.5735330818952457,0.03929242185347167,0.5162275992218825,0.022895352367450668,0.44568050890438093,0.10627077945661159,0.3296740607105134,0.10300389511448114,0.49597951695206455,0.08011628244888255,0.4451315742013248,0.06986468226552464,0.3784947857044494
1,0.0,0.0,-0.11127304783892286,0.12051212565385867,-0.15212940373270542,0.31177589979961884,-0.11715970606666536,0.47269687003342026,-0.051527250365345605,0.563473387420607,-0.14986469643620726,0.3813732398772611,-0.19253246689093217,0.6504467538744124,-0.2182025647704018,0.7969194389620547,-0.2381085120164655,0.910612926571041,-0.053979597728677,0.3783727551892102,0.0020924355658720186,0.6919163795654113,0.03456646179698735,0.8676508158866736,0.06505709446674764,1.0,0.03485685016874799,0.3583295174730298,0.06670253099665344,0.5736002427904391,0.034540701538202136,0.5164276902583557,0.01751800052969532,0.44623566875205234,0.10470740188104044,0.3301479407271082,0.0992447633675069,0.49836096694351384,0.0755302496791128,0.44706658346298234,0.0659528489199609,0.3800215581165709
1,0.0,0.0,-0.1097349885030707,0.12241202666123352,-0.14817999243240096,0.3097917454958233,-0.11125811333934861,0.467966062228949,-0.04444043426375993,0.5560807113543091,-0.1461422708618331,0.3839860872602381,-0.18254154902930989,0.6545190208691096,-0.20009823325668713,0.8047942195185843,-0.21283770410687777,0.9219949355298774,-0.05158643071280962,0.37942544459644323,0.003487062316267427,0.6925575574118811,0.03554937858369474,0.8681673312570947,0.06576621940215968,1.0,0.03692580842331985,0.3578346479611142,0.07280787030299503,0.5719975550833891,0.04067482609075298,0.5160671769944989,0.02266481357510842,0.4452542422213814,0.10804566754955322,0.3283432779346276,0.10502605000436592,0.49477078906773003,0.08048592717641237,0.4463630410105655,0.06932269988648601,0.3810661582792444
1,0.0,0.0,-0.1120549146761583,0.12197402212299624,-0.15157772260003483,0.3085408978032363,-0.11562948259837844,0.4662031176406114,-0.05035959244018267,0.5526537127190071,-0.1442247228689093,0.38284711265463356,-0.18162346600750676,0.651562012918426,-0.19965687738731056,0.8026575858432747,-0.21248727117618024,0.9206407696788377,-0.04961233283849043,0.3807621410862615,0.0018598235969263465,0.6935127991916102,0.03250818170353471,0.8689133490159875,0.06268134004018493,1.0,0.037165197365001346,0.35969509607447636,0.06989316982136862,0.5739847093397604,0.03734806674631065,0.5181132628950785,0.019209682839627026,0.4466449260117433,0.10583460470748934,0.3297415837009664,0.10270874004154595,0.4921300286727028,0.0773204466646174,0.44539683886456505,0.06530073036264461,0.38127990902574055
1,0.0,0.0,-0.11381960347431723,0.12187053956526092,-0.149268204636242,0.31047824028450655,-0.11027416251917403,0.46449291561622547,-0.044347053886825416,0.547879897897225,-0.14399418696378127,0.38030539205140773,-0.1842396466001572,0.6522380704936644,-0.20448028672533963,0.8020596694401969,-0.21843915359857682,0.9202429707414721,-0.04887745249263768,0.3818197844056504,0.0020926175296759695,0.6944066878958463,0.033769250545680043,0.8689476309067601,0.06494607164459684,1.0,0.03812133159362387,0.36101790864434297,0.06881170007131976,0.5738036115259068,0.03648394659156806,0.514200822598643,0.019364880197247098,0.441247305179537,0.10584541072973629,0.3295971351861273,0.10023886275799324,0.4898905343653002,0.07506791640943367,0.44021007202330387,0.06421131037194676,0.3743985503421468
1,0.0,0.0,-0.11285772283430057,0.12495085581414811,-0.1460023186797333,0.31559596068873375,-0.10385259069776834,0.4686557963457648,-0.036385323659798956,0.5518089616687379,-0.14471416327234923,0.3825905395738181,-0.18174042990564682,0.6526393808572525,-0.20128875319314188,0.8016889488877867,-0.21437195060919106,0.9193167104666236,-0.04933030134452952,0.38160288086078814,0.0037395144186289286,0.6943495176051186,0.03649438311024868,0.8693187844916004,0.06891609559294114,1.0,0.03867178128273014,0.3585890039934276,0.07151894226329998,0.5732605764885467,0.03964121482021703,0.5151158512443677,0.022926104421945183,0.44204893547114155,0.10825681371880405,0.3259520886379226,0.1058882699052269,0.49058957640974105,0.07992249780550661,0.44262893345762416,0.0682128954197874,0.37708507854576806
1,0.0,0.0,-0.11239129171058505,0.12175555090017612,-0.1484929549606663,0.3137052786518801,-0.10936276020615775,0.4708152678409191,-0.044404422805460836,0.5568326406933054,-0.1439424799840011,0.37834056684241335,-0.18372301418513615,0.6498395173712072,-0.2036410673200772,0.7998886364990767,-0.21682495566116686,0.9174965367998605,-0.04913287464440274,0.3782770976902128,0.002446779690017538,0.6932676266741543,0.03521134021183926,0.8691995830632421,0.06767420289727906,1.0,0.03888918746688983,0.3559233792790036,0.07286843641769283,0.5721430381176863,0.04250107945087484,0.5131910176525407,0.026628672920718036,0.43972006301580113,0.10831200937998023,0.3232095648304851,0.10793251064735244,0.48836814448152904,0.08347421949577853,0.44002497818247893,0.07242693095572625,0.37511358455564464
1,0.0,0.0,-0.1123049966755256,0.12155493944138603,-0.14818389902480622,0.3113871758418313,-0.10828699206436054,0.466818005370878,-0.04256466800327436,0.5523011922671163,-0.14610009421900857,0.3821658275004671,-0.18553868976700336,0.653952676607315,-0.20561132708547397,0.8035150162366717,-0.2195938428776405,0.9211355194851016,-0.05169919284888098,0.3820660421339692,0.0009703871219314356,0.6958355022892926,0.03290696395206153,0.8700959619652662,0.06392472647779132,1.0,0.03603289030870787,0.35998425641128284,0.07024232357603871,0.5733424635239195,0.03992904865975688,0.5134228849775687,0.02399377853580242,0.4400556577353163,0.10575305736957301,0.327499663607897,0.10494819999909419,0.4902212532311539,0.08159813204131494,0.44026267949860703,0.0712299503366916,0.3743197465013395
1,0.0,0.0,-0.1147211786096775,0.12179500838765778,-0.15178654045822562,0.313727152863786,-0.11531431313591567,0.47098836586475773,-0.05176879312594447,0.5568064959906499,-0.14713443341495744,0.3807795223807579,-0.1876875255227363,0.6518096003143146,-0.20853159214879036,0.8007308806792558,-0.22213646939592227,0.9174506774489494,-0.05237199809566454,0.3817381118414696,-0.003074988024929164,0.6948238212399956,0.027107006781057173,0.8701458638061548,0.05767138654244312,1.0,0.03509345225602745,0.36009848018034557,0.06639063921629182,0.5757860710879903,0.03509797665817149,0.5147311614840856,0.019009640479329758,0.44021892852232736,0.10312177910000593,0.3276738413954774,0.10100041828827563,0.4912893582850706,0.07538763180240214,0.4437689787723808,0.0636519164345843,0.3794515373772537
1,0.0,0.0,-0.11277874570045121,0.12830870716553577,-0.14734854600786787,0.3200164142069158,-0.1076229302273799,0.47445466187374935,-0.04289508488931194,0.5588445820585024,-0.14232344381252598,0.384256088440866,-0.17829028781402517,0.661175446071811,-0.19672683460529836,0.8126020423330323,-0.2085997387483118,0.9305711397906372,-0.047791951093124396,0.3830410524211247,0.001470050775623737,0.696595684159416,0.032267527091310436,0.8709312031392171,0.06333721344356188,1.0,0.03995556622893505,0.3616875739907099,0.07175736351464543,0.5791571631167641,0.040607966835841024,0.5193139432742263,0.023962497967168088,0.4460391691007218,0.10885355857790949,0.3310439808648585,0.10684141929263861,0.4956236553436229,0.08094445224870554,0.4474825526190161,0.06872720532389205,0.38309555271752466
1,0.0,0.0,-0.11339543437969754,0.12651624279861798,-0.14854947375939945,0.31998541212912934,-0.11066398331918778,0.4773024169581676,-0.044470067425348224,0.5619184560085971,-0.14300309208274087,0.38631042722078124,-0.17836837103366854,0.6573784167456214,-0.19630036031228032,0.8059036451384265,-0.2081448752118566,0.9228143673106255,-0.04816392887599932,0.38457884346407345,0.002888973352454749,0.6962119445742209,0.03293014401747757,0.8709121513421916,0.06279941938880189,1.0,0.03926384679018931,0.3612815142581629,0.07084234791549372,0.5796651932646081,0.03852530679099652,0.5201690961879024,0.02139689897405804,0.44555477899404666,0.10770154795777066,0.32873668283314805,0.10575974090268839,0.49510200040244406,0.07930659412994993,0.44794911783161057,0.06698138217172862,0.3827571017872755
1,0.0,0.0,-0.11184045418229571,0.12642747858039577,-0.14655845231157766,0.31965047465400004,-0.10725195861421362,0.477461250512086,-0.040149592905411105,0.5620997277235456,-0.14362711312006404,0.38717101639657814,-0.1770913165328557,0.660819487149851,-0.19362445093310754,0.8114692001103597,-0.2045501248734361,0.9297496532189801,-0.049073272919046194,0.3852640691446958,0.0053076527387596675,0.6962682299302272,0.039038808232039444,0.8708592908784675,0.07112014119711581,1.0,0.039021793703832505,0.36203439780230967,0.07436654251439231,0.5761741161209282,0.043633464232748186,0.5168729115950049,0.026487366786144835,0.44310481110720135,0.10928636815068066,0.3295931195594763,0.10928724821248446,0.4940081725472641,0.08501837055676964,0.44415809840939097,0.07357008658194703,0.37771607240737826
1,0.0,0.0,-0.11271618160604491,0.12500801201427458,-0.14673179297493494,0.31496852342414683,-0.10913669373035965,0.47199352665623523,-0.04519583618255475,0.5592938892685426,-0.14110603119698292,0.38308748726717234,-0.17504539656396811,0.6595860467779407,-0.19048623050315885,0.8114650269120013,-0.19990843204389558,0.9300380364239083,-0.04590911462022179,0.38059028519715155,0.006842351132773318,0.694994457250329,0.04019226506136821,0.8700837971207386,0.07306389538641117,1.0,0.04185250720208239,0.3582646118951184,0.07558015895690813,0.5772570980989936,0.04325723793183302,0.5198380383591599,0.025544156729768237,0.44678054530878647,0.11087769260973258,0.3263491122542676,0.10959795294035649,0.4927663424538248,0.08409861256285293,0.44471913861224854,0.07176945944567556,0.3790243320053579
1,0.0,0.0,-0.11044684457142824,0.12594811564222577,-0.14102747363115287,0.31989369173658444,-0.10153306614092762,0.4756519551377284,-0.033329836603784135,0.5619951416593346,-0.1400068416779806,0.3838919118628183,-0.17386695155406093,0.6646919270793556,-0.18776645151212898,0.81533521484281,-0.19586536707446794,0.9326045726271208,-0.045084467633012854,0.3765417191056019,0.010433703016419162,0.6932158739609597,0.04450736316139703,0.8688399321134934,0.07698155772961193,1.0,0.04346972788047179,0.3526910936281038,0.07847194263595962,0.5750738708133268,0.04649848166047006,0.5199614744939997,0.029197451575819423,0.4484309242691955,0.11380168759468909,0.3205572538069442,0.11334245364936084,0.49040176557944315,0.08748399453703253,0.44438283540000617,0.07453596045314156,0.3797874814584475
1,0.0,0.0,-0.11386521943967697,0.12525087550031377,-0.14596933438696666,0.3185300878133451,-0.10406256844559321,0.47515191639144116,-0.033068226354394124,0.5580870735116494,-0.13928244390318062,0.382173364321547,-0.17055956929543642,0.6611581345693416,-0.18667195470606882,0.8091175811364619,-0.19723558939471775,0.9260599512067645,-0.04292197865980849,0.3783034336248616,0.01260428038778514,0.6944672468274248,0.04550571773991959,0.869110094794352,0.07756824189770965,1.0,0.045113089331195975,0.3548719209508137,0.07958802122805252,0.5742780981624962,0.045782516509627134,0.5163973461953442,0.027586900973749683,0.4439673411519286,0.11398786258687045,0.32242727254274023,0.11176807840190302,0.48863726855541845,0.08579825003559348,0.44009272616837114,0.07375750355331549,0.3742208646938059
1,0.0,0.0,-0.11700797704740204,0.1221301817883144,-0.1532122732956549,0.31110853061172467,-0.11229751143877159,0.4671561748124693,-0.04015656707984553,0.5528048533528948,-0.14103343335915405,0.37630506789624313,-0.1705730077561315,0.6556463136071463,-0.18242897057428228,0.8035820950476598,-0.18842952852860081,0.9207881883619793,-0.039095037746884165,0.373550416270741,0.00991884172082175,0.6878278158637459,0.04284990037541546,0.8658166596096303,0.07461718527623695,1.0,0.05277001661117806,0.35351518301326484,0.07385417566497816,0.5742727830166636,0.03892481919589436,0.5182211736583252,0.021684455590943015,0.44562296166117443,0.12222881508345948,0.3251994261850511,0.1069167925840224,0.4954754719599632,0.07917499231750716,0.44690880562372637,0.0684234675019932,0.38144745245705236
1,0.0,0.0,-0.11693145332658364,0.12122185626017991,-0.1551123032356482,0.3087111624492659,-0.11635545583549851,0.46894517310564404,-0.046027718923980075,0.5592995077981144,-0.14197715455258086,0.36700734488790904,-0.1728153809161983,0.6502405957087762,-0.1829921385541444,0.8004651285882556,-0.18880362773692566,0.9198880894899139,-0.03743714798875687,0.3652903911872101,0.013576699585324262,0.6874140868607047,0.04602870958305565,0.8666819133815822,0.07587146509844392,1.0,0.05587373795340874,0.34698173776603264,0.07444109491603669,0.5776985942406195,0.037679151848647674,0.5196790887295123,0.019783178693810348,0.44531880328949763,0.12442649684694444,0.3204200451089534,0.10877988588456586,0.49354521927035694,0.0792944752500105,0.44594136175713484,0.06789665954005397,0.3819770526562188
1,0.0,0.0,-0.11549210064831242,0.12284379505725793,-0.15260633655118733,0.3074370151454976,-0.11057741000497301,0.4626578817697552,-0.03803159740675032,0.5505551680070282,-0.14040268315081883,0.3684420530234665,-0.16965853497552755,0.6501164162900871,-0.17891792594649403,0.8012496258860669,-0.1829643308680695,0.9217333736940152,-0.037170424117176463,0.36529949598460526,0.012570085906800964,0.6860104433264334,0.04595399337462717,0.8656660707396816,0.07719705875324184,1.0,0.0556361473149715,0.3470232479803538,0.07343941857858327,0.5759134069915778,0.039388080474040764,0.5200549250463447,0.022989941313899514,0.4474573339417782,0.12512574780112046,0.3208947325896195,0.10780484168863934,0.4928658037674269,0.07990020973140043,0.4442908791307584,0.06932658354035252,0.3801427152193531
1,0.0,0.0,-0.11519084313331934,0.1224198058553586,-0.15220080581886525,0.3064091737448567,-0.10862474796777637,0.4610451981589103,-0.03491972032406098,0.5472084295085258,-0.13885150854400644,0.3661439468930471,-0.16930164835916758,0.6478840412283663,-0.17823111582990447,0.7983449979016322,-0.1827401832878687,0.9177277299309363,-0.03477032565756462,0.3637319643003768,0.015796490251712907,0.686460367077521,0.0486110002372068,0.8658420214124752,0.07888366260982219,1.0,0.05876085677271027,0.34487259828116307,0.07728764859637438,0.5732699584431935,0.0423860323969747,0.5155001243054859,0.02608077347663057,0.44215090685983816,0.12877164512038244,0.31775276209070424,0.11189503713198734,0.4883785774890748,0.08309280031749218,0.439990101177823,0.07255163809541187,0.37622409542099644
1,0.0,0.0,-0.11634799563509081,0.12357226591816357,-0.15193948285339692,0.30997048417514217,-0.10964363504188465,0.46536389660935973,-0.03861310677254186,0.552339981119144,-0.13960812375955287,0.3669744007759965,-0.1700315152587308,0.6471816905895991,-0.17998929321647975,0.7976041065470723,-0.18564871496911153,0.9161584475974477,-0.03574578207976817,0.3651562811411648,0.014506703329590675,0.6860422379694625,0.047615678661681926,0.8662392959717451,0.07813548667336795,1.0,0.057166743897051626,0.34598475353457886,0.07709964909651115,0.574011512103152,0.0418195957460409,0.5170080221240344,0.024472871514829266,0.44367217219647836,0.12600344098872146,0.31835104157208405,0.11156044650515384,0.488913985307574,0.08259638576019122,0.4414762079101216,0.07113661487455081,0.37826565607561613
1,0.0,0.0,-0.11577232681586097,0.12326583601298774,-0.15070318396661617,0.31303516796150244,-0.10896711844260058,0.4707416222297869,-0.040251740985724295,0.5609880411917515,-0.13615403917379962,0.367572873609274,-0.1695645216654814,0.6504796874668264,-0.17912549816493487,0.801963434918204,-0.18438924327091724,0.9202970301967496,-0.03365912858166143,0.3641171916756424,0.017120245106623577,0.6877255893304182,0.04947259243258093,0.8669665048780943,0.07928418994167433,1.0,0.05757061798313966,0.3452235086114904,0.07821921522734303,0.5738815877499125,0.043013066245160485,0.5172558249086956,0.025653579427891707,0.44536532950166624,0.12520691415668295,0.3178532024832691,0.11228529695111447,0.4885627785780208,0.08384873369319808,0.4397446454527617,0.07227479254437905,0.3760973735135915
1,0.0,0.0,-0.11509098157171858,0.12312545794450547,-0.15261396913100708,0.31330584616111945,-0.11153415316391194,0.4708130531245174,-0.04345957881244964,0.5610505217585895,-0.14012875809971267,0.3638444789665746,-0.16927558421276834,0.6493677473356004,-0.18073979837946294,0.8005076077438269,-0.18882689097839622,0.9191292164091142,-0.03618059739993252,0.35869421193744694,0.01480288815378064,0.684381247064367,0.046317800439541285,0.8656979015524066,0.07565942762801851,1.0,0.05628398294436841,0.33929826187743667,0.07849714387875,0.5740362633308976,0.043189876153934714,0.51715363731557,0.025895015178606456,0.44416887971653024,0.12488856431536215,0.3123338343622689,0.11299815159695942,0.4908375499293455,0.0830847946439957,0.4431876120186283,0.07076262983445397,0.378098563505827
1,0.0,0.0,-0.11474177183927203,0.12293670513815258,-0.15369602505726468,0.31254783357876187,-0.11226331256410824,0.46992250264284763,-0.04368218445898536,0.5601703414323556,-0.14151230128676878,0.36190930303772223,-0.16895851460900488,0.6465742199405975,-0.18086385605206748,0.7992126776739514,-0.19000593168497684,0.9200989899004319,-0.03779989450023591,0.3570601684141701,0.013332086561200213,0.6827840516906016,0.04459699161498154,0.8648289626118258,0.07342141159826432,1.0,0.05513469064942314,0.33839227781699716,0.07831680051622077,0.5759060809407324,0.044092619941739575,0.5178171113764864,0.02754657372028001,0.44422381653605303,0.12486332498424285,0.3121896483174644,0.11397058141219786,0.4956822901015096,0.08407574568989208,0.4468874357490019,0.07216754904347118,0.3808004705375134
1,0.0,0.0,-0.11188532704049008,0.12177615993955958,-0.14624915517669038,0.31281872879408157,-0.10380417962820948,0.4693808440723556,-0.03219715502194834,0.555578564585462,-0.13690390177520986,0.36945090467207203,-0.16631996673045985,0.6527504545547639,-0.1774184418386086,0.804086327857437,-0.1853374514439936,0.9243105160874838,-0.03566078836521854,0.3631151565284077,0.018478732070971986,0.6852538224699106,0.050878701577686196,0.8652775628582676,0.0805142214768308,1.0,0.05625612994690982,0.34052779554024315,0.08382993962784538,0.5730309927840143,0.048908727223904915,0.5159698628484825,0.030808174476209548,0.44256168632421644,0.12615060952437301,0.3099205866088963,0.11841620945701471,0.4873687537121024,0.09002118600676769,0.4385410953916453,0.07781476921816581,0.3731137968464481
1,0.0,0.0,-0.11366040672684938,0.12225891823070482,-0.15075124248455726,0.3110662963770365,-0.10992120102224934,0.4687809911046698,-0.03918589301602608,0.5559352026284788,-0.14497889959787455,0.3677774172085265,-0.17065684277200274,0.6531162059467416,-0.1806462836947823,0.8043585484854789,-0.18794007102346358,0.9246144374610781,-0.043087567911482695,0.3620701188055958,0.012337149134361595,0.6848635947586643,0.04512894216792696,0.8647283505187582,0.0743999539859984,1.0,0.04982776703565446,0.3402998153049102,0.08005655177604815,0.5749260616062153,0.046132587073331975,0.5195369912097635,0.028162983297911545,0.44586161573053973,0.12109365624558412,0.3108578131845737,0.11421825548706317,0.49096826099028096,0.08533552231217517,0.4448449051209749,0.07235318302566204,0.37929242111048544
1,0.0,0.0,-0.11454354229998884,0.1258981578732272,-0.15040523821947668,0.31405266606193927,-0.10920484240307969,0.4696894764162725,-0.03758130333832074,0.5549509073835563,-0.14267891584422454,0.37018875455203837,-0.16870440026926015,0.6551159354899726,-0.17859724255137532,0.8049475908449841,-0.1854210384945283,0.9236049247958831,-0.039769505561870845,0.3636028935051619,0.014875638362351739,0.685327390856995,0.046817970247011516,0.8647183203165733,0.07612204919004423,1.0,0.053437781237121666,0.34155582889856256,0.08181551172906347,0.5758341165832492,0.04677032620902809,0.5198185646563117,0.028607534519460662,0.4464872578588056,0.1239055957637318,0.3122667278716624,0.11478447277949184,0.4900147939017343,0.08470810395130265,0.4448572326431272,0.07115979425193225,0.38112734067384363
1,0.0,0.0,-0.11196779747988249,0.12575581247856182,-0.14597000562589044,0.3174310437586548,-0.10246979930060454,0.4727303490176792,-0.02654067287127697,0.5558292347190136,-0.14159919257777562,0.37640475826542935,-0.16605493901945498,0.658625203491733,-0.17630063985354635,0.8074100729802417,-0.1828990695926982,0.9267856837041539,-0.03975472908427601,0.3679514972493397,0.01664857101174857,0.6875484057880799,0.04860280438948785,0.8649324399274355,0.07836168271896578,1.0,0.0531961801362223,0.34379463289910156,0.08538789899888712,0.575836853867336,0.0501864673209811,0.5204538459893129,0.032119663123073405,0.44777589726983363,0.12472450582304886,0.3127104690238842,0.1176826561479499,0.4902754241819773,0.08793870060477789,0.44504588010649754,0.07448460071491517,0.38081877633294414
1,0.0,0.0,-0.11164645412462315,0.12631504813016048,-0.14623642308752624,0.31496521988351567,-0.10470638875104002,0.46856555078701284,-0.03188463995981724,0.5524767087017279,-0.141148327903975,0.3746576404869961,-0.16598538154933562,0.6569491897594957,-0.17659520188510594,0.8053489398513246,-0.18400024568109444,0.9237194245303353,-0.03879534275456026,0.3674747309831024,0.016182894538907863,0.6877084060453152,0.048105124273568736,0.8652724311839382,0.0775292652355081,1.0,0.05407182725101225,0.34352763298819067,0.08533034922532085,0.5754032088475833,0.051001806507839705,0.5193385561370307,0.03297672930517996,0.44628687140233053,0.12499593072956292,0.3117428541660712,0.1185785759986167,0.4911606935214165,0.08952536809787015,0.4459705499008162,0.07632199514609621,0.38079739827692727
1,0.0,0.0,-0.11079981146158017,0.12751713117847108,-0.1428561778791305,0.3192749106458294,-0.0992242805857831,0.47345334822433227,-0.02373140968589468,0.5561578350135242,-0.13839627297456472,0.37765057494050225,-0.1627131500570571,0.658154304433234,-0.17246487248948145,0.8056332145594379,-0.1782134598200779,0.9231409437031929,-0.03679414435902448,0.36963420801953817,0.018570849483044518,0.6885542403830723,0.05141006701020629,0.8658352470286321,0.08250624983246205,1.0,0.05643069524360001,0.3450111586502168,0.09055759974579025,0.5755911716863586,0.05567415248190466,0.519977172886446,0.037166869655716875,0.4469504607409412,0.1286402843235594,0.3131369597660747,0.12382230147276264,0.490998172138649,0.09466383512999203,0.4446620610940988,0.08127288604069816,0.3790033928525338
1,0.0,0.0,-0.10826959744933051,0.1275528410943728,-0.13959732117047136,0.31624798681945243,-0.09619108376397478,0.4693804316714774,-0.020236611904358437,0.5516487788484679,-0.1379286775166003,0.3734997799919402,-0.16069360210865977,0.6562064344881502,-0.17007861906138438,0.804745481290771,-0.17643051518910013,0.9240305761363167,-0.03697716045778764,0.3655763570367691,0.018967257959094166,0.685964055382223,0.051931300525313744,0.8647099952011187,0.08201202710727137,1.0,0.056744849034598935,0.34149038728538533,0.09179676096871899,0.5740105689308748,0.057638551677686056,0.5186945618849208,0.03841312244836931,0.44541464755278415,0.1300024065606546,0.3096988666380917,0.12594685345754414,0.48656897074676003,0.09728229526078432,0.43985933724173976,0.08363211234793456,0.37485471636048284
1,0.0,0.0,-0.11185682771668125,0.1273969703379128,-0.1435411668556437,0.3186843277001625,-0.09991486264594505,0.473591825108848,-0.0268503449011336,0.5585040976836572,-0.13671767400457396,0.37541196553894546,-0.16222975035778223,0.6580256361269416,-0.171909674972538,0.807965426120521,-0.17828584680121773,0.9272493742940893,-0.035757688703076676,0.36701219184245887,0.01929903175886896,0.686978872962748,0.05102983658217751,0.8655747751867278,0.08027934544202543,1.0,0.05641189854025992,0.3435056710515163,0.0878119017942788,0.5771908339261734,0.052678018455970886,0.5226419677634724,0.033815366258652016,0.44978135906158645,0.1269989569377494,0.31290922573320756,0.12238393401361274,0.49223721115520297,0.09285051555950333,0.44680158719388685,0.07890128976377316,0.38184000273394425
1,0.0,0.0,-0.11089085706754684,0.1299591384849703,-0.1412241090173815,0.3198248074778998,-0.09463278900020443,0.4699194814078901,-0.020992119230561344,0.5520449838422308,-0.13489946206027553,0.37743737312792536,-0.1607117448021551,0.6568472581161597,-0.17050656333563202,0.80709046520671,-0.17665600642139923,0.9264992095964623,-0.03510177642538989,0.36940509135356836,0.01906416731842034,0.6881226387377036,0.05132154081235864,0.8662224101782242,0.08178658579577527,1.0,0.056621067790279124,0.3444857099608437,0.08940830886271975,0.5751172766480478,0.055506572556888414,0.5180169872566492,0.03739205278076917,0.4450527321093085,0.12741435545333044,0.3119128276330127,0.125378302043246,0.48874233553995633,0.0960469041334069,0.44221726670327743,0.08208393584786118,0.3780418619504149
1,0.0,0.0,-0.1124495751008072,0.12455311273631275,-0.1468940150490766,0.31822945074654374,-0.10558860125910413,0.47639362555016324,-0.03350152104419359,0.5617224619511777,-0.13771954615798174,0.3706904428190535,-0.16231565889280364,0.6557102216114996,-0.1734252342051677,0.806802291657837,-0.18158550798531342,0.9271090036828643,-0.0360776873738956,0.3653136327033411,0.017239755056901344,0.6858347838822346,0.04845802374505779,0.8654113535188404,0.07784455071035898,1.0,0.05613043886620569,0.34288959847997097,0.08520445800017563,0.5771105974586057,0.04906188372081962,0.5218871554240874,0.03061937816904913,0.4488152708847273,0.1260823565333837,0.3127227248354347,0.1197700107063394,0.49285999116714574,0.08898479466950522,0.44802512727665894,0.07561539443961815,0.3833798793941267
1,0.0,0.0,-0.11116805638980468,0.1263214755765852,-0.14350110382392223,0.31993548653052384,-0.09895873822448742,0.47561909209573067,-0.023815552071005327,0.5607613810401321,-0.137475253646998,0.3773117932784633,-0.16049972120903844,0.6580943022373599,-0.17008673544128494,0.80772652496659,-0.1767608869332552,0.927856259402687,-0.03665034906283017,0.3672072791186069,0.01963347368688316,0.6861919237203966,0.051543449239718715,0.8649557693040096,0.08091884479980327,1.0,0.05588471448139675,0.34222963445933313,0.09080825700518455,0.5753470908245181,0.05617398952362192,0.519521572172768,0.03695888057975968,0.44612901353074025,0.12766871560312207,0.31045573799440823,0.12566746863940453,0.491841459589432,0.09757555277850247,0.4434339629154531,0.08403739521803251,0.37633884206395746
1,0.0,0.0,-0.11238610963639808,0.12526970209987776,-0.1438087237067148,0.317374409883333,-0.09898765521656061,0.47117354215923285,-0.026015618249570178,0.5551272002418793,-0.13403579932581303,0.37293356761314533,-0.16064421253288697,0.6549999166754076,-0.16961147913195102,0.8057934818882445,-0.1751712600456899,0.9263756505094913,-0.03331751333088448,0.36491494099568544,0.01968014839899848,0.6848141560500166,0.05157344138549051,0.8642855252299163,0.08156707370613363,1.0,0.05836600614305306,0.34051035822712716,0.08764976895280874,0.569878453926892,0.0530139065243716,0.5129940850742688,0.03489703951224164,0.44009767042644965,0.12867669764054163,0.3084647002716382,0.12254134685311023,0.4862288255755804,0.09389827313633346,0.4387580350464636,0.08080454865448988,0.3738829078014085
1,0.0,0.0,-0.11424927585868908,0.12607353738101382,-0.14761709345281618,0.319452784634572,-0.10521722549383002,0.4771894078771703,-0.03303405351266275,0.5636476837054404,-0.1333080498826615,0.3760065029072682,-0.1573889171172247,0.6595221906640694,-0.16539179114987218,0.8102841304051474,-0.17003871663344985,0.9295746521812116,-0.032203164027160794,0.36694065364808365,0.022546115774732624,0.6858378689571801,0.055344421999474994,0.8653905518570802,0.08611747031048791,1.0,0.05967406036257201,0.34252869807785685,0.0892551343337055,0.5734572494685124,0.05342027911126934,0.5161837555754093,0.03450881193506557,0.4429057810755484,0.12953215007159732,0.3103504607352611,0.12408728902448504,0.4865614187874534,0.09489588813917935,0.4383333539882132,0.08143773173366922,0.37310486782942376
1,0.0,0.0,-0.1120653500123837,0.12831228412758644,-0.14467217986913994,0.31795453023545583,-0.10048820959459256,0.47219436017686195,-0.027751904605047572,0.5583990570556766,-0.13296496242706612,0.37510526861155113,-0.15636713127602922,0.6578084260672931,-0.162602128114316,0.8098208295961743,-0.16529138501437088,0.9303841173100784,-0.030176158093789672,0.36585653545408325,0.025428774592419975,0.6852031893688276,0.06051591086614539,0.8651289527565811,0.09297939926522171,1.0,0.06292789831970294,0.3423998825883702,0.08933053905444986,0.5741138449235124,0.05347506404189678,0.5187124428443766,0.03512621643233666,0.44617025499304297,0.13300775092189596,0.31168744202604665,0.1236022692450348,0.48872769195079235,0.09338089797504161,0.44266102790373246,0.07993903495256646,0.3792474801677109
1,0.0,0.0,-0.1126239219286066,0.12848913217188207,-0.1441330955237725,0.3189502447205601,-0.09779012938458412,0.4736385539081078,-0.024727116376363174,0.558754539458721,-0.1297240001978978,0.37346994925487564,-0.15423627644613994,0.6575864085500391,-0.15982510960014323,0.8094873486001756,-0.1619722295287007,0.9288893413171095,-0.02626886836272673,0.3656370404882523,0.02809664673570073,0.6866817984923462,0.06395914478252776,0.8663483691762077,0.09728755439964891,1.0,0.06601073275219245,0.3427708752813192,0.09228714685831906,0.5718048314825499,0.05619898837208061,0.5145492966619696,0.03723810130587632,0.44213721080137575,0.13401154854671474,0.31232650574063786,0.12451330844899024,0.484569773389224,0.09469950678600805,0.436168385399556,0.08142768312576014,0.3726162836430707
1,0.0,0.0,-0.11107496284880061,0.12663629362085235,-0.1404164364872905,0.3205588209485843,-0.09269860386905483,0.4759490017480166,-0.01918792290808943,0.5625541426546519,-0.12955055235253599,0.3711821233092359,-0.15230921478744608,0.6569284665581084,-0.15672483134709264,0.8103151830781904,-0.15826503083730292,0.931873141997037,-0.027025291450680798,0.3609287750232802,0.029168103737290875,0.682630448092442,0.06334267092564076,0.8637695322882658,0.0951002660653864,1.0,0.06454548663428633,0.3381814532196832,0.09153477158054804,0.5731723757531065,0.054682539581284044,0.5177480171260543,0.03613550410027613,0.4459585604826346,0.1321373503550539,0.30952311085991613,0.12398542105141544,0.48812671340991376,0.09366695202530208,0.4409379212424342,0.08025637198177958,0.37657246713024334
1,0.0,0.0,-0.11261526084973492,0.1259531192465245,-0.14514228437940346,0.31720746797045946,-0.09973087730766189,0.4742156422816865,-0.0273427124698711,0.562369056389623,-0.13256829619030097,0.37113221169586696,-0.15284023086611076,0.6555651902525087,-0.15600016894578117,0.8096698215496013,-0.15643330510956105,0.9316048800385741,-0.029150375635070308,0.3622947315845555,0.028963146292022783,0.6845610768762832,0.06405794726907366,0.8647903669156538,0.09655308086521783,1.0,0.06276066477330226,0.3397661234795234,0.09017863748629087,0.5748169021750068,0.05376430192652049,0.5197680737261248,0.0351342027615832,0.44797476244834183,0.13084212952188629,0.30981155458748744,0.12230838331076471,0.48848773399770223,0.09245642913815824,0.4421085737432744,0.07888549076056499,0.378366407682611
1,0.0,0.0,-0.11327646458788379,0.12878293454936005,-0.14448092303695284,0.32087047938549385,-0.09768694174443705,0.4773009375037711,-0.02466571215006875,0.5625489710315806,-0.12912465811671556,0.37219858015064516,-0.14887860862997526,0.6563349827966958,-0.1535882039352869,0.808487720595908,-0.1557536836082715,0.9286555867970052,-0.02532062316635918,0.36373570443395914,0.03199921064269443,0.6861636028198228,0.06628599579340702,0.8662539104065261,0.09784566502998067,1.0,0.06666363795758057,0.3404647128180411,0.09232257739357341,0.5725496737867358,0.055020475729747345,0.5174525338582465,0.03600534093917902,0.44575660110694587,0.13417228575018403,0.3098291311177853,0.12324564983911165,0.487469733613205,0.09201066768128421,0.44077243439354713,0.07867876352005088,0.3766336040478697
1,0.0,0.0,-0.11270188697938228,0.12522558479376975,-0.14366108675576125,0.31625802753510884,-0.09536234037810354,0.47028168465896025,-0.022761082863623015,0.5549092247214468,-0.12881236709232505,0.36970826654777955,-0.14943786908969964,0.6549802031696158,-0.15469027425421325,0.8080093128253032,-0.1569668212907038,0.9279511430502334,-0.026258629047381476,0.3619881042102321,0.03172432338715099,0.6855160798383702,0.06620852661337975,0.8652904065869133,0.09862324455719851,1.0,0.06447673739743331,0.33939162341085766,0.0925564625417078,0.5734965200745875,0.056624383892209,0.5177230283666111,0.038900152501052644,0.44680671287696244,0.13077329710106467,0.3088581527911939,0.12051362071466734,0.48642924623435624,0.08966623145484588,0.4394968526754912,0.07670229742305065,0.375428435961942
1,0.0,0.0,-0.11040735343558712,0.13031158878520474,-0.1409517454038914,0.31934250361632593,-0.09386764683917756,0.4725810210593743,-0.023493789331859655,0.5577363730103867,-0.1273129902259862,0.3733954799378102,-0.1458628470524513,0.6548542746761934,-0.151519195060661,0.8073927762533426,-0.15406506596747743,0.9276592500868679,-0.025757145783940272,0.36588242720638153,0.031712071412890716,0.6853230006783165,0.06676809945410599,0.8658769319127483,0.09990373372794238,1.0,0.0651452969727132,0.3422633733606764,0.09542802842109505,0.5722976329938557,0.05837904055554882,0.518984266833423,0.038860462095014474,0.4481054059317045,0.13241093185807715,0.310081524794624,0.12504977467887055,0.48292823625591835,0.09372984178345105,0.43832251511980724,0.07949364955413442,0.37556203467896637
1,0.0,0.0,-0.11196661317121732,0.12923288942738612,-0.14117909638746293,0.3207245622052879,-0.09377079148465814,0.4743177204561638,-0.021894447455777687,0.5583388777292422,-0.1296252130075425,0.3715693297480754,-0.1476834344787028,0.6553236474685316,-0.1535720434907375,0.8082591305395246,-0.15679480775294313,0.928674765381713,-0.027226562084834573,0.3635443037974683,0.029869591556930142,0.6850513875160752,0.06523270520464666,0.8661386559534058,0.0982671017157514,1.0,0.06447512461605501,0.3396540155243086,0.09394608650674716,0.570162293147977,0.058361197022677114,0.5152761038307702,0.039477941098321805,0.44336815851658185,0.13253848306745034,0.3076889611608867,0.12551180265493309,0.48513315407043683,0.09529247131262245,0.4374327852706834,0.08187170303294398,0.37188335866396
1,0.0,0.0,-0.11112385415045342,0.126847744627985,-0.14159552143057502,0.3170329929529423,-0.09271964111332608,0.4707949782757858,-0.019380044230901235,0.554405590415301,-0.12905914844922076,0.3671332878915295,-0.14861786201868388,0.6540036479617996,-0.15383514794527436,0.8079404891274411,-0.15643425716916018,0.929618404665007,-0.02702695068076549,0.35931576281638244,0.029847383899533876,0.6838219363010617,0.06483917358439506,0.8647823383734565,0.09747775390184175,1.0,0.06423409892321004,0.3364063988764029,0.09359702762016113,0.5728322607052594,0.05808829739843319,0.5177326140609521,0.03986430734628999,0.44577886978719844,0.13204539811342128,0.30593134182226905,0.1236172899943193,0.48481804964267544,0.09299901498816827,0.4381566804395068,0.07970177898164973,0.3738930622342735
1,0.0,0.0,-0.1133860844911171,0.12974999521796515,-0.14399833372652288,0.3205414255281315,-0.09737398983941573,0.4742494861969221,-0.0256861157337448,0.5594364425061263,-0.13098921527162313,0.37210989753693324,-0.1511535330736157,0.6532619499508691,-0.15653661657219492,0.8054485442423238,-0.15876327368896087,0.925117443233704,-0.02832183165395354,0.3637443828801735,0.0279826259818226,0.6836840513115882,0.06324627196105227,0.864860545236987,0.09674715362658896,1.0,0.06371058983388982,0.34035945316191685,0.09300441434950511,0.571737678113087,0.05709437894827822,0.5170718644197478,0.03850267758529202,0.4457488418620039,0.1318844121958183,0.3090804111558143,0.12452971343921822,0.4839437689377436,0.09441762962679583,0.43705403982762003,0.08093852570219753,0.3729613122753772
1,0.0,0.0,-0.11138197699862973,0.12931475199151635,-0.14082659536880773,0.3210363406226538,-0.09465859987108702,0.47690367875172346,-0.02374854863428437,0.5639512288859436,-0.12883784315737518,0.37230209819406707,-0.14868552752946182,0.653504015801198,-0.1539865390663053,0.8056118744579338,-0.15613725454608243,0.9255040576092878,-0.026419605338695314,0.3636489535724695,0.029926400106667125,0.6848219473261855,0.06398417394312221,0.8656045057821223,0.09619730706467026,1.0,0.06482259563406312,0.34020506726759203,0.09348811460275358,0.5722300781097998,0.056409423797659015,0.5189278710875802,0.03700835151902843,0.4475337782175474,0.13213249011877806,0.30879928225679504,0.12374615455617428,0.48374749354499336,0.092918055649816,0.4380460254807595,0.07906220499961193,0.3742963158245244
1,0.0,0.0,-0.11103159777798434,0.1303458391394337,-0.14092493248087118,0.32163822367213796,-0.09256653617708101,0.4741851192070398,-0.01981707122965672,0.5581038022511894,-0.12741530592047506,0.37424407508944896,-0.1471387155370892,0.6549915060801526,-0.15280382829817274,0.807913331032823,-0.15542592901496705,0.9288587700306041,-0.02476444175061195,0.36447879080876805,0.03061758515177638,0.6834103070502152,0.06540608322272916,0.864563468264064,0.09880267351556601,1.0,0.06656426141663614,0.3404571337537353,0.09529672975243199,0.5716575714449228,0.05856920991901949,0.5177243284059119,0.03948148251902201,0.44685799951527994,0.13399864204809367,0.308680521511257,0.12484173380379193,0.4850176082417692,0.09357870412225698,0.43943368962946644,0.0793762362943844,0.3763566962464755
1,0.0,0.0,-0.11204867157402443,0.12968555383386177,-0.14278567981714918,0.321723746721609,-0.09384025675610398,0.4764023394006596,-0.021762511354090835,0.5611870478741443,-0.13022016769434316,0.37352492298526285,-0.14887712347048204,0.6541555424336225,-0.15441096748417535,0.8069012078991585,-0.15754028682150312,0.9271700184529835,-0.02746751101566944,0.36453727115800305,0.029300998212272184,0.6848334241802051,0.06345065204290179,0.865820337350611,0.09590727946895353,1.0,0.06386665928292715,0.34073333971277114,0.09299848216059535,0.5723768080702293,0.05685635026706293,0.5185575511219642,0.0381179187444927,0.44705565253196844,0.13118132689052553,0.30874321751541833,0.12301012993896321,0.48435004385333036,0.09210352200838846,0.4384711359084054,0.07833921309564199,0.3743732043244101
1,0.0,0.0,-0.11214300531392486,0.12988345967278786,-0.14013363961136938,0.32082388923493516,-0.08853161786001802,0.4705053940623163,-0.01390931942759126,0.5503358500493463,-0.1287700786674392,0.3753365596364542,-0.14853176189561007,0.657740790441911,-0.1546733265711918,0.8099344454481434,-0.1575949897078097,0.9298056663319486,-0.026423329360116234,0.36671377007090084,0.02913246939278972,0.6869764853423309,0.06292957379727103,0.8665297010569529,0.09530948094515025,1.0,0.06522948329490737,0.34186198198905526,0.09521501054213444,0.573131459449109,0.058940776377259155,0.5185142926376772,0.04051085753001836,0.447013753845715,0.13305188966930134,0.30881654567912287,0.12483338824101899,0.4863020033797528,0.09263719707867576,0.44113159444717376,0.07850193946748912,0.3775771603608967
1,0.0,0.0,-0.10943114675854047,0.1279043073023729,-0.13770957763957506,0.31929666567776277,-0.08607416554025872,0.4678781372201898,-0.011738696990426482,0.5483266635072384,-0.12962982500340067,0.37302171748268115,-0.14897886179273503,0.660640542442615,-0.1553368244594332,0.8140760831416365,-0.15929286198488904,0.9343353757082162,-0.029230760790622323,0.36445932911241585,0.027062768387879892,0.6863129372963199,0.06007471499382252,0.8659251716268707,0.09074958492060846,1.0,0.06168607970790339,0.3410698533285337,0.09127850079358481,0.5726231737456289,0.056358940317048495,0.5161162495194391,0.03864405663844985,0.4443498210196513,0.1311425806677591,0.3097723818980793,0.12585145257038344,0.4897578113911317,0.09456776671321408,0.4434568534766583,0.08071467225291856,0.378868207246682
1,0.0,0.0,-0.109100238511462,0.13109906364788065,-0.13457906619577756,0.321923803727007,-0.08374753172485544,0.47004154487483457,-0.00854522163164488,0.5506470950436327,-0.12783421684018317,0.37546389417734777,-0.1528963218276914,0.6599581012505927,-0.15939515758034722,0.8112992151061977,-0.16149972043908756,0.931006065410176,-0.027340632586186152,0.36493725803826094,0.03292562264231066,0.6868913534286908,0.07016313617801306,0.8655946154445019,0.10465472457942007,1.0,0.06432661207561592,0.33930442413990786,0.09698682878840424,0.5697670797562512,0.06215891799310652,0.5108245985292973,0.043602584699878974,0.43765367003319344,0.1342835101526615,0.3076367548286185,0.1312295725902911,0.4838784653167531,0.10213046647746173,0.43497455641822313,0.08828958264032896,0.3702633534570007
1,0.0,0.0,-0.11191905498720076,0.12767754181958776,-0.14069257944716443,0.3205179946397572,-0.09259903411242157,0.4752988516531221,-0.019659140300344078,0.5605537021707402,-0.12787000734049597,0.3722268282043825,-0.1515507834885574,0.659180155031899,-0.159233661014038,0.8109368780461444,-0.16306453332039827,0.9307671594819373,-0.025585716760676218,0.36276325457352043,0.034425514886045026,0.685776280319436,0.07102857077614594,0.8651947096518622,0.10558286878156065,1.0,0.06556408176394862,0.3385713172335996,0.09595235932305748,0.5717705984025362,0.058188978873966075,0.5163928642521676,0.03875818749673344,0.444751155342723,0.13343150918710833,0.3084607460045853,0.12746451071243659,0.4886008146666953,0.0961767369605496,0.4425428368751173,0.08205867475220419,0.3784194808012097
1,0.0,0.0,-0.11296550643520495,0.12744987509778055,-0.1417972288883685,0.32322820343566205,-0.09449878919476373,0.4781886265908074,-0.022284449809916635,0.5645824482391997,-0.12912816573534064,0.3711689711138538,-0.15242239250472034,0.6583515766229132,-0.16022473836068923,0.8100416189750878,-0.16412867140231396,0.9299379830773894,-0.02619517697742503,0.36197722651467074,0.031511438937121286,0.6846186580992739,0.06716743620758121,0.8649189060919459,0.10122794624968852,1.0,0.06553712908407469,0.33822637786819154,0.09443905750470298,0.5732591131698256,0.05660667524283515,0.5178439577538422,0.03769154569407056,0.44567717725018086,0.13344965443023363,0.30818331938768223,0.12600584025891848,0.490118687009695,0.09456305030208029,0.4434126101665743,0.08079376338876279,0.37816961011554756
1,0.0,0.0,-0.11177438586553817,0.12710669014939,-0.14075059294631082,0.31960646321560815,-0.09154186841604607,0.47172461679321304,-0.018058056701112254,0.5541755497475287,-0.1279871153967655,0.37441725067476983,-0.1514155963045063,0.659224064051149,-0.1595068203595013,0.8133642807571685,-0.16535085165435964,0.9347544328852273,-0.026600813537266912,0.36699646294604693,0.031787143683008987,0.6857561076317742,0.06747408161508082,0.8657566580744314,0.09977940550636515,1.0,0.06394190947991729,0.34336690774121187,0.09407631017203173,0.5724287376630625,0.05884444257032948,0.5161568008782178,0.040464044385205435,0.4442934697053837,0.13139802034501152,0.31068094355493553,0.1271177273029251,0.4880489913775068,0.09688752977820486,0.441481684091337,0.08284770447370501,0.3765809572735514
1,0.0,0.0,-0.1088573393900212,0.1307577536389139,-0.13385151746774995,0.32276057139263215,-0.08119640927631948,0.4719685066585226,-0.005111392779456519,0.5530895567463189,-0.12564572342271235,0.37622224954543676,-0.14895990154576993,0.6588791255614401,-0.15546827236510563,0.8105545076410251,-0.15868123686526173,0.9312259580107667,-0.024979871164118147,0.3652117338222804,0.03430698726996324,0.6844998331332254,0.0707884837561286,0.8642426883172293,0.10459302921840057,1.0,0.06628945520972802,0.3398435928541358,0.09929153863631598,0.5698581094136091,0.06426155644488211,0.512773524107291,0.045694157283125605,0.4416219847117171,0.13533207054753266,0.3078180625209292,0.13293771648060124,0.48466582166163047,0.10363829062696012,0.436473337295829,0.08965958611373798,0.3720915177850518
1,0.0,0.0,-0.11074957546066966,0.12891547764697808,-0.1386063313464075,0.3188110658549578,-0.08896659959769962,0.4685161746046577,-0.01704438390860888,0.5505957161971768,-0.12851947252060453,0.3744419170504665,-0.15107021342450289,0.6544613529196835,-0.15772573674605722,0.8062498484674261,-0.1614365302181119,0.9255551480028397,-0.027628624038858126,0.3670530824100421,0.030026064311629522,0.6859269589599456,0.065183890006705,0.8655319434919259,0.09829292441066058,1.0,0.06323335562664019,0.34335473481338774,0.09345125485985346,0.5715048719406194,0.058190209783467575,0.515812202544216,0.04023585061489969,0.44503759354788125,0.1312830013133532,0.3105274269350692,0.12629486799758227,0.48474118378168307,0.09637429162509416,0.4390694432491193,0.0827740038585333,0.3756517672987105
1,0.0,0.0,-0.11298977333359403,0.12483887567024746,-0.14294083460773505,0.31504967120577526,-0.09447985000171431,0.46749092617480853,-0.0221116843439431,0.5507478237412468,-0.13269518322907184,0.36797184103514,-0.1597363015629733,0.6495043930376722,-0.1688344955253553,0.8018240875099565,-0.1747464726912502,0.9212694599512001,-0.029969196173422908,0.3645749477134017,0.021681405522700217,0.6868986970358224,0.05388161934449706,0.8661847033824704,0.0844509673410299,1.0,0.061456481767200595,0.34380496255851695,0.08625538981957759,0.5717707057337734,0.05154519259404716,0.5150495578626548,0.03459883760962759,0.443352525157214,0.1294005820735954,0.31412762492041185,0.11838873120027248,0.4881307084200054,0.088876732839214,0.4396983429519139,0.07673428433878599,0.3746433587873646
1,0.0,0.0,-0.11465352383056719,0.12813630431267675,-0.14794748504752292,0.3174535396069916,-0.10341959704358936,0.47087199193262697,-0.033916316909566785,0.5551855687654185,-0.12835932817822737,0.36724641697931254,-0.1566322212356806,0.6473551202520862,-0.16622545694394827,0.8000425221709758,-0.17206644271086044,0.919961320657894,-0.024336061803643283,0.3660279520867424,0.025779618899500253,0.6885840808888375,0.05647232446427735,0.8675208283393081,0.08681626549354354,1.0,0.06606356315679976,0.3467879891770305,0.08426921455445045,0.5725313622407544,0.047838654821605514,0.5165388921312658,0.031132191672715366,0.4446624440719693,0.13212855275341756,0.3173666694220729,0.11663527666977083,0.4865775222611981,0.0877307560608893,0.43979842693643306,0.07670009694798223,0.37704762761305055
1,0.0,0.0,-0.11504211844480698,0.12923488329495314,-0.1492286540842312,0.31894528201433003,-0.10410664636827749,0.47291939729179006,-0.0357449786788514,0.5579350095184336,-0.12734046200217095,0.3699531098657441,-0.1545950407215051,0.6506373537400566,-0.16330781067475753,0.8030630041188339,-0.1691341896003541,0.92192446975091,-0.023391327712789196,0.36759556029754814,0.02894573103066354,0.6906954550281633,0.05933800737954781,0.8684446288024734,0.08841972621407246,1.0,0.06645684062129606,0.3471238365666073,0.08512907794139553,0.5719803829752963,0.04811644775338598,0.5167070425004651,0.030929670500410886,0.44574735205089994,0.13208834645815204,0.316345976350381,0.11742689408274871,0.4855437409617645,0.0882542316225811,0.43928807391236485,0.0768591948923323,0.37651958174484895
1,0.0,0.0,-0.11260792714829113,0.12741328355887385,-0.14612239992081336,0.3159739249706585,-0.1023895982692063,0.46975720810531824,-0.033777768350796815,0.5564436714320056,-0.12807534043185,0.37295196481850706,-0.155716851199819,0.6525466989069415,-0.16354812709455732,0.8057223659836819,-0.16829409352507813,0.9249453470778716,-0.026785870840933836,0.36786818252520537,0.025311302478824644,0.6908557813317496,0.0571522504560302,0.8684395989762299,0.08785375924433321,1.0,0.062074548565449174,0.3465167776693675,0.08716596671333023,0.5733203240996054,0.05228453456638244,0.5155860518389683,0.03491466225483958,0.4442026895176685,0.12787214185720952,0.3150050198673624,0.11828108429135027,0.4871277874404333,0.09022214680637453,0.4387618603204231,0.07780695428385583,0.3750132213407995
1,0.0,0.0,-0.1127792102161358,0.12947328824883722,-0.15076175268854308,0.3197138247682202,-0.11379319785549671,0.47694949853883684,-0.05395409549194015,0.5710134999670607,-0.12534176274428888,0.3708764954214416,-0.1521497650189522,0.6548265440888557,-0.15947497371275188,0.8084555817517018,-0.16401816878766093,0.9278119512795409,-0.02151718560037736,0.3654710329783402,0.03298874959966667,0.6901562633236493,0.06237271681668056,0.8679612987825589,0.0909294948484979,1.0,0.06766937985479914,0.3450464044434647,0.08593698532391565,0.5742287148865249,0.04712639810087288,0.5209821720125722,0.029571763830856995,0.45099977099365085,0.13270932192731516,0.3152027133972707,0.11659189500044632,0.48890445701111634,0.086809519477375,0.4441720736025836,0.0751785351179668,0.38188305960467744
1,0.0,0.0,-0.11390868095851164,0.1280041320628128,-0.14806718965329657,0.3157732941357801,-0.10557131491622543,0.47169944966272576,-0.040459026165953434,0.560780054353739,-0.12750915717705086,0.37300947563828246,-0.15129458457242329,0.6515820213335026,-0.15698169584572425,0.8049433456335678,-0.1599800196743309,0.9246026034489011,-0.02392128341009647,0.3686236921556539,0.030833507108145353,0.6907832106332052,0.06228396202038152,0.8683542467541887,0.09252970415971568,1.0,0.06577626908500761,0.34763117542793937,0.08778933506201494,0.5735942939907159,0.05102193755893233,0.5173117962120113,0.033116284815405815,0.4455534708874302,0.13163612007688402,0.3159809739247117,0.11963290826503227,0.486413265213607,0.09151737143686081,0.439996690723145,0.07903703443461231,0.37737429281206936
1,0.0,0.0,-0.1143763855893701,0.1297083944285456,-0.14979128135873368,0.3198566171923536,-0.10447327765119858,0.47404904155284666,-0.03445133699320762,0.5575299208663593,-0.12494150230237501,0.37454769287082323,-0.1510561041712987,0.6554218590150082,-0.15818249279904603,0.8082529474046182,-0.16231983316806944,0.9278940900346232,-0.019494657103046743,0.3704841314494918,0.033566990498100836,0.6910061889956411,0.06456930466916362,0.8684211090720224,0.09467754953805943,1.0,0.07067193890645587,0.34926124539149667,0.0882333302115497,0.5758118007711044,0.050274347588922574,0.5197323654374226,0.03295702733753082,0.44768007389333364,0.1358630742801012,0.31808434964072085,0.12023866631683626,0.48761292933163564,0.09055507934453982,0.44191259053470433,0.07881064332811685,0.37968848412144074
1,0.0,0.0,-0.11534883117482211,0.1274080710636482,-0.14867649433174568,0.3199075088512415,-0.10132552386663746,0.47627723126246957,-0.03182050143580399,0.5631001257049278,-0.12835222751438688,0.3712770006112258,-0.15156525700314838,0.6560058700741543,-0.15890155228287067,0.8082614950813622,-0.16407924023480297,0.9274175133489407,-0.02279468579534315,0.3661715353300043,0.030779687698215912,0.6885736815398277,0.06358031276308658,0.8676164212153014,0.09545285488576997,1.0,0.06884925211334202,0.34451756409221435,0.09026276942948415,0.5723462132832051,0.0530210988225254,0.5159930689301242,0.03521078640541569,0.4436224931092941,0.1357859729446091,0.3134107840989033,0.12290799321885343,0.4864209846501597,0.09354147685991397,0.438797845717383,0.08191088789196296,0.37449271142069634
1,0.0,0.0,-0.11362335900076839,0.129882054278207,-0.14430209615952186,0.319150562495142,-0.09801925645608127,0.47204518317553984,-0.025913095554620527,0.5538692030647187,-0.12672252754108038,0.37785338327426293,-0.15035369088767336,0.6562618761004888,-0.15742033816537354,0.8079013767026654,-0.1612262832928775,0.9270388315681056,-0.02323105079880534,0.3731365009053443,0.03101761384349261,0.6907405351871021,0.06328547184168508,0.8682220002242925,0.09411292466784205,1.0,0.0676812603057663,0.35049371593844747,0.09010706667595961,0.5727708640050434,0.05376594821367674,0.516788665141363,0.03621663900297116,0.44481200303225077,0.1346058920086195,0.31843566606119167,0.12252407057010158,0.4855362899212653,0.0935020001325104,0.43933232545125955,0.08147094566242145,0.3766648052111576
1,0.0,0.0,-0.11308431597647667,0.12560823986309827,-0.1447398360510754,0.31661559183409455,-0.09693299136521925,0.46968896872342686,-0.025574910279164243,0.5514546381357415,-0.12742376483767534,0.37426289242400956,-0.14962879515772234,0.6560956503247237,-0.15711557280088428,0.8092252682036915,-0.1627000311686706,0.9280581860978571,-0.0244373539773542,0.3698071177337142,0.03197264484058327,0.691151532116181,0.06499826983825778,0.8687527065081844,0.09567880298566671,1.0,0.06581498059614305,0.34717448416422597,0.09040173811848273,0.570483555163252,0.05497105950296703,0.5132040391620465,0.037497570761325545,0.4413993216163174,0.1325628747073823,0.31431114232748397,0.12320640614924384,0.48429116174994485,0.09450976317820838,0.4365990887528611,0.08254517239079731,0.37268270665415343
1,0.0,0.0,-0.1121749001772637,0.12645196870131964,-0.14472123046070653,0.31795305197944457,-0.09857952693870974,0.47274443588963094,-0.026936919192823507,0.5570721051406471,-0.1274565345843256,0.3753566939425952,-0.15219595695536178,0.6580670020949345,-0.15890433132195741,0.8117870687031101,-0.16306855986678365,0.9323137746423391,-0.02533073107844366,0.36858013572311055,0.030859066411215958,0.6906146215688732,0.06431599491485972,0.8680726960196243,0.09568142670414868,1.0,0.06505455782556537,0.34507919568837403,0.09249426131175133,0.5703236942469874,0.05761335028380096,0.5129373847338359,0.04012003795949793,0.44030267327973643,0.1328874644129707,0.3125671005747641,0.1262538630951315,0.4842468799799459,0.09811484538666762,0.4352905871188383,0.08595047359845297,0.3705710755787928
1,0.0,0.0,-0.11246339043327064,0.12839202992288984,-0.14381755986447148,0.32039388654836887,-0.0979201571140061,0.4770046404222125,-0.02689952391511118,0.5608009172974086,-0.12571018207543105,0.3739069923666039,-0.14896037819683597,0.6560086204953075,-0.15693208192324254,0.8088051019817037,-0.16295869507708877,0.9282189950536598,-0.022157652216321697,0.3687342100509473,0.031470458223501065,0.689556581560393,0.06326452746655663,0.8680379041534932,0.09337347936351933,1.0,0.0685410422386577,0.3460523308126489,0.09336877073757344,0.5712875980214639,0.057221505464717125,0.5158034328451487,0.03893063394942137,0.44387774466519814,0.1355747534320889,0.31375129950941827,0.12518310134075983,0.48524987251038537,0.09545854454374414,0.43735544161632006,0.08321654514131158,0.3722161675951221
1,0.0,0.0,-0.11271269533858115,0.1263087266745339,-0.14643370104686695,0.31792203870699876,-0.10108538352286131,0.47401590473742256,-0.03190526584576162,0.559580858613341,-0.1287050743781377,0.3709422145792759,-0.1516986317899735,0.6567528223317131,-0.15991263860743332,0.8104008724701526,-0.1663150517400078,0.9301650721992498,-0.025449381318810464,0.3652765343216296,0.029897372095423848,0.689231261493133,0.06244844085134466,0.8676209833189266,0.0930489474856578,1.0,0.06526226575168628,0.342768794551751,0.09161136761812388,0.5730735214516083,0.05601571773051389,0.5164019927959449,0.038109234338242884,0.4443527201927715,0.1325345698283511,0.3102315940451739,0.12336908672860007,0.48626843154675015,0.09382699916533155,0.4388733319855873,0.08143021396850106,0.3737922113052253
1,0.0,0.0,-0.11231734955780684,0.13057452938779304,-0.1474464327844943,0.3209448706307955,-0.10352353239770931,0.47599931365329484,-0.034613751242216044,0.5606990727170035,-0.12431998055351003,0.3752293184434229,-0.148392590315362,0.6560264815437081,-0.15500711369762138,0.8087998226937678,-0.1587471312852557,0.9285877701596471,-0.02047658199340821,0.36990841561152776,0.034743442171715364,0.6917492546703748,0.06703305188352124,0.86874091126824,0.09763982526756797,1.0,0.06939608639389151,0.3473616403686254,0.09120818468445925,0.5736021047965626,0.054387685796197925,0.5188415039572177,0.036581421452624205,0.4475455240900544,0.1350897612800366,0.3150685989232936,0.12326758227223657,0.4864678167740275,0.09383846544315834,0.4412627349486312,0.08124128661409441,0.3788201986115778
1,0.0,0.0,-0.11129659066217217,0.1352622335165761,-0.13938287162433027,0.32719914548684825,-0.08983252518280702,0.4745965638206522,-0.02071227052533851,0.5571593654246363,-0.11294702460007879,0.3727286380426838,-0.13491248037722212,0.6577861613953873,-0.14158495108684915,0.8090346406664134,-0.14687641978278124,0.9248467941813162,-0.006955991526910657,0.3646831538669799,0.05305586638268106,0.687852875935241,0.08516503467901144,0.866719216785362,0.1148252047682624,1.0,0.08177411408459379,0.3424258982322942,0.09986904591759073,0.5677915413190923,0.06032529946886325,0.5162941679535491,0.042233708301233894,0.4489046684491295,0.14400533576882363,0.3110246605012509,0.12866006202598865,0.48176766514797115,0.09781642491869111,0.43692388047041214,0.0859951173996958,0.374812341754134
1,0.0,0.0,-0.11096640655580205,0.1342742541816156,-0.13936989874190092,0.32204198376521126,-0.08875417683501875,0.46747754656919344,-0.018214376048283097,0.5492106712575515,-0.1136335255891898,0.37202073199386815,-0.1374360889555399,0.6537375158519092,-0.14401066557882322,0.8054883460037543,-0.14838053389896558,0.9229779019243066,-0.008291232999669417,0.36544543104299987,0.050029306294088007,0.6879540266384507,0.08254002561801803,0.8656848937425919,0.11321066314508253,1.0,0.08006007283258733,0.34416338280683895,0.09729168121357899,0.5688738473412976,0.058469750776261875,0.5177516755870023,0.041107908295492046,0.4517413849201371,0.1423047292506947,0.31289314690493375,0.12496056036299821,0.4838841458309008,0.09481824737641305,0.4401181001640747,0.08325667533059035,0.37961718997403143
1,0.0,0.0,-0.1130434938531939,0.13275986453596514,-0.14886280500925247,0.3177246955286827,-0.10631706258696619,0.4671387346808012,-0.04313209177891581,0.5557010969096221,-0.1259431796990432,0.3753477153294793,-0.15472211463518432,0.6484832618477236,-0.1651465514768114,0.7967331195937514,-0.17298083038066686,0.9099880518617339,-0.022877935333017744,0.37301920309085607,0.02973033308946938,0.6898621331879713,0.05936533210923192,0.8682832814524728,0.08793507002720756,1.0,0.06704301210234635,0.3539689754845003,0.08808225507213113,0.5696609633582457,0.05175549172057973,0.5161919986324492,0.03500553475539489,0.4488462485595291,0.1332150174769166,0.32080975384085725,0.11921047252227052,0.4842904993473053,0.0912772912452841,0.4374112406937212,0.08068011743722894,0.37567839604462233
1,0.0,0.0,-0.11576574454276668,0.12783827179829318,-0.1490868574874876,0.318380118636785,-0.10121963856412547,0.4675506683503873,-0.03179983873974169,0.5518226311262843,-0.12353140569875334,0.36910463292215456,-0.1531221056597555,0.6483414545082734,-0.1623594060326059,0.7983596170958477,-0.16733481724130111,0.9136079359778906,-0.017830414961482105,0.36936365119859715,0.0332821685694303,0.692606853247896,0.06160923809453266,0.8691722510482719,0.08962017092609953,1.0,0.07205152325578643,0.35208563547408017,0.08615702326300259,0.5722044371999422,0.04839396068954758,0.5175155382330295,0.03235345976102968,0.44893235522371217,0.13620711260216312,0.3222902866390019,0.11698920881905306,0.48670030493445854,0.08809950761328174,0.43985220685938736,0.07866840170222046,0.3777573094965248
1,0.0,0.0,-0.11210403708265237,0.1297501539613954,-0.14770899831805198,0.31551934709144613,-0.0990628092536891,0.46403906910224074,-0.030146067870933956,0.5448271546465822,-0.12746489099779207,0.38079236748153905,-0.1559195552381814,0.6534650519740307,-0.16521589458162744,0.8028696051723342,-0.1715396316350135,0.9163747659060322,-0.02695683184617375,0.3805408324993037,0.024274663285601905,0.6958797539784923,0.053113241248877334,0.8712526803427795,0.08066631555294146,1.0,0.06165651314550876,0.3616357338344763,0.08869544748588402,0.5723356414537953,0.054536504898359345,0.518279759021492,0.03707434988162404,0.45054258755542975,0.12820043094584457,0.3286322224153493,0.11926325157703285,0.4815733328638834,0.09242050222280203,0.43548169986910495,0.08006192434562659,0.3750059866402022
1,0.0,0.0,-0.11321559441343072,0.12717831824898795,-0.14962256638825483,0.31414718253858764,-0.10347382580791047,0.46453551381081937,-0.03707701624830389,0.5497746403887644,-0.12667150767360227,0.3782510133514067,-0.15607022039323754,0.652552526492336,-0.1657494083741816,0.8023791735380758,-0.17211552259985194,0.9159648568175348,-0.02453453348379401,0.3764767139191486,0.025271320147523802,0.6940214386422409,0.05316254885643157,0.8699479054835271,0.08046866413949869,1.0,0.06420972462829652,0.3574387939141422,0.08720795002058533,0.5751159398553956,0.05185945378212787,0.5221610168642452,0.034958369241407224,0.4543324057733863,0.1298104038284545,0.3253136622597679,0.11629006027007394,0.4849925959105874,0.08913191887763038,0.4384600480514382,0.07797715375612455,0.3772370839216965
1,0.0,0.0,-0.11288938997348005,0.12590545915477083,-0.14595070766821103,0.3138495466140836,-0.09927218352794588,0.46331438200887326,-0.03372435485145027,0.5494386896193111,-0.13113800180679935,0.3739851381745722,-0.15946336180779713,0.6525026265109849,-0.16981819755212102,0.8004867918409783,-0.17835022004487897,0.9141260635964422,-0.030270125279531136,0.3726736919451764,0.02022217134044217,0.6905675188475164,0.04795162939148556,0.867342371230901,0.0745129964367527,1.0,0.05910639036320301,0.3542968149117765,0.08622362460209687,0.5735291422999999,0.05233081581440626,0.5186279411495242,0.035904401313324785,0.4499332266458404,0.12680624117214376,0.3231540859241338,0.11704407380130165,0.48653300088061063,0.09113665910266405,0.43894999920700384,0.08049557485059722,0.37517925177196143
1,0.0,0.0,-0.10953223260806698,0.12714749261090988,-0.14354180656513918,0.3154772335148541,-0.09575059921477132,0.4628972401809653,-0.027109107329291185,0.5435660692491312,-0.130998887347623,0.3768970539219771,-0.15780884681178528,0.6558149872314561,-0.16874191243866932,0.8041319779724239,-0.17770715798193287,0.91825987540254,-0.0317216212374459,0.37555372223883304,0.02098109471269551,0.6951634238813432,0.049001737600298016,0.8699091252199571,0.07486585063989766,1.0,0.05769954219501316,0.3554215151188381,0.08638679619835601,0.575768195787606,0.054395895930241106,0.5166781444683531,0.03864582975928477,0.44609732277212194,0.12648578304749114,0.32313131381208426,0.12024917041226957,0.48832480871692063,0.09426236539111937,0.43948191204654513,0.08354435537234642,0.3754388421062951
1,0.0,0.0,-0.11053049364907902,0.12834967955333138,-0.14559126880951295,0.3164643763706146,-0.10099164813014382,0.4647929110771504,-0.03483730300197855,0.5476836207084711,-0.13289287312977047,0.3765120652373281,-0.15823222647731525,0.6541859482881749,-0.16940077985503413,0.8018664290519932,-0.17851718794215302,0.9153613367893146,-0.03272940454778862,0.37390928087226133,0.020896561415977188,0.6937247440274998,0.04935548806801886,0.8694781680031216,0.07593764682591803,1.0,0.057417640591979124,0.35425675021089326,0.08526328244453116,0.5779191433618315,0.05283056437441772,0.5212636668962911,0.03752662730503528,0.45124274797234243,0.12612253978635357,0.3227487075490013,0.1177217327439938,0.4882230249078024,0.09055248092004974,0.44110639396119716,0.07941119145199847,0.3778291571431252
1,0.0,0.0,-0.11052768737797171,0.12643584806196675,-0.1441079181579009,0.3164041895978198,-0.09879770505523247,0.4648971493031611,-0.0326943067434498,0.5477650150231527,-0.13324844054927595,0.3719522220846527,-0.15963044311621147,0.6505624312332573,-0.1700426077096917,0.7980464176563149,-0.17844873373013406,0.9121130685169039,-0.03355030813454748,0.36976298364193094,0.018663944723713986,0.6897055260561358,0.04785806529029622,0.8674774889343462,0.07501439263976203,1.0,0.056648300370842335,0.3490713216939332,0.08636789923030101,0.5713495555800161,0.05489675695010689,0.5122062256506381,0.039559263860176976,0.4413208527404334,0.12605341833400177,0.3167464680210124,0.12235079630113356,0.4857651411257296,0.09619641957228021,0.43676116065056103,0.08503893684230293,0.37230991983021033
1,0.0,0.0,-0.11270552674621198,0.12680444026281235,-0.14850682795588108,0.3148778570051566,-0.10593197990714999,0.4645372776200909,-0.040457896798020296,0.5505991966254875,-0.12925936411440267,0.3669179081223758,-0.1571140656012396,0.6458094125520902,-0.16771155266128415,0.7944865908233922,-0.1761238877215615,0.9091634223317745,-0.02805036185801877,0.36502692868687187,0.01980777088428182,0.6860530074408533,0.04645092395343677,0.8653985469906192,0.07247511733559982,1.0,0.06187308355895151,0.347304888265955,0.08689518060164579,0.573218960171975,0.05235786660782205,0.5200464735059792,0.03566444503989592,0.4512172166577147,0.12988499231908007,0.317652111919551,0.12018836137546059,0.4890302884073276,0.09194552184788263,0.44284853007683345,0.08017816460569055,0.378206647663412
1,0.0,0.0,-0.11355010605566722,0.12536466343673097,-0.1485597660092382,0.3139273511481395,-0.10421899551939999,0.4649704124616053,-0.037213969070266785,0.550450204299418,-0.13329629681826938,0.3676515136705505,-0.16022717749780152,0.6474243482959945,-0.1700992878654041,0.7969971630090077,-0.1781436674302796,0.9120747980002101,-0.03051223894674455,0.365580560254576,0.017443228735486392,0.6861038662090748,0.044293035210602745,0.8651517762145863,0.06990551293982188,1.0,0.06083020288402918,0.34727900573626513,0.08335034376220375,0.5743567898433873,0.04883091754935259,0.5209810190891109,0.032944768160356595,0.4522425200711695,0.12935533278081643,0.31784028018032723,0.11516598314293018,0.49256655623905404,0.08583651833724232,0.44755067251431413,0.07450582999300034,0.3835064457023322
1,0.0,0.0,-0.11223236386208692,0.12263347965218684,-0.14768953264285492,0.3125014061377213,-0.10362279964926961,0.4641794625828451,-0.03733222040206555,0.5520012756028424,-0.13246126873862538,0.365253200671443,-0.15993097128368558,0.6475283458490286,-0.17039278692495008,0.7961406068263778,-0.17919819120483316,0.9103084201716175,-0.03120364935960902,0.36173774312215573,0.016866253917745058,0.6859883453265871,0.0423416190643435,0.8649248627949322,0.06762793890333488,1.0,0.058633036331880814,0.34285963642601086,0.08333696978793254,0.5719805863152638,0.048244151108806595,0.5176068072014183,0.03188765514512021,0.4485504588652057,0.12635428993178213,0.3124562587359845,0.11602172571488796,0.4886288190511768,0.0869960232537808,0.44239244386509474,0.07513796004107659,0.3770692873701578
1,0.0,0.0,-0.11227136113556105,0.1267713261878661,-0.14927385951752817,0.3139153249121996,-0.10601572373953044,0.46417528432446103,-0.04002131355525775,0.5511563148366733,-0.1333684222310911,0.3654754293498307,-0.15983986391276814,0.6434456127632008,-0.1702618414439722,0.792662436432261,-0.17903583091851316,0.9077771178227495,-0.03252722667498553,0.36219034602454087,0.015401494551034074,0.6849132465077268,0.04142663450066703,0.8650726987699319,0.06698005621283781,1.0,0.05803919527712917,0.34387669484973854,0.08510111684360891,0.573670648686708,0.05204150515334776,0.5194481653065306,0.03614287585943341,0.45020619140020435,0.12704137655793343,0.31369610755296845,0.11921354675532589,0.48822353453422285,0.09153814941818895,0.4410297739232101,0.07995593867239305,0.37585867696801667
1,0.0,0.0,-0.1123369935893849,0.12504918736871395,-0.1470078503191697,0.3159361025456448,-0.10322300138979837,0.4679522175525938,-0.036792303027461754,0.5545289430424637,-0.13595736540203585,0.36583485444924513,-0.1627780541915502,0.6474760566021471,-0.17221537489016964,0.7965758634821783,-0.1801086432150165,0.9118169156154962,-0.03308687978924668,0.361927539935909,0.014882487179525956,0.6840936896500097,0.04143504620814915,0.8642870213399834,0.06646185162276728,1.0,0.0589428761113472,0.3433488545127615,0.08248733075537583,0.5739625283744199,0.04888687585728177,0.5181266606880636,0.0330436281752507,0.447865321128111,0.12851763410646855,0.3151140194208821,0.11712446332459732,0.49076290705288644,0.08905492198830392,0.44309236941717695,0.07786999411717557,0.3784832294135172
1,0.0,0.0,-0.11194448687864658,0.12627560618119887,-0.1465996123843811,0.31540513947243276,-0.10374554295785449,0.4669275398611082,-0.03573385423187929,0.5521310607711101,-0.13582337736111008,0.367912960444948,-0.16202354066171415,0.6470982500067751,-0.17206518034754595,0.7943896113805956,-0.1807310434811704,0.9087881493360255,-0.034076926908520926,0.36588707004711735,0.014490241252191333,0.6873633704905544,0.04086057874061109,0.8656181070180653,0.06521153605368783,1.0,0.057733258622221936,0.34695958226778906,0.08276612389074514,0.5752591560601769,0.04934339864196759,0.5184170409161427,0.033154897723647714,0.44725591851139374,0.12779506182970257,0.3176379943851602,0.11729498136032461,0.4904118805807179,0.08900049462550853,0.4430266963028144,0.07766468326934894,0.37873401002301743
1,0.0,0.0,-0.1111498446200687,0.12445392654128956,-0.14446712069701043,0.31341043928467255,-0.0976146165104033,0.4632994815850274,-0.030707507613142296,0.5479590695063364,-0.1332344700254592,0.3661744131258509,-0.1605538413258967,0.6473332581418045,-0.1711823496469336,0.7946745725188414,-0.17990250901281904,0.9083475998969405,-0.031660402128111005,0.3656669455981258,0.015006432188559874,0.6884557461963653,0.04062812132057808,0.8664911662251298,0.06554161467132293,1.0,0.05923079668336089,0.3482171400846793,0.0831338724937391,0.5742416710950863,0.04896579774271818,0.5179166906973371,0.03328188887545346,0.4480909658883942,0.12789431544512808,0.31921288624189276,0.11681842254697801,0.4911398729584408,0.08792620307826489,0.4446182014597898,0.07696987374599429,0.3809975847858525
1,0.0,0.0,-0.11284392722759305,0.1250726026844093,-0.14851161840302332,0.31489936121782447,-0.10496291152780338,0.46602437264145646,-0.037568644263089965,0.5529503939596996,-0.1351707897502164,0.36421043650874374,-0.16367218229475186,0.6446700900622447,-0.1738906021385039,0.7931067147881156,-0.18249271088783708,0.907251342068022,-0.03354585590101563,0.3615328282544599,0.012993944943710718,0.6850907711930765,0.03866516112558526,0.8652315042668973,0.06319963104325313,1.0,0.05758816083623719,0.34366095449644785,0.08075801908604265,0.5712292678157803,0.047361998730268993,0.5155110910183383,0.03162820381641912,0.44542023936645825,0.1268894535511328,0.31518461044731755,0.11642510302522065,0.48977490055747325,0.08908079915934214,0.4416661530460033,0.07841014011672902,0.37643243236678525
1,0.0,0.0,-0.11430144434407656,0.12551300236549726,-0.14970188015489913,0.31348944818129415,-0.10358762289999883,0.4639694862810694,-0.036838408738129574,0.5487888536062748,-0.1351844372043034,0.3667366685971804,-0.1640587580375226,0.6464676517381509,-0.17442027460107298,0.7939965311286634,-0.18235545776707413,0.9075010521476297,-0.032138740325424985,0.3655874403915427,0.012845205437783457,0.6883665084573601,0.03812247528077322,0.8671810600411961,0.06351097540176452,1.0,0.05919297060963121,0.34741967698424603,0.08163016068764828,0.575138928130561,0.046070673145969084,0.5200200123700176,0.02943773624138211,0.44962789310331414,0.12754541411183834,0.31843246120219804,0.11510941503013129,0.4921107466154594,0.08534146863011059,0.44610529829917556,0.07396813487102509,0.3822930174776817
1,0.0,0.0,-0.11265503572866603,0.1273833354156526,-0.14623054329777055,0.31662516649730804,-0.10155571938483952,0.4654382898884895,-0.03368244701657092,0.5497074820403745,-0.1350194472486008,0.3694037921605368,-0.16371809249067268,0.6474576999276079,-0.17431795472483286,0.7949029966944063,-0.18296643674433363,0.9091246121365231,-0.0335361804738552,0.3677358695477898,0.011274019401568667,0.6865621433145904,0.036789741315442936,0.8651366510679273,0.061623289384800196,1.0,0.05825008341881935,0.34872076522056905,0.08231826571140144,0.5754426793973516,0.04905828245264337,0.518931307362728,0.03348384518556188,0.44795210201811525,0.1284643767608329,0.3184880607476565,0.11797871436095436,0.4899735570661866,0.08978209461554588,0.4427267411239502,0.0786544930147516,0.37811504627437786
1,0.0,0.0,-0.11325606501846378,0.12667209048649206,-0.14854736291356088,0.31420934826681945,-0.10336678696641377,0.4618149907895467,-0.03573347856201451,0.547083174350365,-0.13488968586280578,0.3655891029324211,-0.16416996702537068,0.6452108639571391,-0.17513768639512212,0.7939665707470478,-0.1845788657823104,0.9081909112753263,-0.034155194033322726,0.3623853416350199,0.012222334933949452,0.6858189519028374,0.037086575681747676,0.8657473335056635,0.06115992911452411,1.0,0.05661551366742657,0.34392680255957964,0.0821510678230637,0.573196112664417,0.048003612710129706,0.5183790633979186,0.031359015876395176,0.4482861440017335,0.12625957568106483,0.3144616977689072,0.1185024460678811,0.48990985144080107,0.08994931993478367,0.44340698231193876,0.07797645137571829,0.37897166895053336
1,0.0,0.0,-0.1125975922554991,0.1251367229936828,-0.14820904678575314,0.3126275895616323,-0.10158045474617121,0.4608227403143328,-0.03561779837143024,0.5446487471782179,-0.13347290790879882,0.3650615514966216,-0.1619665726393604,0.6434354951054622,-0.1737195957251271,0.7904739521503695,-0.1839075025664236,0.9039812814393028,-0.031476176346399105,0.3645055591306793,0.014107494425160762,0.6865005098862346,0.03896070058361073,0.8654111802195407,0.06318012679979117,1.0,0.05912384454296363,0.34724230580803583,0.08095300203025574,0.5746249071741216,0.04647800133356604,0.5187815837384392,0.03102304483381364,0.44915686952282,0.12717377570851077,0.317681667409173,0.11510189908172144,0.4911423739967763,0.08564261109784023,0.44535796596514104,0.074737699159796,0.38153575181201627
1,0.0,0.0,-0.10994790538747591,0.1266079538797974,-0.14390129254191297,0.3139026151696412,-0.0973565800578406,0.45999715835207683,-0.030025991032266754,0.5436985701948599,-0.13256491507498755,0.36788214216140636,-0.16126480374311955,0.6444815945134592,-0.17177255607137112,0.7925894626226235,-0.18044630490217503,0.9063896817815092,-0.032805246579428626,0.3645842594308229,0.014088893424379873,0.6866910188289767,0.03945705942919134,0.8655633136454921,0.06400400278061519,1.0,0.057527281368541267,0.34600281279333767,0.08304153315440972,0.5739655196767501,0.050349589921199034,0.5176812515517838,0.035128720532537815,0.44858509424987786,0.12676317946411597,0.31582846991308955,0.11822358179523411,0.4896809732787654,0.09047513909307621,0.4420973446454387,0.07932986660343837,0.37805481872710944
1,0.0,0.0,-0.11391854218770432,0.12426055844510159,-0.15010337018687656,0.31457664640202615,-0.10744138891852514,0.46765478211769596,-0.04129703896264385,0.5554046861605708,-0.13653693707582654,0.3664329444643548,-0.1653548929501631,0.6467513260029081,-0.17564382895923566,0.7936989580597132,-0.18412485625361424,0.9066534236116544,-0.034547593863256953,0.36547219954175314,0.011258615980607612,0.6885167735477725,0.03654435013761111,0.8668134033911843,0.06078407780337728,1.0,0.05657718417081875,0.3480408277217314,0.0787432232764991,0.5752030887404073,0.04546152897314556,0.5186737600859097,0.03023862865474736,0.4478836390091818,0.12576596274887233,0.3198189456203078,0.11374635319385216,0.49263066695067,0.08594987028656292,0.4453132223050018,0.07553463206036398,0.38135356753409083
